{
  "type": "FeatureCollection",
  "features": [
    {
      "type": "Feature",
      "id": 1,
      "geometry": {
        "type": "Polygon",
        "coordinates": [
          [
            [
              -0.11158730956402557,
              51.510826340157564
            ],
            [
              -0.07940416800027625,
              51.50780374420865
            ],
            [
              -0.06299125390415955,
              51.500654440483984
            ],
            [
              -0.03592015159714158,
              51.5069755891332
            ],
            [
              -0.03241310025201621,
              51.49305012743067
            ],
            [
              -0.02485808284794426,
              51.48553112443592
            ],
            [
              -0.017115513925478006,
              51.480400496366286
            ],
            [
              -0.022705817319262824,
              51.47535109190155
            ],
            [
              0.001933031404771737,
              51.488502949727966
            ],
            [
              0.001359618262474751,
              51.50468160997532
            ],
            [
              0.02153361468005092,
              51.493948961475674
            ],
            [
              0.05800017464758674,
              51.49404297020536
            ],
            [
              0.07663997305284062,
              51.495899560633205
            ],
            [
              0.09207983387829884,
              51.50901536755086
            ],
            [
              0.12019343709569794,
              51.51144207396715
            ],
            [
              0.16465462449002724,
              51.504451619656095
            ],
            [
              0.18358017931837517,
              51.48105179751193
            ],
            [
              0.21758507558806434,
              51.48046742151231
            ],
            [
              0.20309058029769556,
              51.457934483073146
            ],
            [
              0.17282480190934393,
              51.44323838319026
            ],
            [
              0.16428912187363223,
              51.42858487789131
            ],
            [
              0.15583714826372014,
              51.430872015562386
            ],
            [
              0.1528960716152184,
              51.408704399555106
            ],
            [
              0.14887368588015107,
              51.40848147408994
            ],
            [
              0.16235491350522802,
              51.39248663967868
            ],
            [
              0.14770754114428714,
              51.39280105752495
            ],
            [
              0.15202799805897593,
              51.36969058476751
            ],
            [
              0.13691767495763038,
              51.34416616339198
            ],
            [
              0.11842166025245374,
              51.34414249931501
            ],
            [
              0.11786868952386907,
              51.32965569086597
            ],
            [
              0.08499481999520013,
              51.316018695561446
            ],
            [
              0.08566242157656487,
              51.29308349111302
            ],
            [
              0.04235585993629436,
              51.29266899499019
            ],
            [
              0.03287129414986397,
              51.30751966210212
            ],
            [
              0.014979170899736828,
              51.29178549396884
            ],
            [
              0.0022616642470448408,
              51.329135608254084
            ],
            [
              -0.037924313417178605,
              51.338700818750034
            ],
            [
              -0.051334444576042984,
              51.32244081863428
            ],
            [
              -0.07895938813913989,
              51.31976778777262
            ],
            [
              -0.0912000025995581,
              51.30146969602541
            ],
            [
              -0.12432139177326186,
              51.28675318848514
            ],
            [
              -0.13734929637522844,
              51.30077416952256
            ],
            [
              -0.15534696262557432,
              51.301274950743306
            ],
            [
              -0.156573214268155,
              51.32151000733182
            ],
            [
              -0.19735612568139851,
              51.34359251342574
            ],
            [
              -0.22097636520730257,
              51.3298621813568
            ],
            [
              -0.2298494295614504,
              51.33651631721944
            ],
            [
              -0.2172939155831848,
              51.34338510870711
            ],
            [
              -0.22276585309863084,
              51.357083130913175
            ],
            [
              -0.2454309357253886,
              51.36684008488052
            ],
            [
              -0.2450560746315461,
              51.38002659317704
            ],
            [
              -0.26118121401409256,
              51.379592590639014
            ],
            [
              -0.28546455587866937,
              51.36424950170216
            ],
            [
              -0.30622029524150696,
              51.33508284631894
            ],
            [
              -0.33068793424891607,
              51.329004474176486
            ],
            [
              -0.330542640075592,
              51.348417311731744
            ],
            [
              -0.3073958917287686,
              51.378380960338625
            ],
            [
              -0.3177274931727835,
              51.393664135186285
            ],
            [
              -0.3278418325081079,
              51.39183057042759
            ],
            [
              -0.3591624509131429,
              51.4118948457676
            ],
            [
              -0.3833813646733078,
              51.408535570443945
            ],
            [
              -0.3913665198755013,
              51.422322861234704
            ],
            [
              -0.4564927637920335,
              51.438107863408106
            ],
            [
              -0.4586712701737471,
              51.456309902917894
            ],
            [
              -0.509723598599537,
              51.46917239016779
            ],
            [
              -0.49004727178099405,
              51.49474621443847
            ],
            [
              -0.48319720274380834,
              51.50712096147037
            ],
            [
              -0.49551993931211097,
              51.53853630503801
            ],
            [
              -0.4766476514693813,
              51.55918142596654
            ],
            [
              -0.500618502924188,
              51.59968460045743
            ],
            [
              -0.496874699007051,
              51.63172913032524
            ],
            [
              -0.45716372299029684,
              51.61228580003052
            ],
            [
              -0.4406054030938063,
              51.620069919859304
            ],
            [
              -0.404083685055646,
              51.61317673642683
            ],
            [
              -0.36265016082243157,
              51.623495560605576
            ],
            [
              -0.31670088070861846,
              51.6405242410576
            ],
            [
              -0.3044857044353941,
              51.63634696653092
            ],
            [
              -0.2573684028175882,
              51.64182569455863
            ],
            [
              -0.2506207524253276,
              51.65604991257354
            ],
            [
              -0.21217328019309964,
              51.66134272638098
            ],
            [
              -0.2033821006825811,
              51.67011984100483
            ],
            [
              -0.19109204104613484,
              51.66388838621142
            ],
            [
              -0.18211206717459147,
              51.66859652926893
            ],
            [
              -0.16352104303757278,
              51.68810819303468
            ],
            [
              -0.1058121838981426,
              51.69186763123581
            ],
            [
              -0.011956655977970148,
              51.68087436240442
            ],
            [
              -0.012287699353798911,
              51.64622304684407
            ],
            [
              0.022681443876585102,
              51.64111151461568
            ],
            [
              0.021788078723321398,
              51.62882511459217
            ],
            [
              0.07279080228232022,
              51.6046806058238
            ],
            [
              0.1381435366805047,
              51.62353486177197
            ],
            [
              0.20027802763245794,
              51.624931433626976
            ],
            [
              0.22404553406290834,
              51.63173166442896
            ],
            [
              0.2521674637293901,
              51.61776008882873
            ],
            [
              0.26452518851619866,
              51.60831356342377
            ],
            [
              0.2539810438189065,
              51.60159204276297
            ],
            [
              0.2698372595659032,
              51.5995687455594
            ],
            [
              0.2902569666222623,
              51.564288235534924
            ],
            [
              0.31300239202430413,
              51.56581141224841
            ],
            [
              0.3339851733139017,
              51.540493984740614
            ],
            [
              0.26531334264313255,
              51.53214606552699
            ],
            [
              0.26365301243258493,
              51.51786126177127
            ],
            [
              0.2537945658396286,
              51.51788029268898
            ],
            [
              0.24893506159766213,
              51.528666254408925
            ],
            [
              0.23714515604216313,
              51.51933223216086
            ],
            [
              0.24189103593158623,
              51.50795539216133
            ],
            [
              0.22659157137370795,
              51.50658322263226
            ],
            [
              0.2299280716796729,
              51.49936139761609
            ],
            [
              0.21053970981127934,
              51.49024096537994
            ],
            [
              0.18762298822538742,
              51.48788301251414
            ],
            [
              0.1784849955756684,
              51.50529260957697
            ],
            [
              0.1586977578437545,
              51.51225934888402
            ],
            [
              0.1268407616689137,
              51.51955913001442
            ],
            [
              0.09810261046014385,
              51.51495091991764
            ],
            [
              0.0603555402779407,
              51.49835410564555
            ],
            [
              0.02021930275157917,
              51.49941221070629
            ],
            [
              0.009156993930395943,
              51.50832520007151
            ],
            [
              0.008095131280101203,
              51.50810058611296
            ],
            [
              -0.00581130132999645,
              51.50512751672213
            ],
            [
              -0.008594495277942088,
              51.486568946674566
            ],
            [
              -0.025401146124745765,
              51.49029739796649
            ],
            [
              -0.029885410935103465,
              51.50890669527156
            ],
            [
              -0.045529191747583665,
              51.509393285951504
            ],
            [
              -0.059728632720722555,
              51.50283966192762
            ],
            [
              -0.07940416800027625,
              51.50780374420865
            ],
            [
              -0.07848191918548603,
              51.5215023159205
            ],
            [
              -0.08521968280028296,
              51.52032657647621
            ],
            [
              -0.10535859970636009,
              51.51854039706508
            ],
            [
              -0.11161715406369929,
              51.515332083344575
            ],
            [
              -0.11158730956402557,
              51.510826340157564
            ]
          ]
        ]
      },
      "properties": {
        "name": "Metropolitan Police",
        "color": "hsl(216, 70%, 60%)"
      }
    },
    {
      "type": "Feature",
      "id": 2,
      "geometry": {
        "type": "MultiPolygon",
        "coordinates": [
          [
            [
              [
                -3.150751665379827,
                54.06480384886851
              ],
              [
                -3.1714453407912564,
                54.079623235849255
              ],
              [
                -3.1780527327968655,
                54.074911850528935
              ],
              [
                -3.173704722572278,
                54.08331330379692
              ],
              [
                -3.1917127169664328,
                54.103053925822444
              ],
              [
                -3.2147980781650864,
                54.09805037871621
              ],
              [
                -3.220196532155806,
                54.08972666024275
              ],
              [
                -3.242110473262079,
                54.109321297467204
              ],
              [
                -3.236975644016376,
                54.15467424822146
              ],
              [
                -3.2494264948664364,
                54.154716457796006
              ],
              [
                -3.2575775701511156,
                54.16647789443357
              ],
              [
                -3.217171470517385,
                54.17748099973351
              ],
              [
                -3.2230827504141812,
                54.18776632113935
              ],
              [
                -3.214851686849463,
                54.185629586143
              ],
              [
                -3.213092039041764,
                54.20717355635791
              ],
              [
                -3.202043355375606,
                54.21107722195333
              ],
              [
                -3.202359342508581,
                54.21139763531514
              ],
              [
                -3.202439906445362,
                54.21153165062527
              ],
              [
                -3.2027210625718285,
                54.2117086033666
              ],
              [
                -3.203225720054617,
                54.21218891409666
              ],
              [
                -3.2032909584320666,
                54.21232308189496
              ],
              [
                -3.1797104859613468,
                54.23880997451135
              ],
              [
                -3.197744311497139,
                54.22889818182081
              ],
              [
                -3.2103229906238986,
                54.25403754833415
              ],
              [
                -3.229118557518996,
                54.25995914383005
              ],
              [
                -3.22785012886405,
                54.277714186808446
              ],
              [
                -3.2337014832496966,
                54.26022690580547
              ],
              [
                -3.222958163189697,
                54.25151923133731
              ],
              [
                -3.2436792511006742,
                54.24641777012703
              ],
              [
                -3.228189736105713,
                54.249371850969425
              ],
              [
                -3.2257247622471112,
                54.23974390246217
              ],
              [
                -3.265872770313559,
                54.21338951548846
              ],
              [
                -3.2541244691973943,
                54.21029467228342
              ],
              [
                -3.2515008948630495,
                54.21582261413768
              ],
              [
                -3.239300734913242,
                54.20325766885815
              ],
              [
                -3.2542460549886583,
                54.191535395013275
              ],
              [
                -3.287692360118294,
                54.19706067292589
              ],
              [
                -3.297990186189294,
                54.18864515641784
              ],
              [
                -3.3217199948104548,
                54.19025661886077
              ],
              [
                -3.3937396615052604,
                54.25400669702648
              ],
              [
                -3.421165558564374,
                54.28465053424989
              ],
              [
                -3.4236483603589676,
                54.338351907482576
              ],
              [
                -3.4101395578102487,
                54.350374710996526
              ],
              [
                -3.41730729809395,
                54.348969501085485
              ],
              [
                -3.43529901868933,
                54.34339997294616
              ],
              [
                -3.503004174781591,
                54.410858014335275
              ],
              [
                -3.638944964374129,
                54.51201274346427
              ],
              [
                -3.613283756479473,
                54.52525571436792
              ],
              [
                -3.591121170828043,
                54.552162756706
              ],
              [
                -3.5725477353929365,
                54.600688613471135
              ],
              [
                -3.565887020953281,
                54.612279410429196
              ],
              [
                -3.579934665797158,
                54.65229942942931
              ],
              [
                -3.571727274589074,
                54.65089627235403
              ],
              [
                -3.5443374823524643,
                54.64717718399815
              ],
              [
                -3.571486681764245,
                54.65108813810093
              ],
              [
                -3.5192080384100017,
                54.692685138470104
              ],
              [
                -3.5107070815744166,
                54.71777703195332
              ],
              [
                -3.4939479824709676,
                54.71251130673814
              ],
              [
                -3.5077024227103624,
                54.717553802811885
              ],
              [
                -3.4368668432539917,
                54.75850736821233
              ],
              [
                -3.4377683577504548,
                54.801896981655
              ],
              [
                -3.3998653421140497,
                54.86740826613699
              ],
              [
                -3.3674760610698673,
                54.891072126193045
              ],
              [
                -3.3380480820780627,
                54.90027013836115
              ],
              [
                -3.2856350498686937,
                54.8782964573277
              ],
              [
                -3.287271471977586,
                54.89149015519094
              ],
              [
                -3.2750569995105057,
                54.8878354130999
              ],
              [
                -3.2624695735342573,
                54.895111593156
              ],
              [
                -3.2638242371391883,
                54.88907617977204
              ],
              [
                -3.249545214793229,
                54.90071831524983
              ],
              [
                -3.2524589600134513,
                54.91118515812556
              ],
              [
                -3.2717299842557734,
                54.89950853757013
              ],
              [
                -3.3085209272566427,
                54.91162788916513
              ],
              [
                -3.3142957603551086,
                54.920336958356685
              ],
              [
                -3.2851554558718674,
                54.94155244221143
              ],
              [
                -3.2652826386725193,
                54.94303707129089
              ],
              [
                -3.2688572536871647,
                54.93707738199967
              ],
              [
                -3.2320879679975105,
                54.95308394361287
              ],
              [
                -3.2044061706312106,
                54.95373877277354
              ],
              [
                -3.1534046482970757,
                54.931873999496645
              ],
              [
                -3.118801919932192,
                54.92616725886389
              ],
              [
                -3.1186812444375778,
                54.92575497461184
              ],
              [
                -3.118940715189729,
                54.925545888526635
              ],
              [
                -3.1189359760950737,
                54.925375182009546
              ],
              [
                -3.0840870078918146,
                54.92984292861112
              ],
              [
                -3.1189415484095044,
                54.93456867152699
              ],
              [
                -3.1251996462382046,
                54.94404593517627
              ],
              [
                -3.1138980161269365,
                54.94069907704119
              ],
              [
                -3.121950440390295,
                54.9445342940858
              ],
              [
                -3.114202546827828,
                54.9471937559295
              ],
              [
                -3.127077845239961,
                54.95091244567654
              ],
              [
                -3.095706226695032,
                54.94622054457442
              ],
              [
                -3.1038274180372425,
                54.94860047444137
              ],
              [
                -3.1172702704962476,
                54.9559097683684
              ],
              [
                -3.1056014287402514,
                54.95066030550504
              ],
              [
                -3.111617726243925,
                54.957624137027835
              ],
              [
                -3.0854285637965746,
                54.965158003353096
              ],
              [
                -3.0619358440484925,
                54.98465992507123
              ],
              [
                -3.049701193016464,
                54.98351697765808
              ],
              [
                -3.0483228384392294,
                54.983394065115604
              ],
              [
                -3.0534604710630746,
                54.992803676997795
              ],
              [
                -3.0258773382150426,
                55.03645382854998
              ],
              [
                -3.0534191022205737,
                55.047281094419596
              ],
              [
                -3.051057585394486,
                55.052729415589205
              ],
              [
                -2.9586035097904304,
                55.049286845079905
              ],
              [
                -2.936414203812317,
                55.05957834152611
              ],
              [
                -2.94042691887638,
                55.06912699814279
              ],
              [
                -2.896886304339117,
                55.07794766397329
              ],
              [
                -2.8862948191271935,
                55.09480281653999
              ],
              [
                -2.858551863931279,
                55.10834625965641
              ],
              [
                -2.8276053340228193,
                55.12483462200428
              ],
              [
                -2.8255155170893804,
                55.13831025263389
              ],
              [
                -2.7848762505049396,
                55.14176886051918
              ],
              [
                -2.7034123754618644,
                55.17320558033041
              ],
              [
                -2.6897901350526525,
                55.18898214847476
              ],
              [
                -2.6745533405295334,
                55.17588476314928
              ],
              [
                -2.67733180724508,
                55.15547983251967
              ],
              [
                -2.656941899031157,
                55.13612742840671
              ],
              [
                -2.5989043125922686,
                55.12457374567348
              ],
              [
                -2.5935345861638472,
                55.105091079416354
              ],
              [
                -2.568425653455558,
                55.09626060958139
              ],
              [
                -2.5621346298251684,
                55.08345754893531
              ],
              [
                -2.5025738911974162,
                55.090754052020756
              ],
              [
                -2.4860844224453347,
                55.08243690671833
              ],
              [
                -2.503987913388853,
                55.06242382092891
              ],
              [
                -2.48305107280301,
                55.040016249619015
              ],
              [
                -2.5728464792945864,
                55.016388272733764
              ],
              [
                -2.573311821713458,
                54.987629893328574
              ],
              [
                -2.6014323998121203,
                54.97133663281517
              ],
              [
                -2.5955673652075997,
                54.96347546227721
              ],
              [
                -2.568490995097827,
                54.958357022369206
              ],
              [
                -2.567650651953391,
                54.94084648815666
              ],
              [
                -2.5452802042323865,
                54.929167727967084
              ],
              [
                -2.566222941256503,
                54.919231841716076
              ],
              [
                -2.5764160972577015,
                54.89670881513749
              ],
              [
                -2.6054356972114854,
                54.8843730051237
              ],
              [
                -2.573354778025556,
                54.85354318854955
              ],
              [
                -2.582667364648496,
                54.845860303256245
              ],
              [
                -2.558313810506502,
                54.81671451400453
              ],
              [
                -2.5238775965217,
                54.806021249380464
              ],
              [
                -2.495413149110141,
                54.81030156232355
              ],
              [
                -2.4605990296245075,
                54.83416309540307
              ],
              [
                -2.4231214880787117,
                54.842629971784106
              ],
              [
                -2.4116301274569785,
                54.85642774616539
              ],
              [
                -2.3899932386635214,
                54.832145857542734
              ],
              [
                -2.348430148016623,
                54.80707417392862
              ],
              [
                -2.3273819225258277,
                54.80532649706184
              ],
              [
                -2.3120877852976838,
                54.791006362636715
              ],
              [
                -2.3257529931272387,
                54.72661767043293
              ],
              [
                -2.3557455208420874,
                54.697641320219645
              ],
              [
                -2.3517651324346533,
                54.68592533588034
              ],
              [
                -2.3272898041253507,
                54.67071655902647
              ],
              [
                -2.2928801811180635,
                54.66387589809097
              ],
              [
                -2.287979363505389,
                54.650470501880555
              ],
              [
                -2.324946431566578,
                54.63163961567495
              ],
              [
                -2.3045125007683906,
                54.596185995079765
              ],
              [
                -2.2094859682133157,
                54.55170536781934
              ],
              [
                -2.197535888192842,
                54.53269131750116
              ],
              [
                -2.1724079415677986,
                54.53243318874663
              ],
              [
                -2.159006846714806,
                54.472023586760635
              ],
              [
                -2.170213437430024,
                54.45818636738736
              ],
              [
                -2.1775089502372573,
                54.461617879127886
              ],
              [
                -2.1893133648040064,
                54.4489642614643
              ],
              [
                -2.249537484079332,
                54.45192842824275
              ],
              [
                -2.2928623427726262,
                54.43929428475515
              ],
              [
                -2.3081492266785157,
                54.419781325875334
              ],
              [
                -2.3055148231148928,
                54.39711362092807
              ],
              [
                -2.2917934694792033,
                54.39089254219079
              ],
              [
                -2.2974362475928274,
                54.37688583812061
              ],
              [
                -2.3170444849741836,
                54.37629670281586
              ],
              [
                -2.3446455097871968,
                54.3596217895176
              ],
              [
                -2.367711370615521,
                54.35605770823815
              ],
              [
                -2.309848466591766,
                54.32430665849153
              ],
              [
                -2.3245189089174243,
                54.30317506976679
              ],
              [
                -2.319106889440028,
                54.257138721218475
              ],
              [
                -2.3376587175589503,
                54.23758568047222
              ],
              [
                -2.3623290298093687,
                54.249736818081416
              ],
              [
                -2.373031055528499,
                54.24008771592181
              ],
              [
                -2.3967761943283454,
                54.23936479211417
              ],
              [
                -2.4056408705131154,
                54.224901561742435
              ],
              [
                -2.4608628792620584,
                54.22670720667117
              ],
              [
                -2.4595945101909837,
                54.23955503277912
              ],
              [
                -2.5760843264426114,
                54.19558214939371
              ],
              [
                -2.624962941313188,
                54.195554184049854
              ],
              [
                -2.6399766972858973,
                54.2020362526741
              ],
              [
                -2.679882986122927,
                54.16112190699547
              ],
              [
                -2.7365039681674914,
                54.16901258969948
              ],
              [
                -2.734397031883379,
                54.18409769010366
              ],
              [
                -2.7682346271872844,
                54.18595377488817
              ],
              [
                -2.7989872982292376,
                54.197734227062696
              ],
              [
                -2.8379208357480246,
                54.17421860005325
              ],
              [
                -2.863540349840466,
                54.182539992160265
              ],
              [
                -2.86415120436174,
                54.19199066111955
              ],
              [
                -2.842511040590986,
                54.20558050879736
              ],
              [
                -2.887246169306898,
                54.19905786106389
              ],
              [
                -2.9020423413660175,
                54.18937606813007
              ],
              [
                -2.896102447821451,
                54.18116967926634
              ],
              [
                -2.9107146592297015,
                54.179532161263815
              ],
              [
                -2.8994246703883055,
                54.176102799426324
              ],
              [
                -2.922281557175332,
                54.165027779612274
              ],
              [
                -2.9083386317115445,
                54.16480121309885
              ],
              [
                -2.9253680133751816,
                54.150282116274575
              ],
              [
                -2.999872299562706,
                54.15475557591354
              ],
              [
                -2.9894208343279054,
                54.17944157675183
              ],
              [
                -3.0064984614365486,
                54.17224463042864
              ],
              [
                -3.005038482999154,
                54.1802649708949
              ],
              [
                -3.0102884535276075,
                54.17689555297241
              ],
              [
                -3.0386674530244235,
                54.197245272895735
              ],
              [
                -3.0229684469377447,
                54.19155551123913
              ],
              [
                -3.034749919089983,
                54.196281339800606
              ],
              [
                -3.0327976027649615,
                54.21264690773535
              ],
              [
                -3.0635214023544486,
                54.1861531120387
              ],
              [
                -3.0608656926941014,
                54.162035106936415
              ],
              [
                -3.1057576779924903,
                54.11902828206147
              ],
              [
                -3.1491165381063992,
                54.09356340431025
              ],
              [
                -3.1724683476708577,
                54.081752440553906
              ],
              [
                -3.150751665379827,
                54.06480384886851
              ]
            ]
          ],
          [
            [
              [
                -3.1731715660987216,
                54.04706934691359
              ],
              [
                -3.20992156619247,
                54.04766693016355
              ],
              [
                -3.2685594451436453,
                54.10736459192145
              ],
              [
                -3.2763961117042926,
                54.14287483112327
              ],
              [
                -3.252296433394342,
                54.1503633678818
              ],
              [
                -3.2668906254853933,
                54.1419146433592
              ],
              [
                -3.2456139488318816,
                54.10985133654457
              ],
              [
                -3.2429468540924846,
                54.09893134452211
              ],
              [
                -3.2524702803958854,
                54.0957586324624
              ],
              [
                -3.2431642793968147,
                54.09750896869433
              ],
              [
                -3.247210283152457,
                54.09220002803647
              ],
              [
                -3.220964873519846,
                54.08048802754937
              ],
              [
                -3.2268312745568495,
                54.07156600009588
              ],
              [
                -3.2102782513366805,
                54.06519030626783
              ],
              [
                -3.2049036927154226,
                54.051609200802424
              ],
              [
                -3.1785963421692363,
                54.05525844525948
              ],
              [
                -3.1741069097347725,
                54.048282608197816
              ],
              [
                -3.1730359899589042,
                54.05526786899451
              ],
              [
                -3.1731715660987216,
                54.04706934691359
              ]
            ]
          ]
        ]
      },
      "properties": {
        "name": "Cumbria",
        "color": "hsl(98, 70%, 60%)"
      }
    },
    {
      "type": "Feature",
      "id": 3,
      "geometry": {
        "type": "Polygon",
        "coordinates": [
          [
            [
              -2.4608628792620584,
              54.22670720667117
            ],
            [
              -2.5339818462514705,
              54.1576780938715
            ],
            [
              -2.560503051374764,
              54.15303682044444
            ],
            [
              -2.564742364780262,
              54.12702494022235
            ],
            [
              -2.5240124111986186,
              54.094611120582364
            ],
            [
              -2.509527222400787,
              54.095410318274055
            ],
            [
              -2.46434850560159,
              54.0752631739344
            ],
            [
              -2.4695528671005773,
              54.04620386627612
            ],
            [
              -2.4258369544473526,
              54.03807999396713
            ],
            [
              -2.3740813881415486,
              54.04907327569341
            ],
            [
              -2.3573290270591887,
              54.01910546111639
            ],
            [
              -2.33956115733897,
              54.00942330908751
            ],
            [
              -2.352311525993555,
              54.0105280486247
            ],
            [
              -2.3523604555147313,
              53.99465562914692
            ],
            [
              -2.3399320469108074,
              53.989415640727444
            ],
            [
              -2.3191629377734397,
              53.993831635204536
            ],
            [
              -2.294331315905926,
              53.97441865069385
            ],
            [
              -2.2303530082220355,
              53.98151483916104
            ],
            [
              -2.221062832644984,
              53.977910248212794
            ],
            [
              -2.2320187707365977,
              53.97121171993903
            ],
            [
              -2.225744141920323,
              53.961085523520914
            ],
            [
              -2.1960182611532324,
              53.96955920438216
            ],
            [
              -2.184523868525505,
              53.952249080463055
            ],
            [
              -2.1822864099528156,
              53.93537350510756
            ],
            [
              -2.132222412380913,
              53.92649625260249
            ],
            [
              -2.1133553502373856,
              53.915613381337394
            ],
            [
              -2.103017952998388,
              53.890924224444234
            ],
            [
              -2.0814583283913293,
              53.87566149169003
            ],
            [
              -2.0899141252150684,
              53.86816857460697
            ],
            [
              -2.0461278943467605,
              53.85012780892059
            ],
            [
              -2.0469255219212785,
              53.82949129794038
            ],
            [
              -2.0612622016571933,
              53.82562002351736
            ],
            [
              -2.1122835407387393,
              53.805692794443814
            ],
            [
              -2.1283587549384246,
              53.79901658470326
            ],
            [
              -2.1248190060596883,
              53.7880370261465
            ],
            [
              -2.136374144110717,
              53.78008804619895
            ],
            [
              -2.1311860056984195,
              53.75152994056402
            ],
            [
              -2.173303037290215,
              53.722993266549025
            ],
            [
              -2.146337301310147,
              53.68221425011951
            ],
            [
              -2.161366478730353,
              53.64136167616341
            ],
            [
              -2.1854021733533213,
              53.63820794609936
            ],
            [
              -2.1824206592539883,
              53.648243361292316
            ],
            [
              -2.2052330016256434,
              53.654336367220544
            ],
            [
              -2.217730328039508,
              53.668965021216806
            ],
            [
              -2.245880643307918,
              53.66350862322981
            ],
            [
              -2.2698770416470277,
              53.64611869665244
            ],
            [
              -2.256771641259139,
              53.62037827072366
            ],
            [
              -2.271791357700469,
              53.614493744342
            ],
            [
              -2.2952809173466955,
              53.640378168599575
            ],
            [
              -2.29899132756889,
              53.6666864343232
            ],
            [
              -2.3167622672321477,
              53.65497405113474
            ],
            [
              -2.3712472998659457,
              53.66705944382534
            ],
            [
              -2.3627622858646395,
              53.65538279580427
            ],
            [
              -2.3703301061270516,
              53.63151381476111
            ],
            [
              -2.379140371119626,
              53.63085705221043
            ],
            [
              -2.4217137348042765,
              53.62382060700649
            ],
            [
              -2.4387267158920882,
              53.646032405993644
            ],
            [
              -2.4597126961827263,
              53.62002244027961
            ],
            [
              -2.479211079980129,
              53.61701576190132
            ],
            [
              -2.511334084798892,
              53.62697671180038
            ],
            [
              -2.56929179259327,
              53.59557936511023
            ],
            [
              -2.5959323817634803,
              53.61080181639995
            ],
            [
              -2.6259236731757363,
              53.59366960122146
            ],
            [
              -2.634603382657267,
              53.608266006890766
            ],
            [
              -2.6893266241055445,
              53.60428701755596
            ],
            [
              -2.693359825222824,
              53.589414791730476
            ],
            [
              -2.7192238143290415,
              53.576093969493904
            ],
            [
              -2.7048214642210793,
              53.559173448309814
            ],
            [
              -2.717927188991835,
              53.527195145119734
            ],
            [
              -2.7305301540407374,
              53.52058410360604
            ],
            [
              -2.768879115422358,
              53.51355721240223
            ],
            [
              -2.7824788560043787,
              53.531410245013575
            ],
            [
              -2.8167474636740013,
              53.51216110639373
            ],
            [
              -2.824969941001018,
              53.48519253974302
            ],
            [
              -2.8444344341006005,
              53.48411277207897
            ],
            [
              -2.8498439288978488,
              53.49312605649973
            ],
            [
              -2.865166966034506,
              53.49207230061853
            ],
            [
              -2.8880065316168935,
              53.50381483912963
            ],
            [
              -2.8817195906924438,
              53.52052642606588
            ],
            [
              -2.9230128345512045,
              53.52520347835402
            ],
            [
              -2.9479074628438506,
              53.54433442339079
            ],
            [
              -2.977628766454324,
              53.545910851280375
            ],
            [
              -2.962968009097108,
              53.52369283046636
            ],
            [
              -2.975837350063833,
              53.515273878829326
            ],
            [
              -3.046707642296242,
              53.54294412149088
            ],
            [
              -3.0404036238388956,
              53.565255302004395
            ],
            [
              -3.0226307083735096,
              53.56957934829131
            ],
            [
              -3.020720005339944,
              53.583662997985904
            ],
            [
              -3.0360027264862435,
              53.58719901818535
            ],
            [
              -3.0288315173023403,
              53.60230796910623
            ],
            [
              -2.9978965715064727,
              53.62665051068257
            ],
            [
              -2.981840472560522,
              53.62219012389366
            ],
            [
              -2.9672625394619154,
              53.63131539963161
            ],
            [
              -2.940149734972723,
              53.65859593857796
            ],
            [
              -2.9462564231447264,
              53.67923040237117
            ],
            [
              -2.9497758300203105,
              53.69097746793139
            ],
            [
              -2.9503183227491627,
              53.69153045084868
            ],
            [
              -2.9504735836316183,
              53.691700000052215
            ],
            [
              -2.953061691374063,
              53.694313059662065
            ],
            [
              -2.95327855879101,
              53.69452705742175
            ],
            [
              -2.9535422780658003,
              53.694803601184276
            ],
            [
              -2.954146660426465,
              53.69541000494887
            ],
            [
              -2.9552159324016447,
              53.696480100157686
            ],
            [
              -2.955448372334512,
              53.69671194676604
            ],
            [
              -2.9562384020336316,
              53.69748764011702
            ],
            [
              -2.9371006207777612,
              53.69507717938536
            ],
            [
              -2.951124730586377,
              53.69975749616473
            ],
            [
              -2.936691624924935,
              53.701893633651125
            ],
            [
              -2.954977592132886,
              53.7040143424842
            ],
            [
              -2.943799183949286,
              53.70812976552004
            ],
            [
              -2.931847910618662,
              53.6999988938365
            ],
            [
              -2.9261940557823354,
              53.70464482999702
            ],
            [
              -2.948163090731059,
              53.711528895177196
            ],
            [
              -2.938294462813805,
              53.72490947905866
            ],
            [
              -2.9142711516565907,
              53.710893497988046
            ],
            [
              -2.9293364882933153,
              53.72418831346472
            ],
            [
              -2.9151316766489654,
              53.72610431838712
            ],
            [
              -2.8600841897581297,
              53.73355897664028
            ],
            [
              -2.8314230991666203,
              53.71689912503072
            ],
            [
              -2.827667692104854,
              53.714713990996046
            ],
            [
              -2.827008474607995,
              53.71432305549391
            ],
            [
              -2.828319719492769,
              53.71550944880659
            ],
            [
              -2.8354647714891525,
              53.72433134565435
            ],
            [
              -2.821198675825839,
              53.73031733194712
            ],
            [
              -2.8361101407468357,
              53.72477626148104
            ],
            [
              -2.8428383052955204,
              53.73154229263058
            ],
            [
              -2.835972576491479,
              53.73693844868289
            ],
            [
              -2.8449888238692154,
              53.73371131515493
            ],
            [
              -2.8446738616723874,
              53.730100220262514
            ],
            [
              -2.8554012516630563,
              53.73511152841879
            ],
            [
              -2.810309594219075,
              53.74735241009289
            ],
            [
              -2.793834659406693,
              53.75181299716645
            ],
            [
              -2.855558467227212,
              53.73837317614198
            ],
            [
              -2.858719081046975,
              53.750619651131615
            ],
            [
              -2.8568736074172087,
              53.73818401269665
            ],
            [
              -2.899123285549221,
              53.73305669024205
            ],
            [
              -2.933821661042407,
              53.73166775828216
            ],
            [
              -2.9529799869831455,
              53.73291911783232
            ],
            [
              -2.9450027866043778,
              53.73613722842731
            ],
            [
              -2.9764112750014897,
              53.73403380382128
            ],
            [
              -3.0387525420061228,
              53.74717209998537
            ],
            [
              -3.0571102167579283,
              53.77651173484409
            ],
            [
              -3.047746887742259,
              53.87570865468608
            ],
            [
              -3.0497995778224487,
              53.919984883351404
            ],
            [
              -3.0084919165046657,
              53.92893162387235
            ],
            [
              -3.0094712840075863,
              53.90072739718964
            ],
            [
              -2.9995892925209975,
              53.92858361139948
            ],
            [
              -2.9250098192517036,
              53.94996170755252
            ],
            [
              -2.910694954624259,
              53.94615228694884
            ],
            [
              -2.9301041477765257,
              53.94470927608883
            ],
            [
              -2.9061709614806808,
              53.93847472780441
            ],
            [
              -2.8802882638031395,
              53.94347583239695
            ],
            [
              -2.8824958529478355,
              53.94629087190335
            ],
            [
              -2.864098800542737,
              53.95331845217201
            ],
            [
              -2.886789105869457,
              53.95833919490553
            ],
            [
              -2.861055677837313,
              53.95502106532286
            ],
            [
              -2.8693829698174333,
              53.95973373342457
            ],
            [
              -2.857252889147973,
              53.957591873703215
            ],
            [
              -2.8618936504603663,
              53.96461426450892
            ],
            [
              -2.836344788130273,
              53.954620413024664
            ],
            [
              -2.8539793996323417,
              53.965201073029654
            ],
            [
              -2.835887165360165,
              53.963737435578075
            ],
            [
              -2.8719659740664176,
              53.970302903853934
            ],
            [
              -2.879255977807207,
              53.9791299341758
            ],
            [
              -2.8560558312579727,
              53.999565340314035
            ],
            [
              -2.8229802133892123,
              53.9948440159446
            ],
            [
              -2.8327698156910244,
              53.998497591407165
            ],
            [
              -2.835203120350413,
              54.011072807371924
            ],
            [
              -2.853325910463539,
              54.0055707305054
            ],
            [
              -2.8449541984512257,
              54.014842507441884
            ],
            [
              -2.8605074584122225,
              54.00385675988748
            ],
            [
              -2.870996018454032,
              54.01441396544912
            ],
            [
              -2.8647425838175877,
              54.005021763639824
            ],
            [
              -2.877936234824968,
              54.00627431454591
            ],
            [
              -2.8810293810568797,
              53.98946213371018
            ],
            [
              -2.8873311724520145,
              54.00178324180119
            ],
            [
              -2.8860808223216834,
              53.99104283376041
            ],
            [
              -2.9001484044158916,
              53.99197190930339
            ],
            [
              -2.9040366532011292,
              54.022178304170474
            ],
            [
              -2.924447183589861,
              54.03124474678096
            ],
            [
              -2.906288277552688,
              54.03938226685602
            ],
            [
              -2.8800572321109073,
              54.075654510880646
            ],
            [
              -2.8466419505842513,
              54.07762898317783
            ],
            [
              -2.8195040096435036,
              54.08882698378335
            ],
            [
              -2.8142874168327943,
              54.09490220097697
            ],
            [
              -2.8215093404647864,
              54.08895711282681
            ],
            [
              -2.8266143773866603,
              54.10042652994734
            ],
            [
              -2.7803116106025794,
              54.135590128477965
            ],
            [
              -2.798413081770644,
              54.12738247868068
            ],
            [
              -2.8020724476175682,
              54.143329332302145
            ],
            [
              -2.8098179136391397,
              54.13232144514691
            ],
            [
              -2.8245617562614984,
              54.140319303575104
            ],
            [
              -2.827828511034713,
              54.14754099249913
            ],
            [
              -2.8105974254144543,
              54.154992205444884
            ],
            [
              -2.8283411829793534,
              54.153280618338485
            ],
            [
              -2.8379208357480246,
              54.17421860005325
            ],
            [
              -2.7989872982292376,
              54.197734227062696
            ],
            [
              -2.7682346271872844,
              54.18595377488817
            ],
            [
              -2.734397031883379,
              54.18409769010366
            ],
            [
              -2.7365039681674914,
              54.16901258969948
            ],
            [
              -2.679882986122927,
              54.16112190699547
            ],
            [
              -2.6399766972858973,
              54.2020362526741
            ],
            [
              -2.624962941313188,
              54.195554184049854
            ],
            [
              -2.5760843264426114,
              54.19558214939371
            ],
            [
              -2.4595945101909837,
              54.23955503277912
            ],
            [
              -2.4608628792620584,
              54.22670720667117
            ]
          ]
        ]
      },
      "properties": {
        "name": "Lancashire",
        "color": "hsl(213, 70%, 60%)"
      }
    },
    {
      "type": "Feature",
      "id": 4,
      "geometry": {
        "type": "MultiPolygon",
        "coordinates": [
          [
            [
              [
                -2.9504735836316183,
                53.691700000052215
              ],
              [
                -2.9623033991414784,
                53.69378974239343
              ],
              [
                -2.954146660426465,
                53.69541000494887
              ],
              [
                -2.9535422780658003,
                53.694803601184276
              ],
              [
                -2.95327855879101,
                53.69452705742175
              ],
              [
                -2.953061691374063,
                53.694313059662065
              ],
              [
                -2.9504735836316183,
                53.691700000052215
              ]
            ]
          ],
          [
            [
              [
                -2.854428259629686,
                53.32738429750963
              ],
              [
                -2.8781711133891132,
                53.33418732964217
              ],
              [
                -2.974651913964979,
                53.3787607086614
              ],
              [
                -3.001850753972947,
                53.41031150418748
              ],
              [
                -3.0087580384399817,
                53.438361711626655
              ],
              [
                -3.041379280702574,
                53.46540803534583
              ],
              [
                -3.063741196789119,
                53.50545424090685
              ],
              [
                -3.0627705599486736,
                53.52993047102312
              ],
              [
                -3.068325998420919,
                53.51988538666745
              ],
              [
                -3.085751895266843,
                53.52539136122568
              ],
              [
                -3.101910865031681,
                53.53712676996908
              ],
              [
                -3.104247812448671,
                53.55444465437377
              ],
              [
                -3.058727340488169,
                53.62118409864333
              ],
              [
                -3.0056661052150737,
                53.66467914664685
              ],
              [
                -3.014079966900459,
                53.679133702300234
              ],
              [
                -2.982881315519253,
                53.68256677413165
              ],
              [
                -2.98721645705,
                53.689245542435565
              ],
              [
                -2.9776552537807564,
                53.68572856574107
              ],
              [
                -2.967271385879703,
                53.698432729086385
              ],
              [
                -2.9715671118971847,
                53.6922588207772
              ],
              [
                -2.9599858564561154,
                53.69177694092132
              ],
              [
                -2.960743302489075,
                53.68580250615873
              ],
              [
                -2.9537273630532663,
                53.69160222723368
              ],
              [
                -2.9575059320371526,
                53.683266709762904
              ],
              [
                -2.9462564231447264,
                53.67923040237117
              ],
              [
                -2.940149734972723,
                53.65859593857796
              ],
              [
                -2.9672625394619154,
                53.63131539963161
              ],
              [
                -2.981840472560522,
                53.62219012389366
              ],
              [
                -2.9978965715064727,
                53.62665051068257
              ],
              [
                -3.0288315173023403,
                53.60230796910623
              ],
              [
                -3.0360027264862435,
                53.58719901818535
              ],
              [
                -3.020720005339944,
                53.583662997985904
              ],
              [
                -3.0226307083735096,
                53.56957934829131
              ],
              [
                -3.0404036238388956,
                53.565255302004395
              ],
              [
                -3.046707642296242,
                53.54294412149088
              ],
              [
                -2.975837350063833,
                53.515273878829326
              ],
              [
                -2.962968009097108,
                53.52369283046636
              ],
              [
                -2.977628766454324,
                53.545910851280375
              ],
              [
                -2.9479074628438506,
                53.54433442339079
              ],
              [
                -2.9230128345512045,
                53.52520347835402
              ],
              [
                -2.8817195906924438,
                53.52052642606588
              ],
              [
                -2.8880065316168935,
                53.50381483912963
              ],
              [
                -2.865166966034506,
                53.49207230061853
              ],
              [
                -2.8498439288978488,
                53.49312605649973
              ],
              [
                -2.8444344341006005,
                53.48411277207897
              ],
              [
                -2.824969941001018,
                53.48519253974302
              ],
              [
                -2.8167474636740013,
                53.51216110639373
              ],
              [
                -2.7824788560043787,
                53.531410245013575
              ],
              [
                -2.768879115422358,
                53.51355721240223
              ],
              [
                -2.7305301540407374,
                53.52058410360604
              ],
              [
                -2.698897524222644,
                53.50201403974979
              ],
              [
                -2.6662974745509365,
                53.49974632949666
              ],
              [
                -2.6455438446631936,
                53.480238136254656
              ],
              [
                -2.612150005401835,
                53.48112396444165
              ],
              [
                -2.615361980745229,
                53.46358869076472
              ],
              [
                -2.5767448874524024,
                53.44603783757166
              ],
              [
                -2.5853013053663263,
                53.43979406657638
              ],
              [
                -2.5986979821390706,
                53.450397174755665
              ],
              [
                -2.596240458097034,
                53.44265228056684
              ],
              [
                -2.627478417549117,
                53.434393493508225
              ],
              [
                -2.639143108041126,
                53.444371975625344
              ],
              [
                -2.6771719931351323,
                53.45277358699545
              ],
              [
                -2.6820844108577893,
                53.43888510852083
              ],
              [
                -2.6685223942056675,
                53.440894347659665
              ],
              [
                -2.6752762300959336,
                53.43294631771978
              ],
              [
                -2.663560022887782,
                53.4286974150919
              ],
              [
                -2.6763323553345475,
                53.38760122939044
              ],
              [
                -2.690640295614526,
                53.385370997929286
              ],
              [
                -2.712814091860781,
                53.390606954887026
              ],
              [
                -2.715240690051861,
                53.39901491563747
              ],
              [
                -2.745178204375501,
                53.40207676876447
              ],
              [
                -2.757658680657065,
                53.38072174491051
              ],
              [
                -2.776681658758062,
                53.381039942000655
              ],
              [
                -2.787304483044947,
                53.35627798812133
              ],
              [
                -2.8188177229666738,
                53.34798491687723
              ],
              [
                -2.8187951108919793,
                53.339751235458884
              ],
              [
                -2.832459207015824,
                53.33727462336851
              ],
              [
                -2.826673416108531,
                53.331642839069275
              ],
              [
                -2.854428259629686,
                53.32738429750963
              ]
            ]
          ],
          [
            [
              [
                -3.1274428687883375,
                53.29433759896702
              ],
              [
                -3.137987712910019,
                53.29762637974809
              ],
              [
                -3.134421463978374,
                53.307997942243716
              ],
              [
                -3.133045970904583,
                53.29969600333702
              ],
              [
                -3.1239365665587053,
                53.30022266766005
              ],
              [
                -3.1267406209727238,
                53.300717583642395
              ],
              [
                -3.1307547115411944,
                53.30725070007386
              ],
              [
                -3.1281474313514783,
                53.304560652043264
              ],
              [
                -3.128730223737334,
                53.30617319371959
              ],
              [
                -3.107139125114097,
                53.30171916847908
              ],
              [
                -3.1268280475856653,
                53.30631702831347
              ],
              [
                -3.1126427564087167,
                53.30908402875842
              ],
              [
                -3.1264640972398894,
                53.313583730669485
              ],
              [
                -3.1190724133145924,
                53.316197242615615
              ],
              [
                -3.1293214335447797,
                53.31435675024263
              ],
              [
                -3.122691737085115,
                53.31740373952268
              ],
              [
                -3.1356481303494133,
                53.3157619220599
              ],
              [
                -3.1364191015636145,
                53.32839336650268
              ],
              [
                -3.1060496189602587,
                53.31355903054929
              ],
              [
                -3.2040771845704676,
                53.38322896842539
              ],
              [
                -3.177634409339081,
                53.39969115500287
              ],
              [
                -3.0411901996432813,
                53.442910453772704
              ],
              [
                -3.002547383862144,
                53.374682391658816
              ],
              [
                -2.9286494961785965,
                53.3081864269121
              ],
              [
                -2.9680385365537703,
                53.30123932675397
              ],
              [
                -2.992738651957476,
                53.307094937850046
              ],
              [
                -3.0261464985894473,
                53.29773319879774
              ],
              [
                -3.074178587867141,
                53.31636725324716
              ],
              [
                -3.109299976978195,
                53.29708763614683
              ],
              [
                -3.112626784655891,
                53.295195882191386
              ],
              [
                -3.1239172990974504,
                53.296060847893784
              ],
              [
                -3.1161639825385214,
                53.30080804551218
              ],
              [
                -3.1274428687883375,
                53.29433759896702
              ]
            ]
          ]
        ]
      },
      "properties": {
        "name": "Merseyside",
        "color": "hsl(53, 70%, 60%)"
      }
    },
    {
      "type": "Feature",
      "id": 5,
      "geometry": {
        "type": "Polygon",
        "coordinates": [
          [
            [
              -2.1341303679190107,
              53.68571594477163
            ],
            [
              -2.1181004430082258,
              53.671225971985905
            ],
            [
              -2.092911448998707,
              53.67014263422458
            ],
            [
              -2.0512439963300486,
              53.683676907806685
            ],
            [
              -2.0268293784619322,
              53.62414722377686
            ],
            [
              -2.0230449627044207,
              53.6158249191817
            ],
            [
              -2.0094858126792112,
              53.616761545633025
            ],
            [
              -1.9427292039764936,
              53.56162319093714
            ],
            [
              -1.9128877626444298,
              53.55162816160352
            ],
            [
              -1.9096255351495712,
              53.53837692964067
            ],
            [
              -1.926796336986349,
              53.52093326288973
            ],
            [
              -1.9219900498759712,
              53.50993743280469
            ],
            [
              -1.9513396563735677,
              53.50418241365004
            ],
            [
              -1.96339612414423,
              53.509813441226335
            ],
            [
              -1.9878315079114042,
              53.48109144604263
            ],
            [
              -1.985805747562873,
              53.455213466521876
            ],
            [
              -2.008241303881618,
              53.44153354048355
            ],
            [
              -2.004221182217237,
              53.43590695287453
            ],
            [
              -2.0142323528193784,
              53.43974426289693
            ],
            [
              -2.026269214830365,
              53.42984587231324
            ],
            [
              -2.013712691836626,
              53.41587082947092
            ],
            [
              -1.9923333660533293,
              53.41517926629274
            ],
            [
              -2.004651981883778,
              53.38630817433703
            ],
            [
              -2.033781072127867,
              53.375526154222
            ],
            [
              -2.0310715899373672,
              53.37024159611984
            ],
            [
              -2.040573748680257,
              53.374067882400645
            ],
            [
              -2.068083119498944,
              53.35737248616966
            ],
            [
              -2.095192159599062,
              53.36606389958447
            ],
            [
              -2.123207071542226,
              53.36193045717042
            ],
            [
              -2.1390323019429553,
              53.36729724635761
            ],
            [
              -2.1511972840310527,
              53.34811869238351
            ],
            [
              -2.1441043616349433,
              53.34285113552913
            ],
            [
              -2.160657546849021,
              53.32729757651149
            ],
            [
              -2.194175743552902,
              53.33863636809379
            ],
            [
              -2.180982585358932,
              53.34402334263701
            ],
            [
              -2.185450973111551,
              53.352645582544284
            ],
            [
              -2.2408050663021926,
              53.35955784886725
            ],
            [
              -2.2564532764188256,
              53.3606578137821
            ],
            [
              -2.3013709732769856,
              53.34010361129639
            ],
            [
              -2.296939198283689,
              53.34856407847849
            ],
            [
              -2.3140088301548816,
              53.357410169613324
            ],
            [
              -2.3398856987367957,
              53.36736162759785
            ],
            [
              -2.3757855479084036,
              53.36533041686994
            ],
            [
              -2.426604686924543,
              53.387442483284524
            ],
            [
              -2.47845498728641,
              53.396198636704355
            ],
            [
              -2.449382300728865,
              53.415870859027585
            ],
            [
              -2.489718209758542,
              53.4602687145177
            ],
            [
              -2.496345110512368,
              53.48091502651645
            ],
            [
              -2.5526514406495004,
              53.467796263057934
            ],
            [
              -2.5490899556461692,
              53.46146674675287
            ],
            [
              -2.5703919613480837,
              53.45845464135151
            ],
            [
              -2.5767448874524024,
              53.44603783757166
            ],
            [
              -2.615361980745229,
              53.46358869076472
            ],
            [
              -2.612150005401835,
              53.48112396444165
            ],
            [
              -2.6455438446631936,
              53.480238136254656
            ],
            [
              -2.6662974745509365,
              53.49974632949666
            ],
            [
              -2.698897524222644,
              53.50201403974979
            ],
            [
              -2.7305301540407374,
              53.52058410360604
            ],
            [
              -2.717927188991835,
              53.527195145119734
            ],
            [
              -2.7048214642210793,
              53.559173448309814
            ],
            [
              -2.7192238143290415,
              53.576093969493904
            ],
            [
              -2.693359825222824,
              53.589414791730476
            ],
            [
              -2.6893266241055445,
              53.60428701755596
            ],
            [
              -2.634603382657267,
              53.608266006890766
            ],
            [
              -2.6259236731757363,
              53.59366960122146
            ],
            [
              -2.5959323817634803,
              53.61080181639995
            ],
            [
              -2.56929179259327,
              53.59557936511023
            ],
            [
              -2.511334084798892,
              53.62697671180038
            ],
            [
              -2.479211079980129,
              53.61701576190132
            ],
            [
              -2.4597126961827263,
              53.62002244027961
            ],
            [
              -2.4387267158920882,
              53.646032405993644
            ],
            [
              -2.4217137348042765,
              53.62382060700649
            ],
            [
              -2.379140371119626,
              53.63085705221043
            ],
            [
              -2.3703301061270516,
              53.63151381476111
            ],
            [
              -2.3627622858646395,
              53.65538279580427
            ],
            [
              -2.3712472998659457,
              53.66705944382534
            ],
            [
              -2.3167622672321477,
              53.65497405113474
            ],
            [
              -2.29899132756889,
              53.6666864343232
            ],
            [
              -2.2952809173466955,
              53.640378168599575
            ],
            [
              -2.271791357700469,
              53.614493744342
            ],
            [
              -2.256771641259139,
              53.62037827072366
            ],
            [
              -2.2698770416470277,
              53.64611869665244
            ],
            [
              -2.245880643307918,
              53.66350862322981
            ],
            [
              -2.217730328039508,
              53.668965021216806
            ],
            [
              -2.2052330016256434,
              53.654336367220544
            ],
            [
              -2.1824206592539883,
              53.648243361292316
            ],
            [
              -2.1854021733533213,
              53.63820794609936
            ],
            [
              -2.161366478730353,
              53.64136167616341
            ],
            [
              -2.146337301310147,
              53.68221425011951
            ],
            [
              -2.1422654713351044,
              53.67798574353409
            ],
            [
              -2.1341303679190107,
              53.68571594477163
            ]
          ]
        ]
      },
      "properties": {
        "name": "Greater Manchester",
        "color": "hsl(289, 70%, 60%)"
      }
    },
    {
      "type": "Feature",
      "id": 6,
      "geometry": {
        "type": "Polygon",
        "coordinates": [
          [
            [
              -2.489718209758542,
              53.4602687145177
            ],
            [
              -2.449382300728865,
              53.415870859027585
            ],
            [
              -2.47845498728641,
              53.396198636704355
            ],
            [
              -2.426604686924543,
              53.387442483284524
            ],
            [
              -2.3757855479084036,
              53.36533041686994
            ],
            [
              -2.3398856987367957,
              53.36736162759785
            ],
            [
              -2.3140088301548816,
              53.357410169613324
            ],
            [
              -2.296939198283689,
              53.34856407847849
            ],
            [
              -2.3013709732769856,
              53.34010361129639
            ],
            [
              -2.2564532764188256,
              53.3606578137821
            ],
            [
              -2.2408050663021926,
              53.35955784886725
            ],
            [
              -2.185450973111551,
              53.352645582544284
            ],
            [
              -2.180982585358932,
              53.34402334263701
            ],
            [
              -2.194175743552902,
              53.33863636809379
            ],
            [
              -2.160657546849021,
              53.32729757651149
            ],
            [
              -2.1441043616349433,
              53.34285113552913
            ],
            [
              -2.1511972840310527,
              53.34811869238351
            ],
            [
              -2.1390323019429553,
              53.36729724635761
            ],
            [
              -2.123207071542226,
              53.36193045717042
            ],
            [
              -2.095192159599062,
              53.36606389958447
            ],
            [
              -2.068083119498944,
              53.35737248616966
            ],
            [
              -2.040573748680257,
              53.374067882400645
            ],
            [
              -2.0310715899373672,
              53.37024159611984
            ],
            [
              -2.0067967242287224,
              53.35455134147219
            ],
            [
              -2.009494587978439,
              53.260637252422185
            ],
            [
              -1.9748679682226076,
              53.23104390383145
            ],
            [
              -1.9902696802005948,
              53.222983176182765
            ],
            [
              -1.9874266245533168,
              53.213562615626245
            ],
            [
              -2.000214525823586,
              53.1937158803441
            ],
            [
              -2.0465376485340276,
              53.19262810036829
            ],
            [
              -2.0702410644578984,
              53.171663370463804
            ],
            [
              -2.1120906704338926,
              53.168638011983425
            ],
            [
              -2.1404421907391926,
              53.18379020225373
            ],
            [
              -2.141415158664003,
              53.156633544795
            ],
            [
              -2.1556477114776684,
              53.15960011387926
            ],
            [
              -2.211321594419288,
              53.11580993854471
            ],
            [
              -2.2474178227656765,
              53.08983398959636
            ],
            [
              -2.253250380428363,
              53.093956681729075
            ],
            [
              -2.29338798397036,
              53.078313410978964
            ],
            [
              -2.318055580279875,
              53.0813422739443
            ],
            [
              -2.3475901957707137,
              53.05615309319874
            ],
            [
              -2.3812621493437973,
              53.05253519130564
            ],
            [
              -2.384234849280556,
              53.02615143110071
            ],
            [
              -2.3704783280176493,
              53.014554086228344
            ],
            [
              -2.383058090592543,
              53.0077723262552
            ],
            [
              -2.3807996474106097,
              52.99839484107714
            ],
            [
              -2.4367751793930648,
              52.98623769606155
            ],
            [
              -2.434626036698118,
              52.96950755441869
            ],
            [
              -2.4811575605100473,
              52.95880182435021
            ],
            [
              -2.521432487352228,
              52.97424639371903
            ],
            [
              -2.52952990433803,
              52.94715271761257
            ],
            [
              -2.5612663358212733,
              52.964940815937155
            ],
            [
              -2.5864174053224196,
              52.95536258841514
            ],
            [
              -2.5977014835584673,
              52.96299227772803
            ],
            [
              -2.594892339279555,
              52.97959170422033
            ],
            [
              -2.632658718101401,
              52.996656230548844
            ],
            [
              -2.6746675621098426,
              52.985647049133235
            ],
            [
              -2.6992991665689723,
              52.99541998012109
            ],
            [
              -2.7268520474760973,
              52.98326290108233
            ],
            [
              -2.759944329628756,
              52.9864090138168
            ],
            [
              -2.7682868496363513,
              52.99484138749533
            ],
            [
              -2.8033209382577007,
              52.989575765186494
            ],
            [
              -2.8360024921628706,
              52.9971352992448
            ],
            [
              -2.8440762581589265,
              53.01765504145937
            ],
            [
              -2.8610541003522143,
              53.02283707939141
            ],
            [
              -2.8557186628069293,
              53.03724064187955
            ],
            [
              -2.8701244287907097,
              53.04534344271804
            ],
            [
              -2.859248322137187,
              53.05424107068179
            ],
            [
              -2.8725552022468963,
              53.058602941964125
            ],
            [
              -2.861479718689916,
              53.06064333483482
            ],
            [
              -2.8816509266903942,
              53.0743751334798
            ],
            [
              -2.8757354164391993,
              53.0815024142696
            ],
            [
              -2.902081173024338,
              53.09202091035819
            ],
            [
              -2.8811078331519737,
              53.1215910160275
            ],
            [
              -2.910236370191309,
              53.11262527286583
            ],
            [
              -2.963827509387497,
              53.13274403898664
            ],
            [
              -2.9795095562711214,
              53.15060367747671
            ],
            [
              -2.9950985774514787,
              53.15417802664481
            ],
            [
              -2.9440477733908472,
              53.16522796429885
            ],
            [
              -2.9204628550380742,
              53.18218646763311
            ],
            [
              -2.9203591376985236,
              53.18293337364342
            ],
            [
              -2.949522025908014,
              53.211263214532664
            ],
            [
              -3.025472545423288,
              53.24829862594158
            ],
            [
              -3.0823199001619623,
              53.255454852808285
            ],
            [
              -3.0826525503556597,
              53.255568692195936
            ],
            [
              -3.0856022039284983,
              53.256620575327425
            ],
            [
              -3.08596552841892,
              53.25676109387603
            ],
            [
              -3.091431701048481,
              53.25949783699523
            ],
            [
              -3.0916295169649257,
              53.25961288582511
            ],
            [
              -3.092588178366683,
              53.26017042539693
            ],
            [
              -3.094462906238834,
              53.26137576492881
            ],
            [
              -3.0955011814347517,
              53.26211233495756
            ],
            [
              -3.101733924701607,
              53.267205730113915
            ],
            [
              -3.107254465702554,
              53.2719548374544
            ],
            [
              -3.0888138857079026,
              53.267980634184795
            ],
            [
              -3.085562997347545,
              53.272235207540966
            ],
            [
              -3.110063786708081,
              53.27678289745712
            ],
            [
              -3.077559692301814,
              53.27956208772833
            ],
            [
              -3.1081089249421754,
              53.27832025886788
            ],
            [
              -3.1029148730417067,
              53.28046290162078
            ],
            [
              -3.0986410785697913,
              53.27990906737325
            ],
            [
              -3.08921458338558,
              53.28609921080411
            ],
            [
              -3.1022767972871184,
              53.280729488847385
            ],
            [
              -3.107451474498095,
              53.28189508552456
            ],
            [
              -3.0969927731129308,
              53.28933593542318
            ],
            [
              -3.109628749764161,
              53.282567014094276
            ],
            [
              -3.1202701089914555,
              53.2885622061851
            ],
            [
              -3.105212746502646,
              53.29162419673224
            ],
            [
              -3.1230194945303116,
              53.2892914404118
            ],
            [
              -3.1183632141444084,
              53.29194206935563
            ],
            [
              -3.1170770698655828,
              53.292673260205895
            ],
            [
              -3.116574130425015,
              53.2929476463345
            ],
            [
              -3.1163228926586726,
              53.29309382562199
            ],
            [
              -3.1141055053489155,
              53.29436406018573
            ],
            [
              -3.096330479305869,
              53.29393550171186
            ],
            [
              -3.109299976978195,
              53.29708763614683
            ],
            [
              -3.074178587867141,
              53.31636725324716
            ],
            [
              -3.0261464985894473,
              53.29773319879774
            ],
            [
              -2.992738651957476,
              53.307094937850046
            ],
            [
              -2.9680385365537703,
              53.30123932675397
            ],
            [
              -2.9286494961785965,
              53.3081864269121
            ],
            [
              -2.8894829478268145,
              53.28962596677397
            ],
            [
              -2.9005440459453946,
              53.29699486331411
            ],
            [
              -2.8555821787471225,
              53.29200439387113
            ],
            [
              -2.8572951361352965,
              53.286895323620676
            ],
            [
              -2.839616570439181,
              53.29872477175273
            ],
            [
              -2.8463958701056353,
              53.30692874147895
            ],
            [
              -2.815960896171358,
              53.30615203822132
            ],
            [
              -2.7888096932900743,
              53.29539513318035
            ],
            [
              -2.7524365854574278,
              53.314740603101434
            ],
            [
              -2.7633994556995067,
              53.32765991529054
            ],
            [
              -2.7543485697548977,
              53.34314239958154
            ],
            [
              -2.7190044218529086,
              53.344816796712884
            ],
            [
              -2.6993565278047655,
              53.35669094812682
            ],
            [
              -2.675191072867852,
              53.354439092118554
            ],
            [
              -2.6933845575548707,
              53.36180447117102
            ],
            [
              -2.734316047434139,
              53.3477617851746
            ],
            [
              -2.764493828892806,
              53.35526672994466
            ],
            [
              -2.7591344441556656,
              53.349593019078824
            ],
            [
              -2.778233941274979,
              53.332606844008104
            ],
            [
              -2.784295369020371,
              53.336414400871675
            ],
            [
              -2.777692638858575,
              53.32926650345952
            ],
            [
              -2.7886345223417566,
              53.32252490499362
            ],
            [
              -2.826673416108531,
              53.331642839069275
            ],
            [
              -2.832459207015824,
              53.33727462336851
            ],
            [
              -2.8187951108919793,
              53.339751235458884
            ],
            [
              -2.8188177229666738,
              53.34798491687723
            ],
            [
              -2.787304483044947,
              53.35627798812133
            ],
            [
              -2.776681658758062,
              53.381039942000655
            ],
            [
              -2.757658680657065,
              53.38072174491051
            ],
            [
              -2.745178204375501,
              53.40207676876447
            ],
            [
              -2.715240690051861,
              53.39901491563747
            ],
            [
              -2.712814091860781,
              53.390606954887026
            ],
            [
              -2.690640295614526,
              53.385370997929286
            ],
            [
              -2.6763323553345475,
              53.38760122939044
            ],
            [
              -2.663560022887782,
              53.4286974150919
            ],
            [
              -2.6752762300959336,
              53.43294631771978
            ],
            [
              -2.6685223942056675,
              53.440894347659665
            ],
            [
              -2.6820844108577893,
              53.43888510852083
            ],
            [
              -2.6771719931351323,
              53.45277358699545
            ],
            [
              -2.639143108041126,
              53.444371975625344
            ],
            [
              -2.627478417549117,
              53.434393493508225
            ],
            [
              -2.596240458097034,
              53.44265228056684
            ],
            [
              -2.5986979821390706,
              53.450397174755665
            ],
            [
              -2.5853013053663263,
              53.43979406657638
            ],
            [
              -2.5767448874524024,
              53.44603783757166
            ],
            [
              -2.5703919613480837,
              53.45845464135151
            ],
            [
              -2.5490899556461692,
              53.46146674675287
            ],
            [
              -2.5526514406495004,
              53.467796263057934
            ],
            [
              -2.496345110512368,
              53.48091502651645
            ],
            [
              -2.489718209758542,
              53.4602687145177
            ]
          ]
        ]
      },
      "properties": {
        "name": "Cheshire",
        "color": "hsl(59, 70%, 60%)"
      }
    },
    {
      "type": "Feature",
      "id": 7,
      "geometry": {
        "type": "MultiPolygon",
        "coordinates": [
          [
            [
              [
                -1.7786519969867105,
                55.6675952050182
              ],
              [
                -1.8028439154957048,
                55.6683462582966
              ],
              [
                -1.8154652892309617,
                55.682158116278735
              ],
              [
                -1.8547843284873942,
                55.68044081577863
              ],
              [
                -1.8510485923767568,
                55.68846907178482
              ],
              [
                -1.8005741954788244,
                55.68953861512902
              ],
              [
                -1.7790748172214892,
                55.68568313441571
              ],
              [
                -1.7786519969867105,
                55.6675952050182
              ]
            ]
          ],
          [
            [
              [
                -2.218902819056008,
                54.78236757087147
              ],
              [
                -2.2826836362260288,
                54.79824067746475
              ],
              [
                -2.3120877852976838,
                54.791006362636715
              ],
              [
                -2.3273819225258277,
                54.80532649706184
              ],
              [
                -2.348430148016623,
                54.80707417392862
              ],
              [
                -2.3899932386635214,
                54.832145857542734
              ],
              [
                -2.4116301274569785,
                54.85642774616539
              ],
              [
                -2.4231214880787117,
                54.842629971784106
              ],
              [
                -2.4605990296245075,
                54.83416309540307
              ],
              [
                -2.495413149110141,
                54.81030156232355
              ],
              [
                -2.5238775965217,
                54.806021249380464
              ],
              [
                -2.558313810506502,
                54.81671451400453
              ],
              [
                -2.582667364648496,
                54.845860303256245
              ],
              [
                -2.573354778025556,
                54.85354318854955
              ],
              [
                -2.6054356972114854,
                54.8843730051237
              ],
              [
                -2.5764160972577015,
                54.89670881513749
              ],
              [
                -2.566222941256503,
                54.919231841716076
              ],
              [
                -2.5452802042323865,
                54.929167727967084
              ],
              [
                -2.567650651953391,
                54.94084648815666
              ],
              [
                -2.568490995097827,
                54.958357022369206
              ],
              [
                -2.5955673652075997,
                54.96347546227721
              ],
              [
                -2.6014323998121203,
                54.97133663281517
              ],
              [
                -2.573311821713458,
                54.987629893328574
              ],
              [
                -2.5728464792945864,
                55.016388272733764
              ],
              [
                -2.48305107280301,
                55.040016249619015
              ],
              [
                -2.503987913388853,
                55.06242382092891
              ],
              [
                -2.4860844224453347,
                55.08243690671833
              ],
              [
                -2.5025738911974162,
                55.090754052020756
              ],
              [
                -2.5621346298251684,
                55.08345754893531
              ],
              [
                -2.568425653455558,
                55.09626060958139
              ],
              [
                -2.5935345861638472,
                55.105091079416354
              ],
              [
                -2.5989043125922686,
                55.12457374567348
              ],
              [
                -2.656941899031157,
                55.13612742840671
              ],
              [
                -2.67733180724508,
                55.15547983251967
              ],
              [
                -2.6745533405295334,
                55.17588476314928
              ],
              [
                -2.6897901350526525,
                55.18898214847476
              ],
              [
                -2.666822210564783,
                55.22157654605379
              ],
              [
                -2.631424455141613,
                55.22369686739095
              ],
              [
                -2.630233238887697,
                55.244793168201795
              ],
              [
                -2.611457974726805,
                55.24713517111412
              ],
              [
                -2.64677566399143,
                55.26004569697181
              ],
              [
                -2.626653976220036,
                55.26221742189327
              ],
              [
                -2.609242168365447,
                55.28324278178668
              ],
              [
                -2.573370283042317,
                55.29688633438702
              ],
              [
                -2.5590029135078414,
                55.31785403331512
              ],
              [
                -2.520276543963912,
                55.323048172618726
              ],
              [
                -2.475395312399788,
                55.354735150092004
              ],
              [
                -2.4150013833325974,
                55.35891783989292
              ],
              [
                -2.399498702908756,
                55.34822258454059
              ],
              [
                -2.3789131468281144,
                55.349168745135266
              ],
              [
                -2.337529493816023,
                55.3671895292605
              ],
              [
                -2.3462422061563046,
                55.37305975774765
              ],
              [
                -2.33002633103906,
                55.38123662593047
              ],
              [
                -2.3449402112382076,
                55.39931050109137
              ],
              [
                -2.3356366661716104,
                55.408205190762274
              ],
              [
                -2.31326250392498,
                55.40679090801674
              ],
              [
                -2.260608949264803,
                55.43293665168072
              ],
              [
                -2.2312840270637597,
                55.428430951035814
              ],
              [
                -2.1948632232583223,
                55.4445874756445
              ],
              [
                -2.1880704134320457,
                55.4621108516994
              ],
              [
                -2.1655135661069385,
                55.46837936481826
              ],
              [
                -2.201342644054254,
                55.475262452321395
              ],
              [
                -2.2026499290720585,
                55.48953819539173
              ],
              [
                -2.228846371084423,
                55.5095205815883
              ],
              [
                -2.240306113862912,
                55.55562965832063
              ],
              [
                -2.2888044567484562,
                55.58030656911211
              ],
              [
                -2.2892309536575723,
                55.6037752251089
              ],
              [
                -2.3160928648777688,
                55.620457524325694
              ],
              [
                -2.3086327771321242,
                55.62887775994922
              ],
              [
                -2.3361044782235973,
                55.632166058996354
              ],
              [
                -2.305788608079047,
                55.64704409247098
              ],
              [
                -2.23436347637828,
                55.64104643276304
              ],
              [
                -2.24817694781424,
                55.65235862739414
              ],
              [
                -2.2184473970407295,
                55.66425766161511
              ],
              [
                -2.218655510461796,
                55.67591108179108
              ],
              [
                -2.166632897958067,
                55.70681179820472
              ],
              [
                -2.1767593907981357,
                55.71863103791724
              ],
              [
                -2.151751349166257,
                55.72251011389373
              ],
              [
                -2.1493032582120493,
                55.735927853824634
              ],
              [
                -2.142941394848002,
                55.738154736973165
              ],
              [
                -2.136547015996412,
                55.74039929577815
              ],
              [
                -2.1183451831612143,
                55.74124481005225
              ],
              [
                -2.1191616110137823,
                55.742600765727076
              ],
              [
                -2.107790629408146,
                55.76041065949219
              ],
              [
                -2.102631649608275,
                55.76191557937674
              ],
              [
                -2.08567797841067,
                55.76274621321796
              ],
              [
                -2.0861274337060673,
                55.79304335472334
              ],
              [
                -2.0343592407760744,
                55.811083613137185
              ],
              [
                -1.9841014206139185,
                55.76476079250341
              ],
              [
                -2.0042455818914933,
                55.76548053811641
              ],
              [
                -1.9380989758262444,
                55.71989283509985
              ],
              [
                -1.8706110851933568,
                55.698599514043536
              ],
              [
                -1.8741582788857998,
                55.68393046049351
              ],
              [
                -1.8855747854397353,
                55.68478622810561
              ],
              [
                -1.8732077611276277,
                55.682779383449144
              ],
              [
                -1.871624248560005,
                55.66609228288866
              ],
              [
                -1.8414659905931674,
                55.64301900084386
              ],
              [
                -1.8083511507897523,
                55.634399862107415
              ],
              [
                -1.7901894963416214,
                55.650480676057114
              ],
              [
                -1.7950224650331041,
                55.65917753743296
              ],
              [
                -1.788201383272039,
                55.65671299965815
              ],
              [
                -1.7908417982059754,
                55.6473459477857
              ],
              [
                -1.7545100506351865,
                55.62339588450238
              ],
              [
                -1.7557802139074745,
                55.618312757210035
              ],
              [
                -1.7858268197188591,
                55.617092968943645
              ],
              [
                -1.7703632597876295,
                55.603407379898435
              ],
              [
                -1.7454398795924133,
                55.618956652199536
              ],
              [
                -1.7226072054075514,
                55.61679562031102
              ],
              [
                -1.6395899542968013,
                55.5784101428462
              ],
              [
                -1.652135118918589,
                55.57135691724446
              ],
              [
                -1.6455446511990814,
                55.574141479308764
              ],
              [
                -1.6187794063930285,
                55.55224465188092
              ],
              [
                -1.6420390535859246,
                55.53756072909726
              ],
              [
                -1.6106477224161941,
                55.52177643519012
              ],
              [
                -1.6128569540837163,
                55.49677685409182
              ],
              [
                -1.5911695837540007,
                55.49241131866353
              ],
              [
                -1.593351400988727,
                55.440347336156414
              ],
              [
                -1.575398550192213,
                55.43125584715967
              ],
              [
                -1.5802723052674321,
                55.40677785352383
              ],
              [
                -1.6116443578718802,
                55.38500141651151
              ],
              [
                -1.6089237618610746,
                55.383986353804396
              ],
              [
                -1.591673421703025,
                55.348625183700825
              ],
              [
                -1.5866007403875175,
                55.33601912404446
              ],
              [
                -1.5708993975391683,
                55.33893929268509
              ],
              [
                -1.5493188577953707,
                55.32204027551143
              ],
              [
                -1.5703507402433294,
                55.290530970364124
              ],
              [
                -1.5690119794494772,
                55.27165601172418
              ],
              [
                -1.4989565075930738,
                55.18542020627334
              ],
              [
                -1.5118100794981428,
                55.18356729369341
              ],
              [
                -1.5251561917076184,
                55.16262866308903
              ],
              [
                -1.5402674304364372,
                55.16160824537068
              ],
              [
                -1.5261295321856159,
                55.15996359986278
              ],
              [
                -1.486681406491416,
                55.11646407107892
              ],
              [
                -1.5003822352487872,
                55.1279063893429
              ],
              [
                -1.5219309708295674,
                55.1435656595878
              ],
              [
                -1.5200111177277804,
                55.13882246403265
              ],
              [
                -1.5332479250501008,
                55.13905358316153
              ],
              [
                -1.5590314457802215,
                55.146661899712754
              ],
              [
                -1.5339394792816974,
                55.1375915019167
              ],
              [
                -1.56880356297248,
                55.13088142144352
              ],
              [
                -1.527654293429125,
                55.13717192465083
              ],
              [
                -1.505848047218202,
                55.12977081733062
              ],
              [
                -1.498841476771245,
                55.12445839204082
              ],
              [
                -1.4784400468015904,
                55.07873221798789
              ],
              [
                -1.47120944701875,
                55.08542269771368
              ],
              [
                -1.4617869317824823,
                55.07430147875292
              ],
              [
                -1.4207140878420892,
                55.01956655365216
              ],
              [
                -1.4027871662262799,
                55.01452846294596
              ],
              [
                -1.429843316896983,
                55.01327432840144
              ],
              [
                -1.4560097487880321,
                54.98865482598006
              ],
              [
                -1.5017703250651753,
                54.98851832227656
              ],
              [
                -1.5178198810172177,
                54.99637408680779
              ],
              [
                -1.5025208736316304,
                54.988485448183695
              ],
              [
                -1.5308440299370751,
                54.98400596572751
              ],
              [
                -1.4744950983389236,
                54.98646253448163
              ],
              [
                -1.4804733338442373,
                54.97489586548369
              ],
              [
                -1.4565520973957216,
                54.97742434847614
              ],
              [
                -1.471874950148503,
                54.98606477811004
              ],
              [
                -1.4494268723214554,
                54.98433874133232
              ],
              [
                -1.4237714102055303,
                55.008132529046954
              ],
              [
                -1.4186044967657547,
                55.00321940349708
              ],
              [
                -1.4010051619235673,
                55.01132956694803
              ],
              [
                -1.4108979785077391,
                54.998886880389136
              ],
              [
                -1.3566140404681317,
                54.96525453417946
              ],
              [
                -1.3639608440798794,
                54.94411219798069
              ],
              [
                -1.3661174363867936,
                54.92609665863583
              ],
              [
                -1.3523537074970435,
                54.92130621861771
              ],
              [
                -1.363470655582491,
                54.92275783955898
              ],
              [
                -1.3709607142752367,
                54.911698544162505
              ],
              [
                -1.352903555992487,
                54.91912543441011
              ],
              [
                -1.3615966392824583,
                54.898214922386224
              ],
              [
                -1.3475621979924313,
                54.860612620148416
              ],
              [
                -1.4215357607034724,
                54.839464669991095
              ],
              [
                -1.4129524264535889,
                54.82364306866702
              ],
              [
                -1.422552038262043,
                54.80315474872407
              ],
              [
                -1.4907220520492954,
                54.799290132386304
              ],
              [
                -1.4818478642129884,
                54.80964105180473
              ],
              [
                -1.5042685801115718,
                54.83122149145176
              ],
              [
                -1.5066620134111635,
                54.87113126145442
              ],
              [
                -1.5192110152607823,
                54.87594439088994
              ],
              [
                -1.5199581756752378,
                54.87601923680497
              ],
              [
                -1.5618055767526504,
                54.87571007287039
              ],
              [
                -1.559399066673519,
                54.88202781515274
              ],
              [
                -1.5799087360880715,
                54.877760012683325
              ],
              [
                -1.5941592713416135,
                54.9020088162793
              ],
              [
                -1.650557683258846,
                54.87931371705399
              ],
              [
                -1.6493169529238645,
                54.89297843309575
              ],
              [
                -1.6755777108721834,
                54.89808373330108
              ],
              [
                -1.6747681267495642,
                54.90954815236488
              ],
              [
                -1.6916818550996262,
                54.902591867358254
              ],
              [
                -1.6986356628982897,
                54.90904352645535
              ],
              [
                -1.7249027764499614,
                54.9087912850642
              ],
              [
                -1.7361934179582446,
                54.91857545306194
              ],
              [
                -1.7687419857558355,
                54.90671688192188
              ],
              [
                -1.7817543195764345,
                54.91153064471442
              ],
              [
                -1.7949283790682151,
                54.90353778669779
              ],
              [
                -1.8210092077376063,
                54.90565482241765
              ],
              [
                -1.8544360768868802,
                54.89117754640624
              ],
              [
                -1.8701088198216727,
                54.85085554228608
              ],
              [
                -1.9140374112423146,
                54.839517783664164
              ],
              [
                -1.9137688948891844,
                54.83399095467743
              ],
              [
                -1.9326817107128271,
                54.85417735306317
              ],
              [
                -1.9490533988137593,
                54.852954181111265
              ],
              [
                -1.980243416008927,
                54.86817715931254
              ],
              [
                -2.0009664343492655,
                54.869661498492846
              ],
              [
                -2.03975941692595,
                54.84828538857341
              ],
              [
                -2.0824725568845257,
                54.8382170794439
              ],
              [
                -2.1397815074358695,
                54.84186699743252
              ],
              [
                -2.1694706894316798,
                54.8036008800664
              ],
              [
                -2.1986075503337728,
                54.80672890547907
              ],
              [
                -2.218902819056008,
                54.78236757087147
              ]
            ]
          ]
        ]
      },
      "properties": {
        "name": "Northumbria",
        "color": "hsl(285, 70%, 60%)"
      }
    },
    {
      "type": "Feature",
      "id": 8,
      "geometry": {
        "type": "Polygon",
        "coordinates": [
          [
            [
              -1.7361934179582446,
              54.91857545306194
            ],
            [
              -1.7249027764499614,
              54.9087912850642
            ],
            [
              -1.6986356628982897,
              54.90904352645535
            ],
            [
              -1.6916818550996262,
              54.902591867358254
            ],
            [
              -1.6747681267495642,
              54.90954815236488
            ],
            [
              -1.6755777108721834,
              54.89808373330108
            ],
            [
              -1.6493169529238645,
              54.89297843309575
            ],
            [
              -1.650557683258846,
              54.87931371705399
            ],
            [
              -1.5941592713416135,
              54.9020088162793
            ],
            [
              -1.5799087360880715,
              54.877760012683325
            ],
            [
              -1.559399066673519,
              54.88202781515274
            ],
            [
              -1.5618055767526504,
              54.87571007287039
            ],
            [
              -1.5199581756752378,
              54.87601923680497
            ],
            [
              -1.5192110152607823,
              54.87594439088994
            ],
            [
              -1.5066620134111635,
              54.87113126145442
            ],
            [
              -1.5042685801115718,
              54.83122149145176
            ],
            [
              -1.4818478642129884,
              54.80964105180473
            ],
            [
              -1.4907220520492954,
              54.799290132386304
            ],
            [
              -1.422552038262043,
              54.80315474872407
            ],
            [
              -1.4129524264535889,
              54.82364306866702
            ],
            [
              -1.4215357607034724,
              54.839464669991095
            ],
            [
              -1.3475621979924313,
              54.860612620148416
            ],
            [
              -1.3208424422741525,
              54.83756831787494
            ],
            [
              -1.3293659881473459,
              54.83809198008793
            ],
            [
              -1.302042323080325,
              54.76846203316655
            ],
            [
              -1.240980487142387,
              54.72317938885142
            ],
            [
              -1.2518523226742044,
              54.7196072918711
            ],
            [
              -1.2702375191043143,
              54.72716041583747
            ],
            [
              -1.3055100135110782,
              54.71750905047919
            ],
            [
              -1.3013253551364419,
              54.70808481311783
            ],
            [
              -1.3193295227223256,
              54.69134594913146
            ],
            [
              -1.3445121247052716,
              54.69110730206832
            ],
            [
              -1.3309458963196665,
              54.68211825000377
            ],
            [
              -1.3478421445298427,
              54.662403362405584
            ],
            [
              -1.341249339606546,
              54.650199487693186
            ],
            [
              -1.3808959269516023,
              54.643902095648144
            ],
            [
              -1.4128229607623013,
              54.616579234697845
            ],
            [
              -1.4509053147495445,
              54.610503033605205
            ],
            [
              -1.4383443527467357,
              54.59506886041602
            ],
            [
              -1.4233263884871719,
              54.603113431220535
            ],
            [
              -1.4072861487289734,
              54.59371654860096
            ],
            [
              -1.4113397805795354,
              54.56480737780826
            ],
            [
              -1.4467559901978695,
              54.55565499353535
            ],
            [
              -1.449612651840537,
              54.53295794994787
            ],
            [
              -1.4214748528155723,
              54.51962474954396
            ],
            [
              -1.4348950877842068,
              54.48747865308775
            ],
            [
              -1.4585117738150768,
              54.503907180652526
            ],
            [
              -1.4745513600658764,
              54.50069767076572
            ],
            [
              -1.4591950499503914,
              54.49425816666442
            ],
            [
              -1.4637889729830247,
              54.47353651013117
            ],
            [
              -1.453411647541616,
              54.46600380156294
            ],
            [
              -1.4627908135274865,
              54.461381551649
            ],
            [
              -1.4561525417365366,
              54.452436668398754
            ],
            [
              -1.4720440787525169,
              54.455589703523025
            ],
            [
              -1.4753739424147767,
              54.47382998959322
            ],
            [
              -1.4990537840780132,
              54.475664930058095
            ],
            [
              -1.4917784869726491,
              54.48618535393624
            ],
            [
              -1.5113454854701163,
              54.47499627285608
            ],
            [
              -1.5141273709271665,
              54.483760857267306
            ],
            [
              -1.5288403083542281,
              54.48479867039702
            ],
            [
              -1.5198329674188387,
              54.471031046478984
            ],
            [
              -1.545676224874696,
              54.47122079972697
            ],
            [
              -1.5552019353242112,
              54.484961428188875
            ],
            [
              -1.5829856383959795,
              54.49708503408615
            ],
            [
              -1.5792124315728269,
              54.50517821713551
            ],
            [
              -1.5918844792250233,
              54.50428699658215
            ],
            [
              -1.5810645375879127,
              54.51283255334665
            ],
            [
              -1.6026333521313023,
              54.51056872612395
            ],
            [
              -1.6114866270342654,
              54.51998884378106
            ],
            [
              -1.6333216802769224,
              54.51409866248757
            ],
            [
              -1.6337771464135802,
              54.5253516785946
            ],
            [
              -1.6546721808738791,
              54.5246402518248
            ],
            [
              -1.6579418504277554,
              54.53458007358488
            ],
            [
              -1.6969216548522983,
              54.53599607729287
            ],
            [
              -1.7213123019960075,
              54.54229160356535
            ],
            [
              -1.733092638904492,
              54.52772346826392
            ],
            [
              -1.7797024542833104,
              54.53186140379788
            ],
            [
              -1.7761311600912124,
              54.506718508997764
            ],
            [
              -1.7929686140412877,
              54.484478896218114
            ],
            [
              -1.8394268465775938,
              54.50842773789966
            ],
            [
              -1.857806757692055,
              54.50352591423547
            ],
            [
              -1.8591319737897705,
              54.48185101466342
            ],
            [
              -1.9425460431357253,
              54.45338582049348
            ],
            [
              -1.970062504896689,
              54.45150848954963
            ],
            [
              -1.9967578352182749,
              54.466888828738576
            ],
            [
              -2.0447336402483285,
              54.47517551595904
            ],
            [
              -2.0431994121256665,
              54.48358784270645
            ],
            [
              -2.1165919937385103,
              54.462249221674725
            ],
            [
              -2.170213437430024,
              54.45818636738736
            ],
            [
              -2.159006846714806,
              54.472023586760635
            ],
            [
              -2.1724079415677986,
              54.53243318874663
            ],
            [
              -2.197535888192842,
              54.53269131750116
            ],
            [
              -2.2094859682133157,
              54.55170536781934
            ],
            [
              -2.3045125007683906,
              54.596185995079765
            ],
            [
              -2.324946431566578,
              54.63163961567495
            ],
            [
              -2.287979363505389,
              54.650470501880555
            ],
            [
              -2.2928801811180635,
              54.66387589809097
            ],
            [
              -2.3272898041253507,
              54.67071655902647
            ],
            [
              -2.3517651324346533,
              54.68592533588034
            ],
            [
              -2.3557455208420874,
              54.697641320219645
            ],
            [
              -2.3257529931272387,
              54.72661767043293
            ],
            [
              -2.3120877852976838,
              54.791006362636715
            ],
            [
              -2.2826836362260288,
              54.79824067746475
            ],
            [
              -2.218902819056008,
              54.78236757087147
            ],
            [
              -2.1986075503337728,
              54.80672890547907
            ],
            [
              -2.1694706894316798,
              54.8036008800664
            ],
            [
              -2.1397815074358695,
              54.84186699743252
            ],
            [
              -2.0824725568845257,
              54.8382170794439
            ],
            [
              -2.03975941692595,
              54.84828538857341
            ],
            [
              -2.0009664343492655,
              54.869661498492846
            ],
            [
              -1.980243416008927,
              54.86817715931254
            ],
            [
              -1.9490533988137593,
              54.852954181111265
            ],
            [
              -1.9326817107128271,
              54.85417735306317
            ],
            [
              -1.9137688948891844,
              54.83399095467743
            ],
            [
              -1.9140374112423146,
              54.839517783664164
            ],
            [
              -1.8701088198216727,
              54.85085554228608
            ],
            [
              -1.8544360768868802,
              54.89117754640624
            ],
            [
              -1.8210092077376063,
              54.90565482241765
            ],
            [
              -1.7949283790682151,
              54.90353778669779
            ],
            [
              -1.7817543195764345,
              54.91153064471442
            ],
            [
              -1.7687419857558355,
              54.90671688192188
            ],
            [
              -1.7361934179582446,
              54.91857545306194
            ]
          ]
        ]
      },
      "properties": {
        "name": "Durham",
        "color": "hsl(126, 70%, 60%)"
      }
    },
    {
      "type": "Feature",
      "id": 9,
      "geometry": {
        "type": "Polygon",
        "coordinates": [
          [
            [
              -0.7744739668405382,
              54.55737311511862
            ],
            [
              -0.7434851604360402,
              54.52817829211586
            ],
            [
              -0.7158629675940139,
              54.53435025013899
            ],
            [
              -0.6820436888808129,
              54.51958828714375
            ],
            [
              -0.6704040938130749,
              54.50074854428743
            ],
            [
              -0.613194198462373,
              54.49422787060722
            ],
            [
              -0.612270891085719,
              54.49413638569553
            ],
            [
              -0.5689541611799542,
              54.47975418290795
            ],
            [
              -0.5208335627731316,
              54.44624311925466
            ],
            [
              -0.5327041579746735,
              54.43342725266142
            ],
            [
              -0.5241898082753159,
              54.417235063227075
            ],
            [
              -0.49096054743225154,
              54.40764767065603
            ],
            [
              -0.4635994369064666,
              54.389011901700144
            ],
            [
              -0.43268776116532304,
              54.34015030913131
            ],
            [
              -0.4170710793803798,
              54.331425596927886
            ],
            [
              -0.40743455243522825,
              54.29344011397436
            ],
            [
              -0.3847301073391644,
              54.288194550323645
            ],
            [
              -0.39667686260079726,
              54.27450294621311
            ],
            [
              -0.36870964632978515,
              54.248438905581025
            ],
            [
              -0.26547737819149053,
              54.21651711618219
            ],
            [
              -0.2838111684881137,
              54.20971462776154
            ],
            [
              -0.27688127523344075,
              54.18610144358166
            ],
            [
              -0.24519192259790343,
              54.16645298786622
            ],
            [
              -0.21249773868089414,
              54.15766643215017
            ],
            [
              -0.22974819520837172,
              54.13242015812184
            ],
            [
              -0.2654089215136154,
              54.14053484944735
            ],
            [
              -0.30422402340538446,
              54.13624302391659
            ],
            [
              -0.3238325525311124,
              54.150270292486276
            ],
            [
              -0.3463861511946514,
              54.146851922303675
            ],
            [
              -0.3749181339813497,
              54.15408973529549
            ],
            [
              -0.39074080259403454,
              54.17649490672712
            ],
            [
              -0.418245526974568,
              54.17403692575567
            ],
            [
              -0.4331626481491971,
              54.16404801730346
            ],
            [
              -0.42709598409686506,
              54.13741693961326
            ],
            [
              -0.4585345735707597,
              54.12594986174279
            ],
            [
              -0.4543477186814366,
              54.116736896931094
            ],
            [
              -0.4659453685521603,
              54.10760917116475
            ],
            [
              -0.5246131892252006,
              54.0854492300813
            ],
            [
              -0.5631348772478895,
              54.09397806167121
            ],
            [
              -0.6155246916045329,
              54.07047656759522
            ],
            [
              -0.6603110226260018,
              54.06307398069127
            ],
            [
              -0.644649685852895,
              54.05508765540788
            ],
            [
              -0.6594801667811943,
              54.03715134756358
            ],
            [
              -0.6870305222026832,
              54.030750034599514
            ],
            [
              -0.6834952515929029,
              54.008779795643235
            ],
            [
              -0.7304828322651007,
              54.01268279910125
            ],
            [
              -0.7342535126574796,
              54.03024074811414
            ],
            [
              -0.7991877754327316,
              54.0190333267965
            ],
            [
              -0.8007057390676073,
              54.02409986173637
            ],
            [
              -0.8784383311927825,
              54.01716522396511
            ],
            [
              -0.8939093878828334,
              53.999512010031324
            ],
            [
              -0.9252986683523996,
              53.99150069698328
            ],
            [
              -0.9341088705076093,
              53.96843464280396
            ],
            [
              -0.9212060554060498,
              53.960400895945284
            ],
            [
              -0.9216026562333143,
              53.92139555233495
            ],
            [
              -0.9495192170006568,
              53.89389625584343
            ],
            [
              -0.9208435264277676,
              53.890594892354535
            ],
            [
              -0.923516055981075,
              53.88074073839696
            ],
            [
              -0.9482301282212042,
              53.86159002604104
            ],
            [
              -0.9406161699549817,
              53.823493336948104
            ],
            [
              -0.9201007099526427,
              53.816065758092606
            ],
            [
              -0.9344984750001322,
              53.80175014231201
            ],
            [
              -0.9282536701516091,
              53.7655789097994
            ],
            [
              -0.9733078103633229,
              53.750162534105904
            ],
            [
              -0.9616236151477815,
              53.735680317362466
            ],
            [
              -0.9118925003439028,
              53.73238974772009
            ],
            [
              -0.9064906590461641,
              53.719738628102235
            ],
            [
              -0.9578299818826406,
              53.71498280625102
            ],
            [
              -0.9627815030776294,
              53.700949733486596
            ],
            [
              -0.9809330722188279,
              53.70514135836097
            ],
            [
              -0.9805135592371067,
              53.69993343436415
            ],
            [
              -0.9802942329101882,
              53.69710018100538
            ],
            [
              -0.9805823851228748,
              53.697084656354235
            ],
            [
              -1.0388731444513826,
              53.69405200363353
            ],
            [
              -1.0689444791455966,
              53.703961076063244
            ],
            [
              -1.1035780123663357,
              53.66953878556248
            ],
            [
              -1.0790526776046787,
              53.66351017935306
            ],
            [
              -1.0486653775167076,
              53.65603686842776
            ],
            [
              -1.0660735490363233,
              53.6488662322886
            ],
            [
              -1.1217468929693528,
              53.64669884707324
            ],
            [
              -1.1354061159382425,
              53.63270429568037
            ],
            [
              -1.1523086243505636,
              53.64275745161959
            ],
            [
              -1.1903166813089106,
              53.635892666586216
            ],
            [
              -1.2098272735939044,
              53.64314187692909
            ],
            [
              -1.2174687538690483,
              53.62419946623772
            ],
            [
              -1.2328414287930676,
              53.62109009098889
            ],
            [
              -1.2554848303626143,
              53.64539395981843
            ],
            [
              -1.2444184586530447,
              53.692405782408926
            ],
            [
              -1.1990148618389207,
              53.694870241461665
            ],
            [
              -1.1988282536476706,
              53.700711432757686
            ],
            [
              -1.2198115773531404,
              53.71439534109127
            ],
            [
              -1.2265464360606002,
              53.70986394293333
            ],
            [
              -1.229575797095095,
              53.71488096892439
            ],
            [
              -1.2687127088398482,
              53.714955426605314
            ],
            [
              -1.3020442684926141,
              53.74170552144043
            ],
            [
              -1.3153548966120885,
              53.74366082764185
            ],
            [
              -1.3122444359205605,
              53.75586700285666
            ],
            [
              -1.2949460780548343,
              53.75544294137105
            ],
            [
              -1.290387127722529,
              53.763172876625106
            ],
            [
              -1.3138129833476737,
              53.781537280609285
            ],
            [
              -1.314874519163394,
              53.80954144349253
            ],
            [
              -1.3036274411325686,
              53.81651438688165
            ],
            [
              -1.3361050126743128,
              53.83356917040768
            ],
            [
              -1.3265593874786572,
              53.840400847609615
            ],
            [
              -1.352979138588535,
              53.85673368937033
            ],
            [
              -1.312610749776102,
              53.865299597368114
            ],
            [
              -1.3222768976972035,
              53.90043479723688
            ],
            [
              -1.3137302037076701,
              53.90468251695684
            ],
            [
              -1.3005938742912604,
              53.907464908863965
            ],
            [
              -1.2972046656292782,
              53.92166411476722
            ],
            [
              -1.3073185579724234,
              53.921471205778786
            ],
            [
              -1.2941750729513888,
              53.92704812080423
            ],
            [
              -1.3089961562892074,
              53.924078391267095
            ],
            [
              -1.306967399447595,
              53.93440285415024
            ],
            [
              -1.3447077801327374,
              53.93948611249279
            ],
            [
              -1.3404026824649844,
              53.94587093858288
            ],
            [
              -1.3971887639109257,
              53.94252019627987
            ],
            [
              -1.4067053933162899,
              53.92782742150633
            ],
            [
              -1.4326031501026613,
              53.92721553526334
            ],
            [
              -1.4329931947957186,
              53.91078748375409
            ],
            [
              -1.4627087829731475,
              53.90599872593334
            ],
            [
              -1.498778218283378,
              53.915286377388654
            ],
            [
              -1.5487921241638296,
              53.910900864660015
            ],
            [
              -1.551845942685338,
              53.90292207826576
            ],
            [
              -1.58362291032896,
              53.90927403383776
            ],
            [
              -1.5874924112360367,
              53.90123426028542
            ],
            [
              -1.5999973729305392,
              53.90976110173249
            ],
            [
              -1.6205445584731444,
              53.903374497974326
            ],
            [
              -1.6516811480707472,
              53.905643897102365
            ],
            [
              -1.6550801219084579,
              53.91246648693624
            ],
            [
              -1.6846276840657093,
              53.910570380204724
            ],
            [
              -1.7070822582887824,
              53.91911173512931
            ],
            [
              -1.717963825234584,
              53.908523168486475
            ],
            [
              -1.727223167909477,
              53.91018033608807
            ],
            [
              -1.7456255425354203,
              53.92298339672793
            ],
            [
              -1.7759813085169112,
              53.921470972315504
            ],
            [
              -1.8050890905796233,
              53.93900293610094
            ],
            [
              -1.8476892775803608,
              53.9407541760144
            ],
            [
              -1.8362092656050812,
              53.931400798334266
            ],
            [
              -1.8601317185267754,
              53.932644370806756
            ],
            [
              -1.8788790660101833,
              53.954262269747005
            ],
            [
              -1.8836392731660343,
              53.96314683694985
            ],
            [
              -1.8937645800287681,
              53.95524701924771
            ],
            [
              -1.966182570429138,
              53.951541304931226
            ],
            [
              -1.9630748069064594,
              53.933385162136595
            ],
            [
              -1.9768777996372173,
              53.92640511766668
            ],
            [
              -1.9525687151075102,
              53.90351510618074
            ],
            [
              -1.9794179852566525,
              53.901113964536776
            ],
            [
              -1.982368659292691,
              53.868848145473365
            ],
            [
              -2.0217572989488812,
              53.87152582341922
            ],
            [
              -2.0461278943467605,
              53.85012780892059
            ],
            [
              -2.0899141252150684,
              53.86816857460697
            ],
            [
              -2.0814583283913293,
              53.87566149169003
            ],
            [
              -2.103017952998388,
              53.890924224444234
            ],
            [
              -2.1133553502373856,
              53.915613381337394
            ],
            [
              -2.132222412380913,
              53.92649625260249
            ],
            [
              -2.1822864099528156,
              53.93537350510756
            ],
            [
              -2.184523868525505,
              53.952249080463055
            ],
            [
              -2.1960182611532324,
              53.96955920438216
            ],
            [
              -2.225744141920323,
              53.961085523520914
            ],
            [
              -2.2320187707365977,
              53.97121171993903
            ],
            [
              -2.221062832644984,
              53.977910248212794
            ],
            [
              -2.2303530082220355,
              53.98151483916104
            ],
            [
              -2.294331315905926,
              53.97441865069385
            ],
            [
              -2.3191629377734397,
              53.993831635204536
            ],
            [
              -2.3399320469108074,
              53.989415640727444
            ],
            [
              -2.3523604555147313,
              53.99465562914692
            ],
            [
              -2.352311525993555,
              54.0105280486247
            ],
            [
              -2.33956115733897,
              54.00942330908751
            ],
            [
              -2.3573290270591887,
              54.01910546111639
            ],
            [
              -2.3740813881415486,
              54.04907327569341
            ],
            [
              -2.4258369544473526,
              54.03807999396713
            ],
            [
              -2.4695528671005773,
              54.04620386627612
            ],
            [
              -2.46434850560159,
              54.0752631739344
            ],
            [
              -2.509527222400787,
              54.095410318274055
            ],
            [
              -2.5240124111986186,
              54.094611120582364
            ],
            [
              -2.564742364780262,
              54.12702494022235
            ],
            [
              -2.560503051374764,
              54.15303682044444
            ],
            [
              -2.5339818462514705,
              54.1576780938715
            ],
            [
              -2.4608628792620584,
              54.22670720667117
            ],
            [
              -2.4056408705131154,
              54.224901561742435
            ],
            [
              -2.3967761943283454,
              54.23936479211417
            ],
            [
              -2.373031055528499,
              54.24008771592181
            ],
            [
              -2.3623290298093687,
              54.249736818081416
            ],
            [
              -2.3376587175589503,
              54.23758568047222
            ],
            [
              -2.319106889440028,
              54.257138721218475
            ],
            [
              -2.3245189089174243,
              54.30317506976679
            ],
            [
              -2.309848466591766,
              54.32430665849153
            ],
            [
              -2.367711370615521,
              54.35605770823815
            ],
            [
              -2.3446455097871968,
              54.3596217895176
            ],
            [
              -2.3170444849741836,
              54.37629670281586
            ],
            [
              -2.2974362475928274,
              54.37688583812061
            ],
            [
              -2.2917934694792033,
              54.39089254219079
            ],
            [
              -2.3055148231148928,
              54.39711362092807
            ],
            [
              -2.3081492266785157,
              54.419781325875334
            ],
            [
              -2.2928623427726262,
              54.43929428475515
            ],
            [
              -2.249537484079332,
              54.45192842824275
            ],
            [
              -2.1893133648040064,
              54.4489642614643
            ],
            [
              -2.1775089502372573,
              54.461617879127886
            ],
            [
              -2.170213437430024,
              54.45818636738736
            ],
            [
              -2.1165919937385103,
              54.462249221674725
            ],
            [
              -2.0431994121256665,
              54.48358784270645
            ],
            [
              -2.0447336402483285,
              54.47517551595904
            ],
            [
              -1.9967578352182749,
              54.466888828738576
            ],
            [
              -1.970062504896689,
              54.45150848954963
            ],
            [
              -1.9425460431357253,
              54.45338582049348
            ],
            [
              -1.8591319737897705,
              54.48185101466342
            ],
            [
              -1.857806757692055,
              54.50352591423547
            ],
            [
              -1.8394268465775938,
              54.50842773789966
            ],
            [
              -1.7929686140412877,
              54.484478896218114
            ],
            [
              -1.7761311600912124,
              54.506718508997764
            ],
            [
              -1.7797024542833104,
              54.53186140379788
            ],
            [
              -1.733092638904492,
              54.52772346826392
            ],
            [
              -1.7213123019960075,
              54.54229160356535
            ],
            [
              -1.6969216548522983,
              54.53599607729287
            ],
            [
              -1.6579418504277554,
              54.53458007358488
            ],
            [
              -1.6546721808738791,
              54.5246402518248
            ],
            [
              -1.6337771464135802,
              54.5253516785946
            ],
            [
              -1.6333216802769224,
              54.51409866248757
            ],
            [
              -1.6114866270342654,
              54.51998884378106
            ],
            [
              -1.6026333521313023,
              54.51056872612395
            ],
            [
              -1.5810645375879127,
              54.51283255334665
            ],
            [
              -1.5918844792250233,
              54.50428699658215
            ],
            [
              -1.5792124315728269,
              54.50517821713551
            ],
            [
              -1.5829856383959795,
              54.49708503408615
            ],
            [
              -1.5552019353242112,
              54.484961428188875
            ],
            [
              -1.545676224874696,
              54.47122079972697
            ],
            [
              -1.5198329674188387,
              54.471031046478984
            ],
            [
              -1.5288403083542281,
              54.48479867039702
            ],
            [
              -1.5141273709271665,
              54.483760857267306
            ],
            [
              -1.5113454854701163,
              54.47499627285608
            ],
            [
              -1.4917784869726491,
              54.48618535393624
            ],
            [
              -1.4990537840780132,
              54.475664930058095
            ],
            [
              -1.4753739424147767,
              54.47382998959322
            ],
            [
              -1.4720440787525169,
              54.455589703523025
            ],
            [
              -1.4561525417365366,
              54.452436668398754
            ],
            [
              -1.4627908135274865,
              54.461381551649
            ],
            [
              -1.453411647541616,
              54.46600380156294
            ],
            [
              -1.4637889729830247,
              54.47353651013117
            ],
            [
              -1.4591950499503914,
              54.49425816666442
            ],
            [
              -1.4745513600658764,
              54.50069767076572
            ],
            [
              -1.4585117738150768,
              54.503907180652526
            ],
            [
              -1.4348950877842068,
              54.48747865308775
            ],
            [
              -1.4321198307391896,
              54.47944019926495
            ],
            [
              -1.4127833523755837,
              54.47718194012981
            ],
            [
              -1.4070840403403286,
              54.49351959164476
            ],
            [
              -1.3950497059277072,
              54.48566818752024
            ],
            [
              -1.3810006391048144,
              54.494017977065305
            ],
            [
              -1.3725638318845625,
              54.472297609677625
            ],
            [
              -1.3644069724606571,
              54.465937049615874
            ],
            [
              -1.3449105061240763,
              54.4723935715538
            ],
            [
              -1.3436228598933389,
              54.46414538128631
            ],
            [
              -1.3003340139432935,
              54.47583751102028
            ],
            [
              -1.2809732743340487,
              54.49042689283876
            ],
            [
              -1.2573947712708176,
              54.487309627868676
            ],
            [
              -1.2566663117105235,
              54.50109144548617
            ],
            [
              -1.2348605360606728,
              54.510302076365434
            ],
            [
              -1.1461914752984632,
              54.50280640199779
            ],
            [
              -1.1183709924935217,
              54.49818504575723
            ],
            [
              -1.0945111786801553,
              54.506744342293764
            ],
            [
              -1.0368487035597327,
              54.49403114600815
            ],
            [
              -1.0033897895292727,
              54.50299897197777
            ],
            [
              -0.9529505269239121,
              54.48802214409016
            ],
            [
              -0.880813578888283,
              54.497028399164954
            ],
            [
              -0.8485196841454437,
              54.48795335459395
            ],
            [
              -0.8486351895503206,
              54.529988880985876
            ],
            [
              -0.8269784170198644,
              54.54855558567888
            ],
            [
              -0.8004081429536198,
              54.55099128522257
            ],
            [
              -0.7942363470098867,
              54.55842548094718
            ],
            [
              -0.7744739668405382,
              54.55737311511862
            ]
          ]
        ]
      },
      "properties": {
        "name": "North Yorkshire",
        "color": "hsl(329, 70%, 60%)"
      }
    },
    {
      "type": "Feature",
      "id": 10,
      "geometry": {
        "type": "Polygon",
        "coordinates": [
          [
            [
              -1.8601317185267754,
              53.932644370806756
            ],
            [
              -1.8362092656050812,
              53.931400798334266
            ],
            [
              -1.8476892775803608,
              53.9407541760144
            ],
            [
              -1.8050890905796233,
              53.93900293610094
            ],
            [
              -1.7759813085169112,
              53.921470972315504
            ],
            [
              -1.7456255425354203,
              53.92298339672793
            ],
            [
              -1.727223167909477,
              53.91018033608807
            ],
            [
              -1.717963825234584,
              53.908523168486475
            ],
            [
              -1.7070822582887824,
              53.91911173512931
            ],
            [
              -1.6846276840657093,
              53.910570380204724
            ],
            [
              -1.6550801219084579,
              53.91246648693624
            ],
            [
              -1.6516811480707472,
              53.905643897102365
            ],
            [
              -1.6205445584731444,
              53.903374497974326
            ],
            [
              -1.5999973729305392,
              53.90976110173249
            ],
            [
              -1.5874924112360367,
              53.90123426028542
            ],
            [
              -1.58362291032896,
              53.90927403383776
            ],
            [
              -1.551845942685338,
              53.90292207826576
            ],
            [
              -1.5487921241638296,
              53.910900864660015
            ],
            [
              -1.498778218283378,
              53.915286377388654
            ],
            [
              -1.4627087829731475,
              53.90599872593334
            ],
            [
              -1.4329931947957186,
              53.91078748375409
            ],
            [
              -1.4326031501026613,
              53.92721553526334
            ],
            [
              -1.4067053933162899,
              53.92782742150633
            ],
            [
              -1.3971887639109257,
              53.94252019627987
            ],
            [
              -1.3404026824649844,
              53.94587093858288
            ],
            [
              -1.3447077801327374,
              53.93948611249279
            ],
            [
              -1.306967399447595,
              53.93440285415024
            ],
            [
              -1.3089961562892074,
              53.924078391267095
            ],
            [
              -1.2941750729513888,
              53.92704812080423
            ],
            [
              -1.3073185579724234,
              53.921471205778786
            ],
            [
              -1.2972046656292782,
              53.92166411476722
            ],
            [
              -1.3005938742912604,
              53.907464908863965
            ],
            [
              -1.3137302037076701,
              53.90468251695684
            ],
            [
              -1.3222768976972035,
              53.90043479723688
            ],
            [
              -1.312610749776102,
              53.865299597368114
            ],
            [
              -1.352979138588535,
              53.85673368937033
            ],
            [
              -1.3265593874786572,
              53.840400847609615
            ],
            [
              -1.3361050126743128,
              53.83356917040768
            ],
            [
              -1.3036274411325686,
              53.81651438688165
            ],
            [
              -1.314874519163394,
              53.80954144349253
            ],
            [
              -1.3138129833476737,
              53.781537280609285
            ],
            [
              -1.290387127722529,
              53.763172876625106
            ],
            [
              -1.2949460780548343,
              53.75544294137105
            ],
            [
              -1.3122444359205605,
              53.75586700285666
            ],
            [
              -1.3153548966120885,
              53.74366082764185
            ],
            [
              -1.3020442684926141,
              53.74170552144043
            ],
            [
              -1.2687127088398482,
              53.714955426605314
            ],
            [
              -1.229575797095095,
              53.71488096892439
            ],
            [
              -1.2265464360606002,
              53.70986394293333
            ],
            [
              -1.2198115773531404,
              53.71439534109127
            ],
            [
              -1.1988282536476706,
              53.700711432757686
            ],
            [
              -1.1990148618389207,
              53.694870241461665
            ],
            [
              -1.2444184586530447,
              53.692405782408926
            ],
            [
              -1.2554848303626143,
              53.64539395981843
            ],
            [
              -1.2328414287930676,
              53.62109009098889
            ],
            [
              -1.2291841683832507,
              53.61685999470238
            ],
            [
              -1.2482561868437212,
              53.616334123032765
            ],
            [
              -1.2580404813320945,
              53.59197349935812
            ],
            [
              -1.2882495856629808,
              53.58071465504958
            ],
            [
              -1.3078216040421313,
              53.57534650429591
            ],
            [
              -1.3487468626197299,
              53.58332431187096
            ],
            [
              -1.376713456920313,
              53.606456638468494
            ],
            [
              -1.4003704450039904,
              53.598649729646354
            ],
            [
              -1.4476337672321562,
              53.6127192830443
            ],
            [
              -1.4837205456554088,
              53.594849725452626
            ],
            [
              -1.4951194053371006,
              53.60316764502905
            ],
            [
              -1.4965636400155773,
              53.59735826232677
            ],
            [
              -1.5186731123140194,
              53.599696308681374
            ],
            [
              -1.530789305690845,
              53.593111020298714
            ],
            [
              -1.5604636516574493,
              53.607533104286894
            ],
            [
              -1.5864625503022545,
              53.60715835591199
            ],
            [
              -1.5879861599883704,
              53.593465407554945
            ],
            [
              -1.6017584437902863,
              53.58774151773023
            ],
            [
              -1.5961961091201977,
              53.57697281691862
            ],
            [
              -1.6156389039615855,
              53.56300602002848
            ],
            [
              -1.6482414730866344,
              53.562180512333676
            ],
            [
              -1.6694777674764678,
              53.55320775844513
            ],
            [
              -1.7231841359785633,
              53.55990557254803
            ],
            [
              -1.7415656134341357,
              53.541053163448375
            ],
            [
              -1.7718894819806235,
              53.53383424912394
            ],
            [
              -1.80429725432173,
              53.53699264300731
            ],
            [
              -1.8222434289731892,
              53.521075278690915
            ],
            [
              -1.8418250789885133,
              53.519889342554315
            ],
            [
              -1.8734969989836772,
              53.540411512958315
            ],
            [
              -1.8941262034723554,
              53.53359140525993
            ],
            [
              -1.9096255351495712,
              53.53837692964067
            ],
            [
              -1.9128877626444298,
              53.55162816160352
            ],
            [
              -1.9427292039764936,
              53.56162319093714
            ],
            [
              -2.0094858126792112,
              53.616761545633025
            ],
            [
              -2.0230449627044207,
              53.6158249191817
            ],
            [
              -2.0268293784619322,
              53.62414722377686
            ],
            [
              -2.0512439963300486,
              53.683676907806685
            ],
            [
              -2.092911448998707,
              53.67014263422458
            ],
            [
              -2.1181004430082258,
              53.671225971985905
            ],
            [
              -2.1341303679190107,
              53.68571594477163
            ],
            [
              -2.1422654713351044,
              53.67798574353409
            ],
            [
              -2.146337301310147,
              53.68221425011951
            ],
            [
              -2.173303037290215,
              53.722993266549025
            ],
            [
              -2.1311860056984195,
              53.75152994056402
            ],
            [
              -2.136374144110717,
              53.78008804619895
            ],
            [
              -2.1248190060596883,
              53.7880370261465
            ],
            [
              -2.1283587549384246,
              53.79901658470326
            ],
            [
              -2.1122835407387393,
              53.805692794443814
            ],
            [
              -2.0612622016571933,
              53.82562002351736
            ],
            [
              -2.0469255219212785,
              53.82949129794038
            ],
            [
              -2.0461278943467605,
              53.85012780892059
            ],
            [
              -2.0217572989488812,
              53.87152582341922
            ],
            [
              -1.982368659292691,
              53.868848145473365
            ],
            [
              -1.9794179852566525,
              53.901113964536776
            ],
            [
              -1.9525687151075102,
              53.90351510618074
            ],
            [
              -1.9768777996372173,
              53.92640511766668
            ],
            [
              -1.9630748069064594,
              53.933385162136595
            ],
            [
              -1.966182570429138,
              53.951541304931226
            ],
            [
              -1.8937645800287681,
              53.95524701924771
            ],
            [
              -1.8836392731660343,
              53.96314683694985
            ],
            [
              -1.8788790660101833,
              53.954262269747005
            ],
            [
              -1.8601317185267754,
              53.932644370806756
            ]
          ]
        ]
      },
      "properties": {
        "name": "West Yorkshire",
        "color": "hsl(356, 70%, 60%)"
      }
    },
    {
      "type": "Feature",
      "id": 11,
      "geometry": {
        "type": "Polygon",
        "coordinates": [
          [
            [
              -0.9910134119069767,
              53.66116484006993
            ],
            [
              -0.9899915799351889,
              53.65896301299018
            ],
            [
              -0.9468448516884334,
              53.659121639912485
            ],
            [
              -0.8653408829901827,
              53.63768506708118
            ],
            [
              -0.8979314565053657,
              53.583257157492866
            ],
            [
              -0.9011186269220163,
              53.56869768912498
            ],
            [
              -0.8909975057749236,
              53.56653686413574
            ],
            [
              -0.9012654298205914,
              53.54788097249704
            ],
            [
              -0.8923010334588771,
              53.537443146105254
            ],
            [
              -0.943713801052082,
              53.53061840583971
            ],
            [
              -0.9500176932322614,
              53.51363113653395
            ],
            [
              -0.9321013465163656,
              53.510649948285526
            ],
            [
              -0.9355629260565939,
              53.502491978898846
            ],
            [
              -0.9532562461466656,
              53.48440084860947
            ],
            [
              -0.9859915361686872,
              53.47164923320104
            ],
            [
              -0.9956700475566116,
              53.43690806547596
            ],
            [
              -1.0143564447882616,
              53.42627703529646
            ],
            [
              -1.0305148873642787,
              53.42516881230193
            ],
            [
              -1.0309552632413694,
              53.43095223932539
            ],
            [
              -1.0804420650919861,
              53.42684902043618
            ],
            [
              -1.1160483527707725,
              53.407324399008836
            ],
            [
              -1.115582104770024,
              53.397163533264745
            ],
            [
              -1.1346164314677387,
              53.3900130266067
            ],
            [
              -1.1305504450617223,
              53.37554734709136
            ],
            [
              -1.1460433677337802,
              53.369016386811076
            ],
            [
              -1.1385530848384284,
              53.3558837136072
            ],
            [
              -1.1626193366379138,
              53.356819034664795
            ],
            [
              -1.1568435291125645,
              53.344948969450044
            ],
            [
              -1.1410209547835775,
              53.34672381223282
            ],
            [
              -1.138725608607692,
              53.34135885540151
            ],
            [
              -1.1997546269395212,
              53.3114191204875
            ],
            [
              -1.2032510659335134,
              53.30419743280303
            ],
            [
              -1.230694910920531,
              53.308539439086914
            ],
            [
              -1.243875303241024,
              53.30154941948993
            ],
            [
              -1.282022102827151,
              53.30943465877858
            ],
            [
              -1.295692803526775,
              53.315017341529646
            ],
            [
              -1.2886021908648988,
              53.326202379391795
            ],
            [
              -1.2990240071780015,
              53.332493333364965
            ],
            [
              -1.3246703428212838,
              53.32878501087172
            ],
            [
              -1.3377538178501251,
              53.31582451003598
            ],
            [
              -1.386752179741127,
              53.31761450639632
            ],
            [
              -1.3865797319572768,
              53.33488113449741
            ],
            [
              -1.4110350229127344,
              53.34197063812437
            ],
            [
              -1.4208832134199485,
              53.33454915231034
            ],
            [
              -1.4419739036704153,
              53.33747210753606
            ],
            [
              -1.4598861083440324,
              53.330669116109405
            ],
            [
              -1.4552384975391883,
              53.32184797121249
            ],
            [
              -1.467923045008388,
              53.317096202735485
            ],
            [
              -1.502142216529875,
              53.31755849063811
            ],
            [
              -1.5367761228093526,
              53.304727164064005
            ],
            [
              -1.561744696528987,
              53.306394527306274
            ],
            [
              -1.5617369473349951,
              53.315949557289635
            ],
            [
              -1.5805412713620937,
              53.311720515145446
            ],
            [
              -1.5849034051171889,
              53.32156946261306
            ],
            [
              -1.5990961175638,
              53.31129890661094
            ],
            [
              -1.6092134232791644,
              53.322649296431145
            ],
            [
              -1.6254966774438602,
              53.3164093939273
            ],
            [
              -1.632738920593576,
              53.32081840452427
            ],
            [
              -1.6123150421126826,
              53.34319863123017
            ],
            [
              -1.5905554051014186,
              53.34590348346464
            ],
            [
              -1.6635591266102474,
              53.366571799656015
            ],
            [
              -1.653826214308032,
              53.391891928163425
            ],
            [
              -1.7049663318319384,
              53.40503570550041
            ],
            [
              -1.708537529122784,
              53.41732286369001
            ],
            [
              -1.739765636133665,
              53.420972413838044
            ],
            [
              -1.7453279283298246,
              53.46216080664235
            ],
            [
              -1.768448698370812,
              53.46475157280268
            ],
            [
              -1.8014808440355696,
              53.4809722488739
            ],
            [
              -1.79629674203424,
              53.50313799452374
            ],
            [
              -1.8222434289731892,
              53.521075278690915
            ],
            [
              -1.80429725432173,
              53.53699264300731
            ],
            [
              -1.7718894819806235,
              53.53383424912394
            ],
            [
              -1.7415656134341357,
              53.541053163448375
            ],
            [
              -1.7231841359785633,
              53.55990557254803
            ],
            [
              -1.6694777674764678,
              53.55320775844513
            ],
            [
              -1.6482414730866344,
              53.562180512333676
            ],
            [
              -1.6156389039615855,
              53.56300602002848
            ],
            [
              -1.5961961091201977,
              53.57697281691862
            ],
            [
              -1.6017584437902863,
              53.58774151773023
            ],
            [
              -1.5879861599883704,
              53.593465407554945
            ],
            [
              -1.5864625503022545,
              53.60715835591199
            ],
            [
              -1.5604636516574493,
              53.607533104286894
            ],
            [
              -1.530789305690845,
              53.593111020298714
            ],
            [
              -1.5186731123140194,
              53.599696308681374
            ],
            [
              -1.4965636400155773,
              53.59735826232677
            ],
            [
              -1.4951194053371006,
              53.60316764502905
            ],
            [
              -1.4837205456554088,
              53.594849725452626
            ],
            [
              -1.4476337672321562,
              53.6127192830443
            ],
            [
              -1.4003704450039904,
              53.598649729646354
            ],
            [
              -1.376713456920313,
              53.606456638468494
            ],
            [
              -1.3487468626197299,
              53.58332431187096
            ],
            [
              -1.3078216040421313,
              53.57534650429591
            ],
            [
              -1.2882495856629808,
              53.58071465504958
            ],
            [
              -1.2580404813320945,
              53.59197349935812
            ],
            [
              -1.2482561868437212,
              53.616334123032765
            ],
            [
              -1.2291841683832507,
              53.61685999470238
            ],
            [
              -1.2328414287930676,
              53.62109009098889
            ],
            [
              -1.2174687538690483,
              53.62419946623772
            ],
            [
              -1.2098272735939044,
              53.64314187692909
            ],
            [
              -1.1903166813089106,
              53.635892666586216
            ],
            [
              -1.1523086243505636,
              53.64275745161959
            ],
            [
              -1.1354061159382425,
              53.63270429568037
            ],
            [
              -1.1217468929693528,
              53.64669884707324
            ],
            [
              -1.0660735490363233,
              53.6488662322886
            ],
            [
              -1.0486653775167076,
              53.65603686842776
            ],
            [
              -0.9910134119069767,
              53.66116484006993
            ]
          ]
        ]
      },
      "properties": {
        "name": "South Yorkshire",
        "color": "hsl(103, 70%, 60%)"
      }
    },
    {
      "type": "Feature",
      "id": 12,
      "geometry": {
        "type": "MultiPolygon",
        "coordinates": [
          [
            [
              [
                -0.5357489557275058,
                53.68123672346274
              ],
              [
                -0.5537135619407858,
                53.690309164166976
              ],
              [
                -0.5207717736286938,
                53.68519660378701
              ],
              [
                -0.5357489557275058,
                53.68123672346274
              ]
            ]
          ],
          [
            [
              [
                -0.12035651793702859,
                53.43354083397101
              ],
              [
                -0.1318890511213575,
                53.43591532971514
              ],
              [
                -0.14923150388363832,
                53.44666752259408
              ],
              [
                -0.15367858263715165,
                53.465650944511445
              ],
              [
                -0.1818140795047677,
                53.46861758618866
              ],
              [
                -0.18856505695212036,
                53.484506135915524
              ],
              [
                -0.2106166791219756,
                53.48625877508
              ],
              [
                -0.2040839804029873,
                53.511736449997976
              ],
              [
                -0.21058814627436934,
                53.53168315829447
              ],
              [
                -0.21989043711860695,
                53.532577160857365
              ],
              [
                -0.18934725409603612,
                53.56589257528335
              ],
              [
                -0.19519023941982142,
                53.571590413914365
              ],
              [
                -0.22255633932087027,
                53.56799089401979
              ],
              [
                -0.234678453795752,
                53.58622144084426
              ],
              [
                -0.25139327410510576,
                53.58462409260631
              ],
              [
                -0.24848268071647395,
                53.59363394456512
              ],
              [
                -0.292116520588988,
                53.61324149826968
              ],
              [
                -0.3085520868796689,
                53.61430197517768
              ],
              [
                -0.3007449199112598,
                53.59525965905049
              ],
              [
                -0.33594298963024677,
                53.55860120702561
              ],
              [
                -0.416967257856424,
                53.56318901900733
              ],
              [
                -0.4290048542686029,
                53.57450345750348
              ],
              [
                -0.4670230653887155,
                53.54893688063734
              ],
              [
                -0.4909361416573275,
                53.5458520916886
              ],
              [
                -0.5012401694322213,
                53.53743291098296
              ],
              [
                -0.43066768273142975,
                53.54631685000929
              ],
              [
                -0.4060329543447571,
                53.52388614421955
              ],
              [
                -0.4155338911381534,
                53.514663489282384
              ],
              [
                -0.4883824146368259,
                53.504837702148414
              ],
              [
                -0.47825681646189616,
                53.473480233469864
              ],
              [
                -0.557990889265558,
                53.458854699079325
              ],
              [
                -0.6297519469372711,
                53.458189101099386
              ],
              [
                -0.6244918542941285,
                53.51280984496325
              ],
              [
                -0.738581266288017,
                53.51982110375064
              ],
              [
                -0.7418125241312541,
                53.5115582924775
              ],
              [
                -0.7510645998769478,
                53.50051791591106
              ],
              [
                -0.7672438126439229,
                53.49887907908586
              ],
              [
                -0.7681734189442526,
                53.49697400293123
              ],
              [
                -0.767870118695507,
                53.4793523817032
              ],
              [
                -0.7979638214265968,
                53.45530758676584
              ],
              [
                -0.8177463947760759,
                53.45825562224188
              ],
              [
                -0.8719196488642638,
                53.466285169692725
              ],
              [
                -0.9162555411058192,
                53.46026841862833
              ],
              [
                -0.9202502172286176,
                53.46548220448072
              ],
              [
                -0.9004782578576042,
                53.475135796032085
              ],
              [
                -0.9355629260565939,
                53.502491978898846
              ],
              [
                -0.9321013465163656,
                53.510649948285526
              ],
              [
                -0.9500176932322614,
                53.51363113653395
              ],
              [
                -0.943713801052082,
                53.53061840583971
              ],
              [
                -0.8923010334588771,
                53.537443146105254
              ],
              [
                -0.9012654298205914,
                53.54788097249704
              ],
              [
                -0.8909975057749236,
                53.56653686413574
              ],
              [
                -0.9011186269220163,
                53.56869768912498
              ],
              [
                -0.8979314565053657,
                53.583257157492866
              ],
              [
                -0.8653408829901827,
                53.63768506708118
              ],
              [
                -0.9468448516884334,
                53.659121639912485
              ],
              [
                -0.9899915799351889,
                53.65896301299018
              ],
              [
                -0.9910134119069767,
                53.66116484006993
              ],
              [
                -1.0486653775167076,
                53.65603686842776
              ],
              [
                -1.0790526776046787,
                53.66351017935306
              ],
              [
                -1.1035780123663357,
                53.66953878556248
              ],
              [
                -1.0689444791455966,
                53.703961076063244
              ],
              [
                -1.0388731444513826,
                53.69405200363353
              ],
              [
                -0.9805823851228748,
                53.697084656354235
              ],
              [
                -0.9802942329101882,
                53.69710018100538
              ],
              [
                -0.9805135592371067,
                53.69993343436415
              ],
              [
                -0.9809330722188279,
                53.70514135836097
              ],
              [
                -0.9627815030776294,
                53.700949733486596
              ],
              [
                -0.9578299818826406,
                53.71498280625102
              ],
              [
                -0.9064906590461641,
                53.719738628102235
              ],
              [
                -0.9118925003439028,
                53.73238974772009
              ],
              [
                -0.9616236151477815,
                53.735680317362466
              ],
              [
                -0.9733078103633229,
                53.750162534105904
              ],
              [
                -0.9282536701516091,
                53.7655789097994
              ],
              [
                -0.9344984750001322,
                53.80175014231201
              ],
              [
                -0.9201007099526427,
                53.816065758092606
              ],
              [
                -0.9406161699549817,
                53.823493336948104
              ],
              [
                -0.9482301282212042,
                53.86159002604104
              ],
              [
                -0.923516055981075,
                53.88074073839696
              ],
              [
                -0.9208435264277676,
                53.890594892354535
              ],
              [
                -0.9495192170006568,
                53.89389625584343
              ],
              [
                -0.9216026562333143,
                53.92139555233495
              ],
              [
                -0.9212060554060498,
                53.960400895945284
              ],
              [
                -0.9341088705076093,
                53.96843464280396
              ],
              [
                -0.9252986683523996,
                53.99150069698328
              ],
              [
                -0.8939093878828334,
                53.999512010031324
              ],
              [
                -0.8784383311927825,
                54.01716522396511
              ],
              [
                -0.8007057390676073,
                54.02409986173637
              ],
              [
                -0.7991877754327316,
                54.0190333267965
              ],
              [
                -0.7342535126574796,
                54.03024074811414
              ],
              [
                -0.7304828322651007,
                54.01268279910125
              ],
              [
                -0.6834952515929029,
                54.008779795643235
              ],
              [
                -0.6870305222026832,
                54.030750034599514
              ],
              [
                -0.6594801667811943,
                54.03715134756358
              ],
              [
                -0.644649685852895,
                54.05508765540788
              ],
              [
                -0.6603110226260018,
                54.06307398069127
              ],
              [
                -0.6155246916045329,
                54.07047656759522
              ],
              [
                -0.5631348772478895,
                54.09397806167121
              ],
              [
                -0.5246131892252006,
                54.0854492300813
              ],
              [
                -0.4659453685521603,
                54.10760917116475
              ],
              [
                -0.4543477186814366,
                54.116736896931094
              ],
              [
                -0.4585345735707597,
                54.12594986174279
              ],
              [
                -0.42709598409686506,
                54.13741693961326
              ],
              [
                -0.4331626481491971,
                54.16404801730346
              ],
              [
                -0.418245526974568,
                54.17403692575567
              ],
              [
                -0.39074080259403454,
                54.17649490672712
              ],
              [
                -0.3749181339813497,
                54.15408973529549
              ],
              [
                -0.3463861511946514,
                54.146851922303675
              ],
              [
                -0.3238325525311124,
                54.150270292486276
              ],
              [
                -0.30422402340538446,
                54.13624302391659
              ],
              [
                -0.2654089215136154,
                54.14053484944735
              ],
              [
                -0.22974819520837172,
                54.13242015812184
              ],
              [
                -0.21249773868089414,
                54.15766643215017
              ],
              [
                -0.09373681707297167,
                54.128419117926974
              ],
              [
                -0.07629782378883877,
                54.11633900301144
              ],
              [
                -0.10447281080635751,
                54.104120604460995
              ],
              [
                -0.1668071313574068,
                54.098839199546696
              ],
              [
                -0.21227412646295726,
                54.056547494099114
              ],
              [
                -0.21308288208346257,
                54.007434876865595
              ],
              [
                -0.15601662422588952,
                53.901588593141355
              ],
              [
                -0.03711787755685119,
                53.78886280966614
              ],
              [
                0.11653545840931787,
                53.66307769495153
              ],
              [
                0.14563223441799691,
                53.607738247383104
              ],
              [
                0.1466819290143047,
                53.60041944603765
              ],
              [
                0.14198372508075718,
                53.59568496698781
              ],
              [
                0.1075832464360034,
                53.57129464876176
              ],
              [
                0.14247275410589844,
                53.597285439087564
              ],
              [
                0.1446861926361981,
                53.60458170442589
              ],
              [
                0.14236079316960812,
                53.60940610487566
              ],
              [
                0.0814227689805332,
                53.6404184316547
              ],
              [
                0.03247269099083759,
                53.64931466615668
              ],
              [
                -0.05389034697136254,
                53.62904879088661
              ],
              [
                -0.10342905842817171,
                53.63525592386204
              ],
              [
                -0.21401818659457492,
                53.70884586473418
              ],
              [
                -0.22714015335506846,
                53.70847446719076
              ],
              [
                -0.23022486917423335,
                53.73352846449313
              ],
              [
                -0.2430697676019566,
                53.729438589166534
              ],
              [
                -0.2443400668748013,
                53.73715206502284
              ],
              [
                -0.24403718495605073,
                53.73750719913638
              ],
              [
                -0.2473125803300369,
                53.74114188692839
              ],
              [
                -0.2451390548292378,
                53.73653451773474
              ],
              [
                -0.2501562512203631,
                53.73328185052075
              ],
              [
                -0.28663578100481146,
                53.74251963792531
              ],
              [
                -0.3312181877917443,
                53.73828564236819
              ],
              [
                -0.41920895792320423,
                53.71955892438536
              ],
              [
                -0.5425625625956183,
                53.708421603561014
              ],
              [
                -0.5833451005055986,
                53.72657400290015
              ],
              [
                -0.6302139070753933,
                53.73396845020023
              ],
              [
                -0.6372462397096486,
                53.72887107112363
              ],
              [
                -0.6185334477844158,
                53.730490516124654
              ],
              [
                -0.6716199007260237,
                53.72181434638023
              ],
              [
                -0.6959849328105537,
                53.70433814660557
              ],
              [
                -0.7425966163900444,
                53.70695779954198
              ],
              [
                -0.712498736348663,
                53.70231451615841
              ],
              [
                -0.6985222831379854,
                53.6977140329937
              ],
              [
                -0.7099850640570345,
                53.69584251595822
              ],
              [
                -0.6997213303802392,
                53.69566861989086
              ],
              [
                -0.6985029665170474,
                53.68459016502403
              ],
              [
                -0.6917344152201363,
                53.678727616971514
              ],
              [
                -0.684924017145283,
                53.672810278773184
              ],
              [
                -0.6949106692151202,
                53.69450169088124
              ],
              [
                -0.6395029027932235,
                53.710146013810785
              ],
              [
                -0.6106496147947934,
                53.714435152025615
              ],
              [
                -0.5862642830811791,
                53.69331357841847
              ],
              [
                -0.523512662164894,
                53.676969516789065
              ],
              [
                -0.4705717165877209,
                53.698202462077084
              ],
              [
                -0.44341412521275453,
                53.69733124437844
              ],
              [
                -0.4428486001194138,
                53.68926066888127
              ],
              [
                -0.44256662041946976,
                53.69731123832012
              ],
              [
                -0.39494639727974273,
                53.70002653320562
              ],
              [
                -0.39049591284236373,
                53.68922475697547
              ],
              [
                -0.38760857960308903,
                53.70216628139952
              ],
              [
                -0.29415494167467904,
                53.714113005366805
              ],
              [
                -0.2007294630359528,
                53.63994054385942
              ],
              [
                -0.09384357893636894,
                53.581129414326966
              ],
              [
                -0.07927489587620554,
                53.57693186014864
              ],
              [
                -0.06400849102661223,
                53.58376967506671
              ],
              [
                -0.015032283757312966,
                53.551475332763594
              ],
              [
                -0.003527917260239181,
                53.5466899339087
              ],
              [
                -0.00854174966620275,
                53.5556376150506
              ],
              [
                0.017635996242509205,
                53.525459907847676
              ],
              [
                -0.03960137030100706,
                53.5130892838581
              ],
              [
                -0.04661016273663301,
                53.520072329683856
              ],
              [
                -0.06504555784539463,
                53.51870906385445
              ],
              [
                -0.07526282041824228,
                53.48930631658359
              ],
              [
                -0.09549091314269323,
                53.48596257243414
              ],
              [
                -0.08980501985610768,
                53.47765505105637
              ],
              [
                -0.10782971729492655,
                53.46983301198363
              ],
              [
                -0.08221590030874464,
                53.451121080971255
              ],
              [
                -0.12035651793702859,
                53.43354083397101
              ]
            ]
          ]
        ]
      },
      "properties": {
        "name": "Humberside",
        "color": "hsl(47, 70%, 60%)"
      }
    },
    {
      "type": "Feature",
      "id": 13,
      "geometry": {
        "type": "Polygon",
        "coordinates": [
          [
            [
              -1.2702375191043143,
              54.72716041583747
            ],
            [
              -1.2518523226742044,
              54.7196072918711
            ],
            [
              -1.240980487142387,
              54.72317938885142
            ],
            [
              -1.1761640606043982,
              54.69767391162928
            ],
            [
              -1.1739867595368092,
              54.69180861052268
            ],
            [
              -1.1962554206442324,
              54.69857268259404
            ],
            [
              -1.1880272444240745,
              54.693350374608315
            ],
            [
              -1.1990924951452524,
              54.68057271243434
            ],
            [
              -1.1758814313909127,
              54.65341128825711
            ],
            [
              -1.1576380324981381,
              54.64819018714215
            ],
            [
              -1.173166000981673,
              54.63370228344249
            ],
            [
              -1.1882462901140052,
              54.632591046828175
            ],
            [
              -1.200642960109936,
              54.62293159264535
            ],
            [
              -1.1729637718148802,
              54.62152349485057
            ],
            [
              -1.1679572510072291,
              54.629316898112364
            ],
            [
              -1.1599633243652827,
              54.61131460244192
            ],
            [
              -1.1855679246410853,
              54.59139449282397
            ],
            [
              -1.1975123914322856,
              54.58209177263637
            ],
            [
              -1.1601812853625195,
              54.60448595232227
            ],
            [
              -1.146733418402182,
              54.5990625913235
            ],
            [
              -1.157530624257537,
              54.60540219187351
            ],
            [
              -1.1517678725961227,
              54.614519769482726
            ],
            [
              -1.1322755529699147,
              54.608558034800794
            ],
            [
              -1.1508416913117843,
              54.615124397629465
            ],
            [
              -1.154328639422923,
              54.62768572062577
            ],
            [
              -1.1353888819188456,
              54.62968191838911
            ],
            [
              -1.1374267104854732,
              54.647580634529525
            ],
            [
              -1.1127695601696836,
              54.62769395424531
            ],
            [
              -1.0525740763625726,
              54.61645345679679
            ],
            [
              -1.0005385294203357,
              54.59322564435062
            ],
            [
              -0.9614700959730931,
              54.584898121577424
            ],
            [
              -0.9381699083328702,
              54.588937955072566
            ],
            [
              -0.8982566529675908,
              54.57124469698803
            ],
            [
              -0.8534292913986139,
              54.57176297044931
            ],
            [
              -0.7942363470098867,
              54.55842548094718
            ],
            [
              -0.8004081429536198,
              54.55099128522257
            ],
            [
              -0.8269784170198644,
              54.54855558567888
            ],
            [
              -0.8486351895503206,
              54.529988880985876
            ],
            [
              -0.8485196841454437,
              54.48795335459395
            ],
            [
              -0.880813578888283,
              54.497028399164954
            ],
            [
              -0.9529505269239121,
              54.48802214409016
            ],
            [
              -1.0033897895292727,
              54.50299897197777
            ],
            [
              -1.0368487035597327,
              54.49403114600815
            ],
            [
              -1.0945111786801553,
              54.506744342293764
            ],
            [
              -1.1183709924935217,
              54.49818504575723
            ],
            [
              -1.1461914752984632,
              54.50280640199779
            ],
            [
              -1.2348605360606728,
              54.510302076365434
            ],
            [
              -1.2566663117105235,
              54.50109144548617
            ],
            [
              -1.2573947712708176,
              54.487309627868676
            ],
            [
              -1.2809732743340487,
              54.49042689283876
            ],
            [
              -1.3003340139432935,
              54.47583751102028
            ],
            [
              -1.3436228598933389,
              54.46414538128631
            ],
            [
              -1.3449105061240763,
              54.4723935715538
            ],
            [
              -1.3644069724606571,
              54.465937049615874
            ],
            [
              -1.3725638318845625,
              54.472297609677625
            ],
            [
              -1.3810006391048144,
              54.494017977065305
            ],
            [
              -1.3950497059277072,
              54.48566818752024
            ],
            [
              -1.4070840403403286,
              54.49351959164476
            ],
            [
              -1.4127833523755837,
              54.47718194012981
            ],
            [
              -1.4321198307391896,
              54.47944019926495
            ],
            [
              -1.4348950877842068,
              54.48747865308775
            ],
            [
              -1.4214748528155723,
              54.51962474954396
            ],
            [
              -1.449612651840537,
              54.53295794994787
            ],
            [
              -1.4467559901978695,
              54.55565499353535
            ],
            [
              -1.4113397805795354,
              54.56480737780826
            ],
            [
              -1.4072861487289734,
              54.59371654860096
            ],
            [
              -1.4233263884871719,
              54.603113431220535
            ],
            [
              -1.4383443527467357,
              54.59506886041602
            ],
            [
              -1.4509053147495445,
              54.610503033605205
            ],
            [
              -1.4128229607623013,
              54.616579234697845
            ],
            [
              -1.3808959269516023,
              54.643902095648144
            ],
            [
              -1.341249339606546,
              54.650199487693186
            ],
            [
              -1.3478421445298427,
              54.662403362405584
            ],
            [
              -1.3309458963196665,
              54.68211825000377
            ],
            [
              -1.3445121247052716,
              54.69110730206832
            ],
            [
              -1.3193295227223256,
              54.69134594913146
            ],
            [
              -1.3013253551364419,
              54.70808481311783
            ],
            [
              -1.3055100135110782,
              54.71750905047919
            ],
            [
              -1.2702375191043143,
              54.72716041583747
            ]
          ]
        ]
      },
      "properties": {
        "name": "Cleveland",
        "color": "hsl(147, 70%, 60%)"
      }
    },
    {
      "type": "Feature",
      "id": 14,
      "geometry": {
        "type": "Polygon",
        "coordinates": [
          [
            [
              -1.954580982778436,
              52.66262092116222
            ],
            [
              -1.945421897929378,
              52.656279335545264
            ],
            [
              -1.9335872681193995,
              52.66159519574958
            ],
            [
              -1.910887793316081,
              52.65648316399281
            ],
            [
              -1.9180256667432967,
              52.64988088566587
            ],
            [
              -1.9050918628989795,
              52.643191889492236
            ],
            [
              -1.9159989991860598,
              52.63527118639531
            ],
            [
              -1.8860991714351265,
              52.61539688964252
            ],
            [
              -1.8922830961198074,
              52.599131191463336
            ],
            [
              -1.8725847285080541,
              52.58492576030966
            ],
            [
              -1.8539612604282274,
              52.60190396795731
            ],
            [
              -1.8281403153693931,
              52.60870156554466
            ],
            [
              -1.7965385180429772,
              52.59910437325638
            ],
            [
              -1.7881034654963657,
              52.58784334929845
            ],
            [
              -1.763559369408972,
              52.57095896601378
            ],
            [
              -1.7742447138640978,
              52.564615004654726
            ],
            [
              -1.7560176983556373,
              52.55536425957594
            ],
            [
              -1.7491039791264225,
              52.53140975688662
            ],
            [
              -1.7288916443969684,
              52.52454186106853
            ],
            [
              -1.7538192753945305,
              52.52119812871681
            ],
            [
              -1.7535411263256326,
              52.512953791283245
            ],
            [
              -1.6771695651007126,
              52.43633715828211
            ],
            [
              -1.666600020631064,
              52.43545378488191
            ],
            [
              -1.6622963261413561,
              52.44427880464096
            ],
            [
              -1.6414126398047237,
              52.44332733017965
            ],
            [
              -1.624469414970584,
              52.46352034533896
            ],
            [
              -1.5954992353925879,
              52.45590018161619
            ],
            [
              -1.5898808659451222,
              52.46189518155075
            ],
            [
              -1.561202788904813,
              52.45520258512959
            ],
            [
              -1.5398090638045057,
              52.4647766282742
            ],
            [
              -1.5050453324372997,
              52.45007237923831
            ],
            [
              -1.4919990964644674,
              52.458566647640225
            ],
            [
              -1.4590747546900742,
              52.455139305171414
            ],
            [
              -1.4239426659372096,
              52.43295662229851
            ],
            [
              -1.4380575811438734,
              52.41023447797479
            ],
            [
              -1.431408286917673,
              52.39685226463264
            ],
            [
              -1.464026620057595,
              52.37324351966759
            ],
            [
              -1.5045166540979387,
              52.37778940586881
            ],
            [
              -1.5139262076573108,
              52.369045041407816
            ],
            [
              -1.5246692241195738,
              52.3793825049693
            ],
            [
              -1.5524297932890834,
              52.36387489735982
            ],
            [
              -1.5676173500935295,
              52.384671782529686
            ],
            [
              -1.6010893122069938,
              52.389284533854116
            ],
            [
              -1.6225192854380912,
              52.3661512811635
            ],
            [
              -1.648441903737654,
              52.35672859388441
            ],
            [
              -1.6609130456866423,
              52.36565631457436
            ],
            [
              -1.6844579180234571,
              52.363168297859964
            ],
            [
              -1.6938965048932673,
              52.350993443323816
            ],
            [
              -1.7185603651231318,
              52.355720644024
            ],
            [
              -1.7204951633918055,
              52.37255481787174
            ],
            [
              -1.7349918507198008,
              52.37022379197802
            ],
            [
              -1.7461833016203674,
              52.354920126005254
            ],
            [
              -1.7792446063073724,
              52.36452504692592
            ],
            [
              -1.7757744693671813,
              52.347949643502666
            ],
            [
              -1.8078140491544834,
              52.36658873180995
            ],
            [
              -1.87204941364165,
              52.36758369155404
            ],
            [
              -1.845515940214387,
              52.39976358113061
            ],
            [
              -1.8687672391645622,
              52.40471822753225
            ],
            [
              -1.8827149432570796,
              52.399797322959294
            ],
            [
              -1.9136821704340958,
              52.40744755410047
            ],
            [
              -1.9343360840831234,
              52.387224133280355
            ],
            [
              -1.9536365824946276,
              52.393355521810285
            ],
            [
              -1.9985015237402217,
              52.3811200606899
            ],
            [
              -2.0336590900918194,
              52.40231389600418
            ],
            [
              -1.986047078433196,
              52.41671098782943
            ],
            [
              -2.0170031532136865,
              52.43266789473774
            ],
            [
              -2.037002138475339,
              52.427530006613694
            ],
            [
              -2.0378966391313362,
              52.44154517587537
            ],
            [
              -2.055799937711708,
              52.44128635295192
            ],
            [
              -2.062488531184019,
              52.42741138973123
            ],
            [
              -2.0680596216125537,
              52.435175700427806
            ],
            [
              -2.08483700349446,
              52.43218015490167
            ],
            [
              -2.098574293185219,
              52.44526795929693
            ],
            [
              -2.1360325569620517,
              52.42625282967864
            ],
            [
              -2.164871420635239,
              52.43018972230225
            ],
            [
              -2.1765006026835,
              52.4548056017384
            ],
            [
              -2.1674403701078497,
              52.471522186588764
            ],
            [
              -2.1919579348161093,
              52.50344423607696
            ],
            [
              -2.1442268690348922,
              52.51705986913468
            ],
            [
              -2.1522291604268164,
              52.52568014883302
            ],
            [
              -2.13560071069453,
              52.53444753687597
            ],
            [
              -2.133493155074894,
              52.554047840691325
            ],
            [
              -2.175543597801579,
              52.55438849039514
            ],
            [
              -2.180345832745388,
              52.574491542295576
            ],
            [
              -2.20670560181406,
              52.58516431487784
            ],
            [
              -2.1892017810924806,
              52.588762535021736
            ],
            [
              -2.1964109685199538,
              52.606595530841936
            ],
            [
              -2.1691772376523564,
              52.609325513648216
            ],
            [
              -2.16836161698303,
              52.61997055420089
            ],
            [
              -2.1316495435020646,
              52.63760997321547
            ],
            [
              -2.10124735241209,
              52.63503284943632
            ],
            [
              -2.081020320490304,
              52.61189084689175
            ],
            [
              -2.0507257630343214,
              52.620501911931285
            ],
            [
              -2.03013224230121,
              52.61694002278597
            ],
            [
              -2.0294735011400964,
              52.625660238499016
            ],
            [
              -1.9865684734661464,
              52.64038833657421
            ],
            [
              -1.9609710216191225,
              52.642800918246465
            ],
            [
              -1.954580982778436,
              52.66262092116222
            ]
          ]
        ]
      },
      "properties": {
        "name": "West Midlands",
        "color": "hsl(141, 70%, 60%)"
      }
    },
    {
      "type": "Feature",
      "id": 15,
      "geometry": {
        "type": "Polygon",
        "coordinates": [
          [
            [
              -1.8607498580848074,
              53.18840306883707
            ],
            [
              -1.8125442804694145,
              53.15432294615522
            ],
            [
              -1.8218885120578006,
              53.13668297292175
            ],
            [
              -1.7837325563275768,
              53.10281218641461
            ],
            [
              -1.794256486117205,
              53.08837646594022
            ],
            [
              -1.775668982436916,
              53.059335164755865
            ],
            [
              -1.7789958977634779,
              53.04482398660406
            ],
            [
              -1.7589461574194172,
              53.037297125037526
            ],
            [
              -1.7624177944823536,
              52.99983730016289
            ],
            [
              -1.8267889001241233,
              52.97707094717673
            ],
            [
              -1.8298160338153062,
              52.94568491297035
            ],
            [
              -1.8565875044000326,
              52.92337288633883
            ],
            [
              -1.8282278083466779,
              52.88441153050796
            ],
            [
              -1.7772288460628858,
              52.88379649020016
            ],
            [
              -1.7460207667597825,
              52.86867667334691
            ],
            [
              -1.725339640914705,
              52.85964125867674
            ],
            [
              -1.704350175367919,
              52.86666553148411
            ],
            [
              -1.700619056878362,
              52.860561370067124
            ],
            [
              -1.6902836321226342,
              52.86445425272875
            ],
            [
              -1.6267649241417268,
              52.854419233026256
            ],
            [
              -1.5853700127087436,
              52.83169140164983
            ],
            [
              -1.6105021283714749,
              52.81638649874479
            ],
            [
              -1.5918417691243745,
              52.80947380488536
            ],
            [
              -1.5888764748603874,
              52.79984478221369
            ],
            [
              -1.6143564611257095,
              52.78825289495575
            ],
            [
              -1.611140667025169,
              52.78138337809378
            ],
            [
              -1.6665485375139106,
              52.78470731266673
            ],
            [
              -1.704164920533688,
              52.73205626991185
            ],
            [
              -1.6566204193265024,
              52.72173394372352
            ],
            [
              -1.6550543196100327,
              52.698778826228704
            ],
            [
              -1.5975503424566555,
              52.70040454089675
            ],
            [
              -1.5896530257672423,
              52.6872435368957
            ],
            [
              -1.6449565832080468,
              52.657495289799435
            ],
            [
              -1.6329365817898134,
              52.64346164502827
            ],
            [
              -1.6424306428792925,
              52.640919597515186
            ],
            [
              -1.6437996566541582,
              52.60333742567271
            ],
            [
              -1.6656484573493435,
              52.59223574513534
            ],
            [
              -1.7004067880041414,
              52.59089037268027
            ],
            [
              -1.729327720727682,
              52.587912431327474
            ],
            [
              -1.742426921244364,
              52.59430642181209
            ],
            [
              -1.7881034654963657,
              52.58784334929845
            ],
            [
              -1.7965385180429772,
              52.59910437325638
            ],
            [
              -1.8281403153693931,
              52.60870156554466
            ],
            [
              -1.8539612604282274,
              52.60190396795731
            ],
            [
              -1.8725847285080541,
              52.58492576030966
            ],
            [
              -1.8922830961198074,
              52.599131191463336
            ],
            [
              -1.8860991714351265,
              52.61539688964252
            ],
            [
              -1.9159989991860598,
              52.63527118639531
            ],
            [
              -1.9050918628989795,
              52.643191889492236
            ],
            [
              -1.9180256667432967,
              52.64988088566587
            ],
            [
              -1.910887793316081,
              52.65648316399281
            ],
            [
              -1.9335872681193995,
              52.66159519574958
            ],
            [
              -1.945421897929378,
              52.656279335545264
            ],
            [
              -1.954580982778436,
              52.66262092116222
            ],
            [
              -1.9609710216191225,
              52.642800918246465
            ],
            [
              -1.9865684734661464,
              52.64038833657421
            ],
            [
              -2.0294735011400964,
              52.625660238499016
            ],
            [
              -2.03013224230121,
              52.61694002278597
            ],
            [
              -2.0507257630343214,
              52.620501911931285
            ],
            [
              -2.081020320490304,
              52.61189084689175
            ],
            [
              -2.10124735241209,
              52.63503284943632
            ],
            [
              -2.1316495435020646,
              52.63760997321547
            ],
            [
              -2.16836161698303,
              52.61997055420089
            ],
            [
              -2.1691772376523564,
              52.609325513648216
            ],
            [
              -2.1964109685199538,
              52.606595530841936
            ],
            [
              -2.1892017810924806,
              52.588762535021736
            ],
            [
              -2.20670560181406,
              52.58516431487784
            ],
            [
              -2.180345832745388,
              52.574491542295576
            ],
            [
              -2.175543597801579,
              52.55438849039514
            ],
            [
              -2.133493155074894,
              52.554047840691325
            ],
            [
              -2.13560071069453,
              52.53444753687597
            ],
            [
              -2.1522291604268164,
              52.52568014883302
            ],
            [
              -2.1442268690348922,
              52.51705986913468
            ],
            [
              -2.1919579348161093,
              52.50344423607696
            ],
            [
              -2.1674403701078497,
              52.471522186588764
            ],
            [
              -2.1765006026835,
              52.4548056017384
            ],
            [
              -2.164871420635239,
              52.43018972230225
            ],
            [
              -2.167714969400148,
              52.42376682742963
            ],
            [
              -2.269522697368432,
              52.43860093677908
            ],
            [
              -2.294981811682926,
              52.44893265303305
            ],
            [
              -2.2874015417073448,
              52.45529827987283
            ],
            [
              -2.3127620357584844,
              52.48919816282364
            ],
            [
              -2.2913941942444183,
              52.5116646875346
            ],
            [
              -2.2609522428640836,
              52.52408789769675
            ],
            [
              -2.269231602351181,
              52.530676934568916
            ],
            [
              -2.25641263825103,
              52.54178095475441
            ],
            [
              -2.282482268834088,
              52.553381481512034
            ],
            [
              -2.2619422153559032,
              52.56904410112552
            ],
            [
              -2.3003040674095048,
              52.59300980484797
            ],
            [
              -2.3220382085026063,
              52.59361793877919
            ],
            [
              -2.323804634397436,
              52.61294120602964
            ],
            [
              -2.2815944827466423,
              52.60585725531789
            ],
            [
              -2.2561898050447238,
              52.609780545734836
            ],
            [
              -2.2329106110194763,
              52.64767546286353
            ],
            [
              -2.2347132122421978,
              52.65583456634965
            ],
            [
              -2.247697389820237,
              52.65664417571
            ],
            [
              -2.238732681671763,
              52.66368353612802
            ],
            [
              -2.247743397959856,
              52.683055787470714
            ],
            [
              -2.3030511300479932,
              52.68293625661618
            ],
            [
              -2.3199166100674495,
              52.695378590136436
            ],
            [
              -2.324843703164423,
              52.70531674234363
            ],
            [
              -2.308613488456688,
              52.72073238409145
            ],
            [
              -2.3155859872503783,
              52.73293091886646
            ],
            [
              -2.31222168581919,
              52.7408506736031
            ],
            [
              -2.3850371027520927,
              52.789539902063076
            ],
            [
              -2.371428871590657,
              52.79526466743996
            ],
            [
              -2.377665978362044,
              52.81162387696825
            ],
            [
              -2.416356833266797,
              52.82699234293526
            ],
            [
              -2.3937664217219634,
              52.836607273550534
            ],
            [
              -2.378941814918156,
              52.89170675831041
            ],
            [
              -2.440414148689062,
              52.88121083098518
            ],
            [
              -2.4461501483316375,
              52.873988891364185
            ],
            [
              -2.4708465680553107,
              52.90585090334775
            ],
            [
              -2.437133910280333,
              52.943582200694
            ],
            [
              -2.425276923054307,
              52.94998067082629
            ],
            [
              -2.4056056930264607,
              52.94728073357123
            ],
            [
              -2.4129017831925963,
              52.96172837488953
            ],
            [
              -2.386222059850966,
              52.95319734496899
            ],
            [
              -2.3797244212934516,
              52.97605103504623
            ],
            [
              -2.368732180823989,
              52.979339750107364
            ],
            [
              -2.3807996474106097,
              52.99839484107714
            ],
            [
              -2.383058090592543,
              53.0077723262552
            ],
            [
              -2.3704783280176493,
              53.014554086228344
            ],
            [
              -2.384234849280556,
              53.02615143110071
            ],
            [
              -2.3812621493437973,
              53.05253519130564
            ],
            [
              -2.3475901957707137,
              53.05615309319874
            ],
            [
              -2.318055580279875,
              53.0813422739443
            ],
            [
              -2.29338798397036,
              53.078313410978964
            ],
            [
              -2.253250380428363,
              53.093956681729075
            ],
            [
              -2.2474178227656765,
              53.08983398959636
            ],
            [
              -2.211321594419288,
              53.11580993854471
            ],
            [
              -2.1556477114776684,
              53.15960011387926
            ],
            [
              -2.141415158664003,
              53.156633544795
            ],
            [
              -2.1404421907391926,
              53.18379020225373
            ],
            [
              -2.1120906704338926,
              53.168638011983425
            ],
            [
              -2.0702410644578984,
              53.171663370463804
            ],
            [
              -2.0465376485340276,
              53.19262810036829
            ],
            [
              -2.000214525823586,
              53.1937158803441
            ],
            [
              -1.9874266245533168,
              53.213562615626245
            ],
            [
              -1.9623784437563812,
              53.22622261783402
            ],
            [
              -1.956714002783706,
              53.213726224552396
            ],
            [
              -1.8986456210689482,
              53.19993807681562
            ],
            [
              -1.8607498580848074,
              53.18840306883707
            ]
          ]
        ]
      },
      "properties": {
        "name": "Staffordshire",
        "color": "hsl(131, 70%, 60%)"
      }
    },
    {
      "type": "Feature",
      "id": 16,
      "geometry": {
        "type": "Polygon",
        "coordinates": [
          [
            [
              -2.3797244212934516,
              52.97605103504623
            ],
            [
              -2.386222059850966,
              52.95319734496899
            ],
            [
              -2.4129017831925963,
              52.96172837488953
            ],
            [
              -2.4056056930264607,
              52.94728073357123
            ],
            [
              -2.425276923054307,
              52.94998067082629
            ],
            [
              -2.437133910280333,
              52.943582200694
            ],
            [
              -2.4708465680553107,
              52.90585090334775
            ],
            [
              -2.4461501483316375,
              52.873988891364185
            ],
            [
              -2.440414148689062,
              52.88121083098518
            ],
            [
              -2.378941814918156,
              52.89170675831041
            ],
            [
              -2.3937664217219634,
              52.836607273550534
            ],
            [
              -2.416356833266797,
              52.82699234293526
            ],
            [
              -2.377665978362044,
              52.81162387696825
            ],
            [
              -2.371428871590657,
              52.79526466743996
            ],
            [
              -2.3850371027520927,
              52.789539902063076
            ],
            [
              -2.31222168581919,
              52.7408506736031
            ],
            [
              -2.3155859872503783,
              52.73293091886646
            ],
            [
              -2.308613488456688,
              52.72073238409145
            ],
            [
              -2.324843703164423,
              52.70531674234363
            ],
            [
              -2.3199166100674495,
              52.695378590136436
            ],
            [
              -2.3030511300479932,
              52.68293625661618
            ],
            [
              -2.247743397959856,
              52.683055787470714
            ],
            [
              -2.238732681671763,
              52.66368353612802
            ],
            [
              -2.247697389820237,
              52.65664417571
            ],
            [
              -2.2347132122421978,
              52.65583456634965
            ],
            [
              -2.2329106110194763,
              52.64767546286353
            ],
            [
              -2.2561898050447238,
              52.609780545734836
            ],
            [
              -2.2815944827466423,
              52.60585725531789
            ],
            [
              -2.323804634397436,
              52.61294120602964
            ],
            [
              -2.3220382085026063,
              52.59361793877919
            ],
            [
              -2.3003040674095048,
              52.59300980484797
            ],
            [
              -2.2619422153559032,
              52.56904410112552
            ],
            [
              -2.282482268834088,
              52.553381481512034
            ],
            [
              -2.25641263825103,
              52.54178095475441
            ],
            [
              -2.269231602351181,
              52.530676934568916
            ],
            [
              -2.2609522428640836,
              52.52408789769675
            ],
            [
              -2.2913941942444183,
              52.5116646875346
            ],
            [
              -2.3127620357584844,
              52.48919816282364
            ],
            [
              -2.2874015417073448,
              52.45529827987283
            ],
            [
              -2.294981811682926,
              52.44893265303305
            ],
            [
              -2.269522697368432,
              52.43860093677908
            ],
            [
              -2.167714969400148,
              52.42376682742963
            ],
            [
              -2.164871420635239,
              52.43018972230225
            ],
            [
              -2.1360325569620517,
              52.42625282967864
            ],
            [
              -2.098574293185219,
              52.44526795929693
            ],
            [
              -2.08483700349446,
              52.43218015490167
            ],
            [
              -2.0680596216125537,
              52.435175700427806
            ],
            [
              -2.062488531184019,
              52.42741138973123
            ],
            [
              -2.055799937711708,
              52.44128635295192
            ],
            [
              -2.0378966391313362,
              52.44154517587537
            ],
            [
              -2.037002138475339,
              52.427530006613694
            ],
            [
              -2.0170031532136865,
              52.43266789473774
            ],
            [
              -1.986047078433196,
              52.41671098782943
            ],
            [
              -2.0336590900918194,
              52.40231389600418
            ],
            [
              -1.9985015237402217,
              52.3811200606899
            ],
            [
              -1.9536365824946276,
              52.393355521810285
            ],
            [
              -1.9343360840831234,
              52.387224133280355
            ],
            [
              -1.9136821704340958,
              52.40744755410047
            ],
            [
              -1.8827149432570796,
              52.399797322959294
            ],
            [
              -1.8687672391645622,
              52.40471822753225
            ],
            [
              -1.845515940214387,
              52.39976358113061
            ],
            [
              -1.87204941364165,
              52.36758369155404
            ],
            [
              -1.8889847764890677,
              52.36107396071979
            ],
            [
              -1.8648405049441512,
              52.33308041902083
            ],
            [
              -1.868578732367056,
              52.31457380672073
            ],
            [
              -1.880954612524423,
              52.310918909617186
            ],
            [
              -1.8865024277172846,
              52.286614759252245
            ],
            [
              -1.9159907250548849,
              52.27501498549808
            ],
            [
              -1.9374163516155463,
              52.27613407420692
            ],
            [
              -1.9346230125979857,
              52.2520026250155
            ],
            [
              -1.9174735920318935,
              52.21817025364582
            ],
            [
              -1.9356441740459327,
              52.20410262803571
            ],
            [
              -1.9416491500120425,
              52.17739526243028
            ],
            [
              -1.9604194182285162,
              52.16865535398017
            ],
            [
              -1.9355037646600222,
              52.16954342277623
            ],
            [
              -1.9443235223506432,
              52.15531603460793
            ],
            [
              -1.9219054913810807,
              52.152992789309565
            ],
            [
              -1.9034876778251444,
              52.133433873016095
            ],
            [
              -1.8851328571412505,
              52.14684022664132
            ],
            [
              -1.8942486832903396,
              52.14823327857312
            ],
            [
              -1.8897862647311179,
              52.15620373762072
            ],
            [
              -1.8669493731418176,
              52.152997580951016
            ],
            [
              -1.8542076221764257,
              52.13850786108482
            ],
            [
              -1.839691604087186,
              52.15270297997648
            ],
            [
              -1.8233632557931587,
              52.14590984200745
            ],
            [
              -1.823240215535748,
              52.136370750768585
            ],
            [
              -1.808453984584398,
              52.139862955953504
            ],
            [
              -1.785813416756714,
              52.13218210313764
            ],
            [
              -1.7957835057940905,
              52.124333085559954
            ],
            [
              -1.757675804073479,
              52.11606159919118
            ],
            [
              -1.7676683894404344,
              52.11257539518505
            ],
            [
              -1.8023023102042244,
              52.09692305303263
            ],
            [
              -1.8127572878040348,
              52.07873420930559
            ],
            [
              -1.8189610781539685,
              52.08538793376272
            ],
            [
              -1.831763562822095,
              52.07275714311698
            ],
            [
              -1.846636993207949,
              52.07940348433527
            ],
            [
              -1.8744172598669826,
              52.06997824119204
            ],
            [
              -1.8634676954966471,
              52.05340537923863
            ],
            [
              -1.8345989510963168,
              52.0437214736398
            ],
            [
              -1.8250404109335803,
              52.03092297690497
            ],
            [
              -1.8390617852323827,
              52.00676703341234
            ],
            [
              -1.9134624808488832,
              52.04445305076149
            ],
            [
              -1.9317393437465098,
              52.02994516321826
            ],
            [
              -1.9514083389971117,
              52.03771382825987
            ],
            [
              -1.9841519653352122,
              52.03587068970601
            ],
            [
              -2.038368833385339,
              52.004586958985534
            ],
            [
              -2.0495267151963823,
              52.003782618344694
            ],
            [
              -2.060802084274003,
              52.014674036278485
            ],
            [
              -2.0848943178943053,
              52.01046946919788
            ],
            [
              -2.1122097751774853,
              52.015337530870134
            ],
            [
              -2.1407046329209773,
              51.999456344036176
            ],
            [
              -2.1496729257246128,
              52.01124107380264
            ],
            [
              -2.139409337765303,
              52.02787742110101
            ],
            [
              -2.117240940161833,
              52.033601650690926
            ],
            [
              -2.118400438337689,
              52.04209664545245
            ],
            [
              -2.171389753912673,
              52.0475606994657
            ],
            [
              -2.180698374888847,
              52.04172085636789
            ],
            [
              -2.176919344061335,
              52.02254952667627
            ],
            [
              -2.1877036856396095,
              52.01907142378602
            ],
            [
              -2.1646388282937674,
              51.996134711239286
            ],
            [
              -2.1807615761326984,
              51.99960844888668
            ],
            [
              -2.185093955341849,
              51.99054807112739
            ],
            [
              -2.2206229802400337,
              51.99548570105078
            ],
            [
              -2.2513670461802167,
              51.96655481019083
            ],
            [
              -2.2705652427989906,
              51.96893077133766
            ],
            [
              -2.3004489034296784,
              51.966763454310424
            ],
            [
              -2.312626750559564,
              51.9764957234976
            ],
            [
              -2.3265540841230625,
              51.97578361438454
            ],
            [
              -2.3247169311397338,
              52.00356110387985
            ],
            [
              -2.3525605785759813,
              52.01352368197966
            ],
            [
              -2.3513834310142165,
              52.02134911514071
            ],
            [
              -2.3929014178452728,
              52.01294649123111
            ],
            [
              -2.399031671738695,
              51.9961401734387
            ],
            [
              -2.4131989182820845,
              51.994077390776916
            ],
            [
              -2.4373036681163307,
              51.99715510131046
            ],
            [
              -2.4365576958600657,
              52.014788724303315
            ],
            [
              -2.463261589276272,
              52.014327099573656
            ],
            [
              -2.464082620520227,
              52.023260659272296
            ],
            [
              -2.478939933176548,
              52.022517896386425
            ],
            [
              -2.491995004466793,
              52.007656329998454
            ],
            [
              -2.4709967790339507,
              51.9947235401264
            ],
            [
              -2.494921278812175,
              51.98106731606686
            ],
            [
              -2.492245685302517,
              51.964121852967025
            ],
            [
              -2.5009100223488403,
              51.96059686757564
            ],
            [
              -2.465496479026726,
              51.95168843863915
            ],
            [
              -2.4660507606409676,
              51.92796836461214
            ],
            [
              -2.448186594130259,
              51.91866025778462
            ],
            [
              -2.439371217711871,
              51.89738506938121
            ],
            [
              -2.487800204812613,
              51.880408189090986
            ],
            [
              -2.5086282233414217,
              51.88515712836031
            ],
            [
              -2.531630469212301,
              51.86076181614157
            ],
            [
              -2.5806513078465967,
              51.86166293365102
            ],
            [
              -2.582818409483043,
              51.84956827896218
            ],
            [
              -2.6012282527904613,
              51.85620990716703
            ],
            [
              -2.625469367170336,
              51.83895555360865
            ],
            [
              -2.636718155781499,
              51.84308503391977
            ],
            [
              -2.650408532820194,
              51.82611587905524
            ],
            [
              -2.666205298555788,
              51.83562095370235
            ],
            [
              -2.6933031451926697,
              51.83383694949232
            ],
            [
              -2.6973039050740684,
              51.844800418609395
            ],
            [
              -2.7151300103665665,
              51.84023380255698
            ],
            [
              -2.719608305076954,
              51.848909873249056
            ],
            [
              -2.73884581454613,
              51.83660765354625
            ],
            [
              -2.7787986073268462,
              51.86584974513669
            ],
            [
              -2.7684326618415556,
              51.88053740683602
            ],
            [
              -2.8361116523091665,
              51.90604217952009
            ],
            [
              -2.841911859610176,
              51.917716179065835
            ],
            [
              -2.861920405217444,
              51.9140108895418
            ],
            [
              -2.844944251937216,
              51.92201914337617
            ],
            [
              -2.8778339360863474,
              51.933808473219045
            ],
            [
              -2.9718413908887467,
              51.904972602449014
            ],
            [
              -2.976661513223893,
              51.9274824608534
            ],
            [
              -3.008124896794378,
              51.92712727355844
            ],
            [
              -3.025944336772769,
              51.95727340030792
            ],
            [
              -3.0673650842354228,
              51.98314124034214
            ],
            [
              -3.0992033568160084,
              52.02267887838698
            ],
            [
              -3.0862923904286585,
              52.04018730782858
            ],
            [
              -3.090582200541814,
              52.050505331677606
            ],
            [
              -3.1259017796601714,
              52.078306027040156
            ],
            [
              -3.1227168402047294,
              52.103151502371226
            ],
            [
              -3.105470595556358,
              52.105382407992664
            ],
            [
              -3.104991564865261,
              52.11671547383914
            ],
            [
              -3.141919974584497,
              52.127863000968155
            ],
            [
              -3.1358790793416214,
              52.13790127496373
            ],
            [
              -3.0936910205037114,
              52.14429702015879
            ],
            [
              -3.0725428666707253,
              52.15576578167549
            ],
            [
              -3.0825423197293387,
              52.16303792559329
            ],
            [
              -3.0989018288122328,
              52.15472294388091
            ],
            [
              -3.122434906967124,
              52.16341128322151
            ],
            [
              -3.0946585028961366,
              52.18373088682056
            ],
            [
              -3.1020903041972647,
              52.20271321638671
            ],
            [
              -3.07209352798539,
              52.213077224112865
            ],
            [
              -3.0730527908644567,
              52.235869024363225
            ],
            [
              -3.0442232715918833,
              52.23791675795321
            ],
            [
              -3.048320943100664,
              52.25022465735098
            ],
            [
              -3.0358751440280796,
              52.25674487878481
            ],
            [
              -3.00577679093617,
              52.264251605461475
            ],
            [
              -2.9771905078767524,
              52.25967270708981
            ],
            [
              -2.949634861270423,
              52.26945458494837
            ],
            [
              -3.012622594452983,
              52.27916248126194
            ],
            [
              -3.000874170676168,
              52.32175211948857
            ],
            [
              -2.9668117609457427,
              52.32943502210579
            ],
            [
              -2.9546600862212427,
              52.34914210426266
            ],
            [
              -2.9745135253469694,
              52.354688978101294
            ],
            [
              -3.0401818035847072,
              52.344311461724295
            ],
            [
              -3.060665563898113,
              52.34822903310958
            ],
            [
              -3.1106166693180515,
              52.37717818315843
            ],
            [
              -3.154448810738447,
              52.38769965756749
            ],
            [
              -3.1788460213638925,
              52.40938682753729
            ],
            [
              -3.219543031957032,
              52.42123713101
            ],
            [
              -3.23554856256218,
              52.442486473123836
            ],
            [
              -3.1972482222413166,
              52.47597445910177
            ],
            [
              -3.1802170899770124,
              52.47392497042906
            ],
            [
              -3.1110313150856674,
              52.498923018541916
            ],
            [
              -3.029210399498022,
              52.50125433630042
            ],
            [
              -3.0323886575903454,
              52.52372034050508
            ],
            [
              -3.0038823325883524,
              52.51982107832585
            ],
            [
              -2.9941801613970966,
              52.55289709927368
            ],
            [
              -3.014243658073896,
              52.575481083017976
            ],
            [
              -3.0872817347892316,
              52.55131440706679
            ],
            [
              -3.0854212259223055,
              52.53449268707611
            ],
            [
              -3.1330664677941207,
              52.52745623165421
            ],
            [
              -3.1370542696926105,
              52.53403487399176
            ],
            [
              -3.1114980149098415,
              52.54135301072008
            ],
            [
              -3.139513234595359,
              52.58570543705197
            ],
            [
              -3.1174181564791588,
              52.58574518692152
            ],
            [
              -3.089567122064263,
              52.59949004477472
            ],
            [
              -3.093636207794335,
              52.609323773517474
            ],
            [
              -3.073204501364757,
              52.628947391585335
            ],
            [
              -3.059816741180153,
              52.630704124086286
            ],
            [
              -3.0835707818967855,
              52.64127740273005
            ],
            [
              -3.0511290041496695,
              52.6473503040464
            ],
            [
              -3.0385935346123114,
              52.67535703400364
            ],
            [
              -3.047063974626545,
              52.69124881985422
            ],
            [
              -3.022493316537554,
              52.70665641766178
            ],
            [
              -3.0203628477019917,
              52.72508624280076
            ],
            [
              -3.0005590008788428,
              52.72026558317125
            ],
            [
              -2.9776036952374785,
              52.72657921584734
            ],
            [
              -2.9781074767872906,
              52.715346629899564
            ],
            [
              -2.961092535764929,
              52.7164476984948
            ],
            [
              -2.9650685801572547,
              52.732255646088475
            ],
            [
              -2.991331299358067,
              52.733801029495936
            ],
            [
              -2.9920012651202996,
              52.743738279210305
            ],
            [
              -3.0218197568585503,
              52.75192665646142
            ],
            [
              -3.010801622057172,
              52.75854774354531
            ],
            [
              -3.0172079751430143,
              52.76765368812945
            ],
            [
              -3.0350997124219137,
              52.763992849703406
            ],
            [
              -3.0389866780838553,
              52.77038665563056
            ],
            [
              -3.0525969497772305,
              52.76867545377723
            ],
            [
              -3.047800638333604,
              52.77262852923381
            ],
            [
              -3.0795242425519116,
              52.7714990312239
            ],
            [
              -3.0916877340854967,
              52.78665263140003
            ],
            [
              -3.0866462724598214,
              52.79558094871504
            ],
            [
              -3.118299405456637,
              52.78357294939789
            ],
            [
              -3.1608656452037645,
              52.79573207476608
            ],
            [
              -3.153197057346846,
              52.80635207126892
            ],
            [
              -3.1682060390962725,
              52.807311030080534
            ],
            [
              -3.1679030836784525,
              52.81925266594053
            ],
            [
              -3.1512610602488964,
              52.842555295887465
            ],
            [
              -3.1630179574276163,
              52.84747503686367
            ],
            [
              -3.1277257192499,
              52.86708978040021
            ],
            [
              -3.152427397349963,
              52.87873718606363
            ],
            [
              -3.135532108620569,
              52.884995043775724
            ],
            [
              -3.1475132474045293,
              52.89015690698717
            ],
            [
              -3.114168024329937,
              52.89396244498958
            ],
            [
              -3.095968368110399,
              52.9302705532008
            ],
            [
              -3.0765237456374352,
              52.92546802619674
            ],
            [
              -3.035086861034882,
              52.92946808562307
            ],
            [
              -3.009659646292671,
              52.95618831621304
            ],
            [
              -2.9820247013759555,
              52.95917967899038
            ],
            [
              -2.975039809124948,
              52.96897289734196
            ],
            [
              -2.9598291355434574,
              52.95115351724495
            ],
            [
              -2.9289000730088404,
              52.93866107124952
            ],
            [
              -2.8874457640696116,
              52.952516147330876
            ],
            [
              -2.8835449134864444,
              52.94662111012058
            ],
            [
              -2.841022115798376,
              52.94260570038568
            ],
            [
              -2.7988639470443832,
              52.89574653363644
            ],
            [
              -2.755336130461384,
              52.92461796573427
            ],
            [
              -2.728453700671589,
              52.925289238309006
            ],
            [
              -2.724180390637782,
              52.95711104464657
            ],
            [
              -2.735309420520308,
              52.96993354346548
            ],
            [
              -2.7268520474760973,
              52.98326290108233
            ],
            [
              -2.6992991665689723,
              52.99541998012109
            ],
            [
              -2.6746675621098426,
              52.985647049133235
            ],
            [
              -2.632658718101401,
              52.996656230548844
            ],
            [
              -2.594892339279555,
              52.97959170422033
            ],
            [
              -2.5977014835584673,
              52.96299227772803
            ],
            [
              -2.5864174053224196,
              52.95536258841514
            ],
            [
              -2.5612663358212733,
              52.964940815937155
            ],
            [
              -2.52952990433803,
              52.94715271761257
            ],
            [
              -2.521432487352228,
              52.97424639371903
            ],
            [
              -2.4811575605100473,
              52.95880182435021
            ],
            [
              -2.434626036698118,
              52.96950755441869
            ],
            [
              -2.4367751793930648,
              52.98623769606155
            ],
            [
              -2.3807996474106097,
              52.99839484107714
            ],
            [
              -2.368732180823989,
              52.979339750107364
            ],
            [
              -2.3797244212934516,
              52.97605103504623
            ]
          ]
        ]
      },
      "properties": {
        "name": "West Mercia",
        "color": "hsl(276, 70%, 60%)"
      }
    },
    {
      "type": "Feature",
      "id": 17,
      "geometry": {
        "type": "Polygon",
        "coordinates": [
          [
            [
              -1.5607713085174528,
              52.59613652423222
            ],
            [
              -1.5271671468866355,
              52.58272013550714
            ],
            [
              -1.5228860000999838,
              52.57058459522394
            ],
            [
              -1.460014104910143,
              52.55157060212795
            ],
            [
              -1.4173678793036049,
              52.534431313973904
            ],
            [
              -1.3251050963455981,
              52.501019690548944
            ],
            [
              -1.3059714975402228,
              52.493375326182914
            ],
            [
              -1.2016282593969287,
              52.39671064258156
            ],
            [
              -1.1749873217419617,
              52.356268939314575
            ],
            [
              -1.2334050579204439,
              52.34649420970994
            ],
            [
              -1.265370674389713,
              52.328338928455466
            ],
            [
              -1.2092568970094044,
              52.31518334911425
            ],
            [
              -1.2338032371461003,
              52.29030674685935
            ],
            [
              -1.215752421132917,
              52.26636350611766
            ],
            [
              -1.2330208297529177,
              52.25324291913405
            ],
            [
              -1.2669083770297518,
              52.23522544651683
            ],
            [
              -1.2846609664354827,
              52.23856194292059
            ],
            [
              -1.2548064491101858,
              52.198872809552064
            ],
            [
              -1.28121082240277,
              52.19193403497138
            ],
            [
              -1.3131541698169487,
              52.19045203494399
            ],
            [
              -1.33191542219816,
              52.1684699133749
            ],
            [
              -1.3487340430923516,
              52.13511890576483
            ],
            [
              -1.366165468365006,
              52.13605898460683
            ],
            [
              -1.3933252036290809,
              52.11894880363461
            ],
            [
              -1.3708681624665222,
              52.11751850746415
            ],
            [
              -1.3577964513358196,
              52.101291826364104
            ],
            [
              -1.3854145058030218,
              52.09412959524429
            ],
            [
              -1.4258744345397947,
              52.11823066962151
            ],
            [
              -1.4534830502240985,
              52.11299444330214
            ],
            [
              -1.4472040719686774,
              52.09760917478747
            ],
            [
              -1.4773200856701432,
              52.101333778589876
            ],
            [
              -1.4878285277050611,
              52.093944637425736
            ],
            [
              -1.5228446867212104,
              51.996830152510114
            ],
            [
              -1.5572405394271573,
              51.99164190519173
            ],
            [
              -1.549688311067873,
              51.980851314046994
            ],
            [
              -1.5635574326978903,
              51.97702848649543
            ],
            [
              -1.6003190958698639,
              51.97693418733154
            ],
            [
              -1.5916574301167719,
              51.97044010251412
            ],
            [
              -1.6123556824277159,
              51.95538751429607
            ],
            [
              -1.6657693637969306,
              51.98747744532712
            ],
            [
              -1.666194399050843,
              51.996909938954786
            ],
            [
              -1.6175561661041409,
              52.033426247402815
            ],
            [
              -1.624433851762372,
              52.03896864538717
            ],
            [
              -1.6638835742204552,
              52.03126585983832
            ],
            [
              -1.6940003016538816,
              52.0395114298781
            ],
            [
              -1.6886518755167879,
              52.051814621348235
            ],
            [
              -1.7051663772516554,
              52.059687927456224
            ],
            [
              -1.7017536368567232,
              52.07279665958457
            ],
            [
              -1.7129693512100992,
              52.06656702986552
            ],
            [
              -1.73069628914043,
              52.07338777433123
            ],
            [
              -1.7285793572332453,
              52.10010293835106
            ],
            [
              -1.746036216895287,
              52.092949368568796
            ],
            [
              -1.7676683894404344,
              52.11257539518505
            ],
            [
              -1.757675804073479,
              52.11606159919118
            ],
            [
              -1.7957835057940905,
              52.124333085559954
            ],
            [
              -1.785813416756714,
              52.13218210313764
            ],
            [
              -1.808453984584398,
              52.139862955953504
            ],
            [
              -1.823240215535748,
              52.136370750768585
            ],
            [
              -1.8233632557931587,
              52.14590984200745
            ],
            [
              -1.839691604087186,
              52.15270297997648
            ],
            [
              -1.8542076221764257,
              52.13850786108482
            ],
            [
              -1.8669493731418176,
              52.152997580951016
            ],
            [
              -1.8897862647311179,
              52.15620373762072
            ],
            [
              -1.8942486832903396,
              52.14823327857312
            ],
            [
              -1.8851328571412505,
              52.14684022664132
            ],
            [
              -1.9034876778251444,
              52.133433873016095
            ],
            [
              -1.9219054913810807,
              52.152992789309565
            ],
            [
              -1.9443235223506432,
              52.15531603460793
            ],
            [
              -1.9355037646600222,
              52.16954342277623
            ],
            [
              -1.9604194182285162,
              52.16865535398017
            ],
            [
              -1.9416491500120425,
              52.17739526243028
            ],
            [
              -1.9356441740459327,
              52.20410262803571
            ],
            [
              -1.9174735920318935,
              52.21817025364582
            ],
            [
              -1.9346230125979857,
              52.2520026250155
            ],
            [
              -1.9374163516155463,
              52.27613407420692
            ],
            [
              -1.9159907250548849,
              52.27501498549808
            ],
            [
              -1.8865024277172846,
              52.286614759252245
            ],
            [
              -1.880954612524423,
              52.310918909617186
            ],
            [
              -1.868578732367056,
              52.31457380672073
            ],
            [
              -1.8648405049441512,
              52.33308041902083
            ],
            [
              -1.8889847764890677,
              52.36107396071979
            ],
            [
              -1.87204941364165,
              52.36758369155404
            ],
            [
              -1.8078140491544834,
              52.36658873180995
            ],
            [
              -1.7757744693671813,
              52.347949643502666
            ],
            [
              -1.7792446063073724,
              52.36452504692592
            ],
            [
              -1.7461833016203674,
              52.354920126005254
            ],
            [
              -1.7349918507198008,
              52.37022379197802
            ],
            [
              -1.7204951633918055,
              52.37255481787174
            ],
            [
              -1.7185603651231318,
              52.355720644024
            ],
            [
              -1.6938965048932673,
              52.350993443323816
            ],
            [
              -1.6844579180234571,
              52.363168297859964
            ],
            [
              -1.6609130456866423,
              52.36565631457436
            ],
            [
              -1.648441903737654,
              52.35672859388441
            ],
            [
              -1.6225192854380912,
              52.3661512811635
            ],
            [
              -1.6010893122069938,
              52.389284533854116
            ],
            [
              -1.5676173500935295,
              52.384671782529686
            ],
            [
              -1.5524297932890834,
              52.36387489735982
            ],
            [
              -1.5246692241195738,
              52.3793825049693
            ],
            [
              -1.5139262076573108,
              52.369045041407816
            ],
            [
              -1.5045166540979387,
              52.37778940586881
            ],
            [
              -1.464026620057595,
              52.37324351966759
            ],
            [
              -1.431408286917673,
              52.39685226463264
            ],
            [
              -1.4380575811438734,
              52.41023447797479
            ],
            [
              -1.4239426659372096,
              52.43295662229851
            ],
            [
              -1.4590747546900742,
              52.455139305171414
            ],
            [
              -1.4919990964644674,
              52.458566647640225
            ],
            [
              -1.5050453324372997,
              52.45007237923831
            ],
            [
              -1.5398090638045057,
              52.4647766282742
            ],
            [
              -1.561202788904813,
              52.45520258512959
            ],
            [
              -1.5898808659451222,
              52.46189518155075
            ],
            [
              -1.5954992353925879,
              52.45590018161619
            ],
            [
              -1.624469414970584,
              52.46352034533896
            ],
            [
              -1.6414126398047237,
              52.44332733017965
            ],
            [
              -1.6622963261413561,
              52.44427880464096
            ],
            [
              -1.666600020631064,
              52.43545378488191
            ],
            [
              -1.6771695651007126,
              52.43633715828211
            ],
            [
              -1.7535411263256326,
              52.512953791283245
            ],
            [
              -1.7538192753945305,
              52.52119812871681
            ],
            [
              -1.7288916443969684,
              52.52454186106853
            ],
            [
              -1.7491039791264225,
              52.53140975688662
            ],
            [
              -1.7560176983556373,
              52.55536425957594
            ],
            [
              -1.7742447138640978,
              52.564615004654726
            ],
            [
              -1.763559369408972,
              52.57095896601378
            ],
            [
              -1.7881034654963657,
              52.58784334929845
            ],
            [
              -1.742426921244364,
              52.59430642181209
            ],
            [
              -1.729327720727682,
              52.587912431327474
            ],
            [
              -1.7004067880041414,
              52.59089037268027
            ],
            [
              -1.6656484573493435,
              52.59223574513534
            ],
            [
              -1.6437996566541582,
              52.60333742567271
            ],
            [
              -1.6424306428792925,
              52.640919597515186
            ],
            [
              -1.6329365817898134,
              52.64346164502827
            ],
            [
              -1.6449565832080468,
              52.657495289799435
            ],
            [
              -1.5896530257672423,
              52.6872435368957
            ],
            [
              -1.5517911797309463,
              52.66743693261452
            ],
            [
              -1.5445315292101547,
              52.6445842534445
            ],
            [
              -1.5713734446442968,
              52.63525408858116
            ],
            [
              -1.5544707520994987,
              52.61473993801546
            ],
            [
              -1.5607713085174528,
              52.59613652423222
            ]
          ]
        ]
      },
      "properties": {
        "name": "Warwickshire",
        "color": "hsl(31, 70%, 60%)"
      }
    },
    {
      "type": "Feature",
      "id": 18,
      "geometry": {
        "type": "Polygon",
        "coordinates": [
          [
            [
              -1.8734969989836772,
              53.540411512958315
            ],
            [
              -1.8418250789885133,
              53.519889342554315
            ],
            [
              -1.8222434289731892,
              53.521075278690915
            ],
            [
              -1.79629674203424,
              53.50313799452374
            ],
            [
              -1.8014808440355696,
              53.4809722488739
            ],
            [
              -1.768448698370812,
              53.46475157280268
            ],
            [
              -1.7453279283298246,
              53.46216080664235
            ],
            [
              -1.739765636133665,
              53.420972413838044
            ],
            [
              -1.708537529122784,
              53.41732286369001
            ],
            [
              -1.7049663318319384,
              53.40503570550041
            ],
            [
              -1.653826214308032,
              53.391891928163425
            ],
            [
              -1.6635591266102474,
              53.366571799656015
            ],
            [
              -1.5905554051014186,
              53.34590348346464
            ],
            [
              -1.6123150421126826,
              53.34319863123017
            ],
            [
              -1.632738920593576,
              53.32081840452427
            ],
            [
              -1.6254966774438602,
              53.3164093939273
            ],
            [
              -1.6092134232791644,
              53.322649296431145
            ],
            [
              -1.5990961175638,
              53.31129890661094
            ],
            [
              -1.5849034051171889,
              53.32156946261306
            ],
            [
              -1.5805412713620937,
              53.311720515145446
            ],
            [
              -1.5617369473349951,
              53.315949557289635
            ],
            [
              -1.561744696528987,
              53.306394527306274
            ],
            [
              -1.5367761228093526,
              53.304727164064005
            ],
            [
              -1.502142216529875,
              53.31755849063811
            ],
            [
              -1.467923045008388,
              53.317096202735485
            ],
            [
              -1.4552384975391883,
              53.32184797121249
            ],
            [
              -1.4598861083440324,
              53.330669116109405
            ],
            [
              -1.4419739036704153,
              53.33747210753606
            ],
            [
              -1.4208832134199485,
              53.33454915231034
            ],
            [
              -1.4110350229127344,
              53.34197063812437
            ],
            [
              -1.3865797319572768,
              53.33488113449741
            ],
            [
              -1.386752179741127,
              53.31761450639632
            ],
            [
              -1.3377538178501251,
              53.31582451003598
            ],
            [
              -1.3246703428212838,
              53.32878501087172
            ],
            [
              -1.2990240071780015,
              53.332493333364965
            ],
            [
              -1.2886021908648988,
              53.326202379391795
            ],
            [
              -1.295692803526775,
              53.315017341529646
            ],
            [
              -1.282022102827151,
              53.30943465877858
            ],
            [
              -1.243875303241024,
              53.30154941948993
            ],
            [
              -1.230694910920531,
              53.308539439086914
            ],
            [
              -1.2032510659335134,
              53.30419743280303
            ],
            [
              -1.1997546269395212,
              53.3114191204875
            ],
            [
              -1.1766421109167966,
              53.30510441569329
            ],
            [
              -1.1801230095098219,
              53.28711448130249
            ],
            [
              -1.1664919355397585,
              53.27763548258543
            ],
            [
              -1.1815447987636747,
              53.27000918777286
            ],
            [
              -1.1746959955935057,
              53.265143870808444
            ],
            [
              -1.2024611338383489,
              53.2611978541121
            ],
            [
              -1.2130388301396737,
              53.24764977081756
            ],
            [
              -1.2020092158122206,
              53.23553114069145
            ],
            [
              -1.2094397506903478,
              53.21767443895113
            ],
            [
              -1.1969501084476306,
              53.1847986817497
            ],
            [
              -1.2404568406706589,
              53.17862978872308
            ],
            [
              -1.2599275325473343,
              53.16445963508801
            ],
            [
              -1.2959697548329214,
              53.17120418207088
            ],
            [
              -1.3007212704436464,
              53.16419370390069
            ],
            [
              -1.3234561941102878,
              53.16232042234371
            ],
            [
              -1.3217868033058768,
              53.13062429100456
            ],
            [
              -1.3006242935057102,
              53.10202418345562
            ],
            [
              -1.3092669838722797,
              53.09675303935714
            ],
            [
              -1.3028941503629665,
              53.08818513272843
            ],
            [
              -1.3316437750711838,
              53.08096989232743
            ],
            [
              -1.3444332468676863,
              53.0655256350088
            ],
            [
              -1.3358815983707337,
              53.052947217720934
            ],
            [
              -1.331996809407592,
              53.03112649565516
            ],
            [
              -1.3074604249648696,
              53.00363169361894
            ],
            [
              -1.28776775983821,
              52.96964342680952
            ],
            [
              -1.292509545368014,
              52.95554937847896
            ],
            [
              -1.281049929430642,
              52.94913408457392
            ],
            [
              -1.2818123554044196,
              52.91026825409499
            ],
            [
              -1.2462215793467946,
              52.90296405658714
            ],
            [
              -1.2397183592901795,
              52.89227002039758
            ],
            [
              -1.2400652085367156,
              52.880082407842615
            ],
            [
              -1.267906643979753,
              52.87334430345821
            ],
            [
              -1.319320475253273,
              52.87285000717718
            ],
            [
              -1.32534041042106,
              52.865962414671316
            ],
            [
              -1.3448807406317498,
              52.86751013023346
            ],
            [
              -1.351183734141473,
              52.853269352313774
            ],
            [
              -1.3612244257598796,
              52.855166640816314
            ],
            [
              -1.394331020231222,
              52.83674974621419
            ],
            [
              -1.3879548902749663,
              52.83307628113119
            ],
            [
              -1.4177210810989915,
              52.8015917051934
            ],
            [
              -1.4435748463191138,
              52.802722551948925
            ],
            [
              -1.442409135428444,
              52.79296338078781
            ],
            [
              -1.4627863627127984,
              52.78684555763414
            ],
            [
              -1.4558946617137032,
              52.77707841977976
            ],
            [
              -1.4684566801170442,
              52.766860223379005
            ],
            [
              -1.4939948417097826,
              52.75902505450783
            ],
            [
              -1.5049966533381711,
              52.76758462879591
            ],
            [
              -1.5527938156026366,
              52.76331555431646
            ],
            [
              -1.5625097500162834,
              52.750568557823556
            ],
            [
              -1.544646760964526,
              52.73167704957314
            ],
            [
              -1.5500505907172686,
              52.72029878778544
            ],
            [
              -1.5975503424566555,
              52.70040454089675
            ],
            [
              -1.6550543196100327,
              52.698778826228704
            ],
            [
              -1.6566204193265024,
              52.72173394372352
            ],
            [
              -1.704164920533688,
              52.73205626991185
            ],
            [
              -1.6665485375139106,
              52.78470731266673
            ],
            [
              -1.611140667025169,
              52.78138337809378
            ],
            [
              -1.6143564611257095,
              52.78825289495575
            ],
            [
              -1.5888764748603874,
              52.79984478221369
            ],
            [
              -1.5918417691243745,
              52.80947380488536
            ],
            [
              -1.6105021283714749,
              52.81638649874479
            ],
            [
              -1.5853700127087436,
              52.83169140164983
            ],
            [
              -1.6267649241417268,
              52.854419233026256
            ],
            [
              -1.6902836321226342,
              52.86445425272875
            ],
            [
              -1.700619056878362,
              52.860561370067124
            ],
            [
              -1.704350175367919,
              52.86666553148411
            ],
            [
              -1.725339640914705,
              52.85964125867674
            ],
            [
              -1.7460207667597825,
              52.86867667334691
            ],
            [
              -1.7772288460628858,
              52.88379649020016
            ],
            [
              -1.8282278083466779,
              52.88441153050796
            ],
            [
              -1.8565875044000326,
              52.92337288633883
            ],
            [
              -1.8298160338153062,
              52.94568491297035
            ],
            [
              -1.8267889001241233,
              52.97707094717673
            ],
            [
              -1.7624177944823536,
              52.99983730016289
            ],
            [
              -1.7589461574194172,
              53.037297125037526
            ],
            [
              -1.7789958977634779,
              53.04482398660406
            ],
            [
              -1.775668982436916,
              53.059335164755865
            ],
            [
              -1.794256486117205,
              53.08837646594022
            ],
            [
              -1.7837325563275768,
              53.10281218641461
            ],
            [
              -1.8218885120578006,
              53.13668297292175
            ],
            [
              -1.8125442804694145,
              53.15432294615522
            ],
            [
              -1.8607498580848074,
              53.18840306883707
            ],
            [
              -1.8986456210689482,
              53.19993807681562
            ],
            [
              -1.956714002783706,
              53.213726224552396
            ],
            [
              -1.9623784437563812,
              53.22622261783402
            ],
            [
              -1.9874266245533168,
              53.213562615626245
            ],
            [
              -1.9902696802005948,
              53.222983176182765
            ],
            [
              -1.9748679682226076,
              53.23104390383145
            ],
            [
              -2.009494587978439,
              53.260637252422185
            ],
            [
              -2.0067967242287224,
              53.35455134147219
            ],
            [
              -2.0310715899373672,
              53.37024159611984
            ],
            [
              -2.033781072127867,
              53.375526154222
            ],
            [
              -2.004651981883778,
              53.38630817433703
            ],
            [
              -1.9923333660533293,
              53.41517926629274
            ],
            [
              -2.013712691836626,
              53.41587082947092
            ],
            [
              -2.026269214830365,
              53.42984587231324
            ],
            [
              -2.0142323528193784,
              53.43974426289693
            ],
            [
              -2.004221182217237,
              53.43590695287453
            ],
            [
              -2.008241303881618,
              53.44153354048355
            ],
            [
              -1.985805747562873,
              53.455213466521876
            ],
            [
              -1.9878315079114042,
              53.48109144604263
            ],
            [
              -1.96339612414423,
              53.509813441226335
            ],
            [
              -1.9513396563735677,
              53.50418241365004
            ],
            [
              -1.9219900498759712,
              53.50993743280469
            ],
            [
              -1.926796336986349,
              53.52093326288973
            ],
            [
              -1.9096255351495712,
              53.53837692964067
            ],
            [
              -1.8941262034723554,
              53.53359140525993
            ],
            [
              -1.8734969989836772,
              53.540411512958315
            ]
          ]
        ]
      },
      "properties": {
        "name": "Derbyshire",
        "color": "hsl(348, 70%, 60%)"
      }
    },
    {
      "type": "Feature",
      "id": 19,
      "geometry": {
        "type": "Polygon",
        "coordinates": [
          [
            [
              -0.9202502172286176,
              53.46548220448072
            ],
            [
              -0.9162555411058192,
              53.46026841862833
            ],
            [
              -0.8719196488642638,
              53.466285169692725
            ],
            [
              -0.8177463947760759,
              53.45825562224188
            ],
            [
              -0.7979638214265968,
              53.45530758676584
            ],
            [
              -0.8200504157057411,
              53.44033628597627
            ],
            [
              -0.8172764907823054,
              53.42637581084066
            ],
            [
              -0.7880504462366067,
              53.41522398655012
            ],
            [
              -0.7765060027347619,
              53.39648976492019
            ],
            [
              -0.7897413634424222,
              53.3858646458442
            ],
            [
              -0.7747485973537953,
              53.377558534962425
            ],
            [
              -0.7902517293373373,
              53.36361263223628
            ],
            [
              -0.7904213150511045,
              53.36346153477342
            ],
            [
              -0.7875594487628088,
              53.363693184610526
            ],
            [
              -0.7739723641151803,
              53.364803891990846
            ],
            [
              -0.7583809411966134,
              53.354188254665345
            ],
            [
              -0.765942955082823,
              53.33009461817662
            ],
            [
              -0.7595648430849794,
              53.32737664595726
            ],
            [
              -0.7502963651265322,
              53.323405544769656
            ],
            [
              -0.7485168172770383,
              53.32264976966505
            ],
            [
              -0.7452293229150074,
              53.29294152377232
            ],
            [
              -0.7510495208927886,
              53.29503420146634
            ],
            [
              -0.7625581837580655,
              53.29916339214112
            ],
            [
              -0.7627591672467072,
              53.298958723051484
            ],
            [
              -0.7772359325983274,
              53.283835184253995
            ],
            [
              -0.7636566885571554,
              53.27306978574219
            ],
            [
              -0.7765249480206223,
              53.24674685566972
            ],
            [
              -0.7350964410979213,
              53.243851368595514
            ],
            [
              -0.7341531158840607,
              53.25398140607004
            ],
            [
              -0.6880310428060624,
              53.258364027793945
            ],
            [
              -0.6665900322758769,
              53.239679750255
            ],
            [
              -0.6758867592978227,
              53.21762428167973
            ],
            [
              -0.6976296821219088,
              53.220210139513746
            ],
            [
              -0.7147676598714615,
              53.20758619034805
            ],
            [
              -0.730576412359803,
              53.21073116461785
            ],
            [
              -0.7640313751879595,
              53.182550327239845
            ],
            [
              -0.7181728116836371,
              53.17726531343344
            ],
            [
              -0.7153845894242535,
              53.13685418345037
            ],
            [
              -0.732424195391282,
              53.12777753101045
            ],
            [
              -0.7167635851149134,
              53.116157012697236
            ],
            [
              -0.7296291509426458,
              53.097875273949604
            ],
            [
              -0.6951440850675875,
              53.066263052963926
            ],
            [
              -0.7134783037185112,
              53.06602220661319
            ],
            [
              -0.7162232718199552,
              53.05903090375389
            ],
            [
              -0.7495681443294886,
              53.05508895951937
            ],
            [
              -0.7608390462968875,
              53.029388521798374
            ],
            [
              -0.7884207061632543,
              53.02582508831969
            ],
            [
              -0.7958382573178456,
              53.01057300597498
            ],
            [
              -0.8041024617829953,
              53.012481305100295
            ],
            [
              -0.7782918561188504,
              52.9768982906803
            ],
            [
              -0.7961693045602843,
              52.97670309836066
            ],
            [
              -0.8128710683006234,
              52.95744421936766
            ],
            [
              -0.8200393864783186,
              52.96043726620674
            ],
            [
              -0.833919741188363,
              52.94585803619877
            ],
            [
              -0.8243719032695576,
              52.94176352602408
            ],
            [
              -0.8629067075946415,
              52.913092577815576
            ],
            [
              -0.8576455929763329,
              52.90561654332837
            ],
            [
              -0.9169389711079393,
              52.878905946976616
            ],
            [
              -0.9405863790239913,
              52.87683583335243
            ],
            [
              -0.9281327799914996,
              52.86606220784746
            ],
            [
              -0.9595203163431623,
              52.8437590205559
            ],
            [
              -0.9770822775666369,
              52.84071125990627
            ],
            [
              -0.9827175121271273,
              52.82064948857699
            ],
            [
              -1.0219520155720223,
              52.82203104754769
            ],
            [
              -1.0363053331831593,
              52.815855593589674
            ],
            [
              -1.0717482635138276,
              52.81398950218241
            ],
            [
              -1.074443742209243,
              52.824699368875976
            ],
            [
              -1.1169482589130468,
              52.819557403981584
            ],
            [
              -1.1309040890947173,
              52.805807231713175
            ],
            [
              -1.1632890620021241,
              52.80649842358611
            ],
            [
              -1.1977382336003808,
              52.78938613428382
            ],
            [
              -1.2259021078476773,
              52.79165879794244
            ],
            [
              -1.261946225297664,
              52.81043411250614
            ],
            [
              -1.2743815294475065,
              52.836104249306196
            ],
            [
              -1.267906643979753,
              52.87334430345821
            ],
            [
              -1.2400652085367156,
              52.880082407842615
            ],
            [
              -1.2397183592901795,
              52.89227002039758
            ],
            [
              -1.2462215793467946,
              52.90296405658714
            ],
            [
              -1.2818123554044196,
              52.91026825409499
            ],
            [
              -1.281049929430642,
              52.94913408457392
            ],
            [
              -1.292509545368014,
              52.95554937847896
            ],
            [
              -1.28776775983821,
              52.96964342680952
            ],
            [
              -1.3074604249648696,
              53.00363169361894
            ],
            [
              -1.331996809407592,
              53.03112649565516
            ],
            [
              -1.3358815983707337,
              53.052947217720934
            ],
            [
              -1.3444332468676863,
              53.0655256350088
            ],
            [
              -1.3316437750711838,
              53.08096989232743
            ],
            [
              -1.3028941503629665,
              53.08818513272843
            ],
            [
              -1.3092669838722797,
              53.09675303935714
            ],
            [
              -1.3006242935057102,
              53.10202418345562
            ],
            [
              -1.3217868033058768,
              53.13062429100456
            ],
            [
              -1.3234561941102878,
              53.16232042234371
            ],
            [
              -1.3007212704436464,
              53.16419370390069
            ],
            [
              -1.2959697548329214,
              53.17120418207088
            ],
            [
              -1.2599275325473343,
              53.16445963508801
            ],
            [
              -1.2404568406706589,
              53.17862978872308
            ],
            [
              -1.1969501084476306,
              53.1847986817497
            ],
            [
              -1.2094397506903478,
              53.21767443895113
            ],
            [
              -1.2020092158122206,
              53.23553114069145
            ],
            [
              -1.2130388301396737,
              53.24764977081756
            ],
            [
              -1.2024611338383489,
              53.2611978541121
            ],
            [
              -1.1746959955935057,
              53.265143870808444
            ],
            [
              -1.1815447987636747,
              53.27000918777286
            ],
            [
              -1.1664919355397585,
              53.27763548258543
            ],
            [
              -1.1801230095098219,
              53.28711448130249
            ],
            [
              -1.1766421109167966,
              53.30510441569329
            ],
            [
              -1.1997546269395212,
              53.3114191204875
            ],
            [
              -1.138725608607692,
              53.34135885540151
            ],
            [
              -1.1410209547835775,
              53.34672381223282
            ],
            [
              -1.1568435291125645,
              53.344948969450044
            ],
            [
              -1.1626193366379138,
              53.356819034664795
            ],
            [
              -1.1385530848384284,
              53.3558837136072
            ],
            [
              -1.1460433677337802,
              53.369016386811076
            ],
            [
              -1.1305504450617223,
              53.37554734709136
            ],
            [
              -1.1346164314677387,
              53.3900130266067
            ],
            [
              -1.115582104770024,
              53.397163533264745
            ],
            [
              -1.1160483527707725,
              53.407324399008836
            ],
            [
              -1.0804420650919861,
              53.42684902043618
            ],
            [
              -1.0309552632413694,
              53.43095223932539
            ],
            [
              -1.0305148873642787,
              53.42516881230193
            ],
            [
              -1.0143564447882616,
              53.42627703529646
            ],
            [
              -0.9956700475566116,
              53.43690806547596
            ],
            [
              -0.9859915361686872,
              53.47164923320104
            ],
            [
              -0.9532562461466656,
              53.48440084860947
            ],
            [
              -0.9355629260565939,
              53.502491978898846
            ],
            [
              -0.9004782578576042,
              53.475135796032085
            ],
            [
              -0.9202502172286176,
              53.46548220448072
            ]
          ]
        ]
      },
      "properties": {
        "name": "Nottinghamshire",
        "color": "hsl(286, 70%, 60%)"
      }
    },
    {
      "type": "Feature",
      "id": 20,
      "geometry": {
        "type": "Polygon",
        "coordinates": [
          [
            [
              -0.24848268071647395,
              53.59363394456512
            ],
            [
              -0.25139327410510576,
              53.58462409260631
            ],
            [
              -0.234678453795752,
              53.58622144084426
            ],
            [
              -0.22255633932087027,
              53.56799089401979
            ],
            [
              -0.19519023941982142,
              53.571590413914365
            ],
            [
              -0.18934725409603612,
              53.56589257528335
            ],
            [
              -0.21989043711860695,
              53.532577160857365
            ],
            [
              -0.21058814627436934,
              53.53168315829447
            ],
            [
              -0.2040839804029873,
              53.511736449997976
            ],
            [
              -0.2106166791219756,
              53.48625877508
            ],
            [
              -0.18856505695212036,
              53.484506135915524
            ],
            [
              -0.1818140795047677,
              53.46861758618866
            ],
            [
              -0.15367858263715165,
              53.465650944511445
            ],
            [
              -0.14923150388363832,
              53.44666752259408
            ],
            [
              -0.1318890511213575,
              53.43591532971514
            ],
            [
              -0.12035651793702859,
              53.43354083397101
            ],
            [
              -0.08221590030874464,
              53.451121080971255
            ],
            [
              -0.10782971729492655,
              53.46983301198363
            ],
            [
              -0.08980501985610768,
              53.47765505105637
            ],
            [
              -0.09549091314269323,
              53.48596257243414
            ],
            [
              -0.07526282041824228,
              53.48930631658359
            ],
            [
              -0.06504555784539463,
              53.51870906385445
            ],
            [
              -0.04661016273663301,
              53.520072329683856
            ],
            [
              -0.03960137030100706,
              53.5130892838581
            ],
            [
              0.017635996242509205,
              53.525459907847676
            ],
            [
              0.03351320214072891,
              53.52211626099476
            ],
            [
              0.02055734827373457,
              53.51837138512636
            ],
            [
              0.03531684898003332,
              53.519145820791024
            ],
            [
              0.036922410529480185,
              53.510479037722256
            ],
            [
              0.03605586935122627,
              53.52165943340508
            ],
            [
              0.040691586830446304,
              53.50794247103531
            ],
            [
              0.044416505089906445,
              53.51420780870834
            ],
            [
              0.061083012247275664,
              53.51233929272584
            ],
            [
              0.026829000616354227,
              53.529673523596664
            ],
            [
              0.07655149657362044,
              53.513141345106234
            ],
            [
              0.08671907693972576,
              53.515634314317786
            ],
            [
              0.08448928552417526,
              53.499401088371
            ],
            [
              0.09072348554027082,
              53.49188428407976
            ],
            [
              0.10128682039067594,
              53.49453987518049
            ],
            [
              0.10079569970053442,
              53.48460536972882
            ],
            [
              0.11509677595795198,
              53.48424516293059
            ],
            [
              0.10385591102297473,
              53.49192347526556
            ],
            [
              0.12129605803742789,
              53.48373069171749
            ],
            [
              0.1028815208787936,
              53.49325319489835
            ],
            [
              0.112882731815324,
              53.49458711122786
            ],
            [
              0.10889650241126324,
              53.505095135230725
            ],
            [
              0.12930550596259574,
              53.499195244943785
            ],
            [
              0.13457263255839888,
              53.48488770614083
            ],
            [
              0.14320451082476937,
              53.48538945946396
            ],
            [
              0.1386469561257625,
              53.4948659365595
            ],
            [
              0.1467042266488751,
              53.4929054165536
            ],
            [
              0.17362447314910032,
              53.47099478396556
            ],
            [
              0.16532819855442707,
              53.47377962182589
            ],
            [
              0.17938329090621463,
              53.44340632788608
            ],
            [
              0.19047281130761212,
              53.43826769615541
            ],
            [
              0.17542487918778707,
              53.4369604834874
            ],
            [
              0.19121109586993904,
              53.43740006219503
            ],
            [
              0.2110386373477195,
              53.41736345584929
            ],
            [
              0.1894847380401176,
              53.41729320058106
            ],
            [
              0.2130747004603209,
              53.41657951998351
            ],
            [
              0.21252004936160956,
              53.4160413822127
            ],
            [
              0.21214466090453754,
              53.41605732934731
            ],
            [
              0.2063765831948214,
              53.410158445267385
            ],
            [
              0.21223451263266752,
              53.415758978847215
            ],
            [
              0.21437556249514822,
              53.40859882509456
            ],
            [
              0.21415644067170408,
              53.41596609058257
            ],
            [
              0.2313973864588487,
              53.40236608611028
            ],
            [
              0.3194562695568603,
              53.271579977527054
            ],
            [
              0.35560947963268985,
              53.19203819386345
            ],
            [
              0.3492213292258521,
              53.112135040294284
            ],
            [
              0.3379737147962232,
              53.101747081748655
            ],
            [
              0.3375960765731435,
              53.10139485801192
            ],
            [
              0.33408155085668695,
              53.08670047463336
            ],
            [
              0.3349448865731392,
              53.0943709255729
            ],
            [
              0.31917840460626634,
              53.09171225926976
            ],
            [
              0.3188582182267107,
              53.091035178951444
            ],
            [
              0.2992302790549575,
              53.09069684903262
            ],
            [
              0.3156564768187322,
              53.088705917557
            ],
            [
              0.28842806366248835,
              53.07570129218175
            ],
            [
              0.2817766312028946,
              53.08007283213411
            ],
            [
              0.28745764209635344,
              53.074856817761216
            ],
            [
              0.2571817408214306,
              53.06374688170262
            ],
            [
              0.2688961504135598,
              53.06313737805822
            ],
            [
              0.2582311426767664,
              53.05641727265977
            ],
            [
              0.24881697333460764,
              53.05216309237128
            ],
            [
              0.2428536550970588,
              53.05714882151754
            ],
            [
              0.24857699992273496,
              53.051852944848186
            ],
            [
              0.2360290626441412,
              53.05302459410968
            ],
            [
              0.24454246266707722,
              53.0485845085569
            ],
            [
              0.19958005198585682,
              53.03261158045957
            ],
            [
              0.15140760569331993,
              53.008075719199695
            ],
            [
              0.07229535569660273,
              52.93198923138731
            ],
            [
              0.07836721424353253,
              52.93200902505478
            ],
            [
              0.053169591228529184,
              52.91615578574938
            ],
            [
              0.038361189777380865,
              52.90583761158048
            ],
            [
              0.03740938128399651,
              52.90330054155713
            ],
            [
              0.04081903943569887,
              52.906559623608736
            ],
            [
              0.06853707979510348,
              52.91870328652228
            ],
            [
              0.06913666612780396,
              52.908191482134576
            ],
            [
              0.056356311564388785,
              52.90336058386778
            ],
            [
              0.07336242360491935,
              52.90605886617249
            ],
            [
              0.076964581681862,
              52.89804795153806
            ],
            [
              0.14499949294810413,
              52.88506921863586
            ],
            [
              0.13599252859833497,
              52.87449629498887
            ],
            [
              0.1502612956612525,
              52.8823666351409
            ],
            [
              0.17631747883426596,
              52.8740875901906
            ],
            [
              0.21424379640272959,
              52.828924751797395
            ],
            [
              0.19718315269702696,
              52.829727404451056
            ],
            [
              0.21506583671958307,
              52.828450856516746
            ],
            [
              0.21489840940024013,
              52.822825466790924
            ],
            [
              0.20434894482604776,
              52.781545281038085
            ],
            [
              0.21678712423377272,
              52.820857077383096
            ],
            [
              0.24523215080778432,
              52.82215644271056
            ],
            [
              0.26743003334023563,
              52.813192545216104
            ],
            [
              0.2450571874524985,
              52.784495128339756
            ],
            [
              0.27217863436312834,
              52.77278436947175
            ],
            [
              0.18629928016056785,
              52.735322524085916
            ],
            [
              0.17202736093780724,
              52.73785965418445
            ],
            [
              0.17119982458166202,
              52.73819849833464
            ],
            [
              0.1329590942155019,
              52.73927926566876
            ],
            [
              0.08898246900085995,
              52.723608430178984
            ],
            [
              0.06360048315527578,
              52.727370714629565
            ],
            [
              0.04412406158641559,
              52.714356340159824
            ],
            [
              0.04854590202903717,
              52.68138139950844
            ],
            [
              0.02147902717598035,
              52.664861962103814
            ],
            [
              -0.03128930997075533,
              52.66150672462445
            ],
            [
              -0.06373298846289506,
              52.67521322565463
            ],
            [
              -0.08778364371534449,
              52.66676563550833
            ],
            [
              -0.10221943026863445,
              52.67218551498798
            ],
            [
              -0.14108065113338636,
              52.651484037596695
            ],
            [
              -0.1800438029087857,
              52.6605404085597
            ],
            [
              -0.1928885899502113,
              52.652411468043965
            ],
            [
              -0.21251715095188453,
              52.666654017842696
            ],
            [
              -0.26077182572550045,
              52.651395497898235
            ],
            [
              -0.28926247546574313,
              52.670250302783586
            ],
            [
              -0.33505424579018594,
              52.6748404263247
            ],
            [
              -0.3502408634847329,
              52.66159380404987
            ],
            [
              -0.4056965089866335,
              52.64802188139224
            ],
            [
              -0.45271952006663907,
              52.65425540037878
            ],
            [
              -0.4947861839839283,
              52.64029554165682
            ],
            [
              -0.49504009688801837,
              52.64021785254762
            ],
            [
              -0.5236089462782678,
              52.66521121717649
            ],
            [
              -0.5066941816157585,
              52.65950609320823
            ],
            [
              -0.4562175092999783,
              52.67036711894277
            ],
            [
              -0.4340749930808989,
              52.68367929618533
            ],
            [
              -0.4304557947168599,
              52.70539747825981
            ],
            [
              -0.49454769285844646,
              52.70962708138023
            ],
            [
              -0.5424533522370509,
              52.723261747478396
            ],
            [
              -0.5399938512432487,
              52.73838022859847
            ],
            [
              -0.5726486028398863,
              52.75308130965671
            ],
            [
              -0.6054632130524334,
              52.75046891695235
            ],
            [
              -0.6103077097589475,
              52.759794717059314
            ],
            [
              -0.6641229830630988,
              52.75669104745831
            ],
            [
              -0.6822611727428851,
              52.812138273569516
            ],
            [
              -0.7427355067275306,
              52.88313190735709
            ],
            [
              -0.766603420902679,
              52.88677136440969
            ],
            [
              -0.7584836399224743,
              52.90046828136163
            ],
            [
              -0.7768716925098879,
              52.904785388475545
            ],
            [
              -0.7549657837146394,
              52.94953405645081
            ],
            [
              -0.7784458035336943,
              52.95928890974784
            ],
            [
              -0.7782918561188504,
              52.9768982906803
            ],
            [
              -0.8041024617829953,
              53.012481305100295
            ],
            [
              -0.7958382573178456,
              53.01057300597498
            ],
            [
              -0.7884207061632543,
              53.02582508831969
            ],
            [
              -0.7608390462968875,
              53.029388521798374
            ],
            [
              -0.7495681443294886,
              53.05508895951937
            ],
            [
              -0.7162232718199552,
              53.05903090375389
            ],
            [
              -0.7134783037185112,
              53.06602220661319
            ],
            [
              -0.6951440850675875,
              53.066263052963926
            ],
            [
              -0.7296291509426458,
              53.097875273949604
            ],
            [
              -0.7167635851149134,
              53.116157012697236
            ],
            [
              -0.732424195391282,
              53.12777753101045
            ],
            [
              -0.7153845894242535,
              53.13685418345037
            ],
            [
              -0.7181728116836371,
              53.17726531343344
            ],
            [
              -0.7640313751879595,
              53.182550327239845
            ],
            [
              -0.730576412359803,
              53.21073116461785
            ],
            [
              -0.7147676598714615,
              53.20758619034805
            ],
            [
              -0.6976296821219088,
              53.220210139513746
            ],
            [
              -0.6758867592978227,
              53.21762428167973
            ],
            [
              -0.6665900322758769,
              53.239679750255
            ],
            [
              -0.6880310428060624,
              53.258364027793945
            ],
            [
              -0.7341531158840607,
              53.25398140607004
            ],
            [
              -0.7350964410979213,
              53.243851368595514
            ],
            [
              -0.7765249480206223,
              53.24674685566972
            ],
            [
              -0.7636566885571554,
              53.27306978574219
            ],
            [
              -0.7772359325983274,
              53.283835184253995
            ],
            [
              -0.7627591672467072,
              53.298958723051484
            ],
            [
              -0.7625581837580655,
              53.29916339214112
            ],
            [
              -0.7510495208927886,
              53.29503420146634
            ],
            [
              -0.7452293229150074,
              53.29294152377232
            ],
            [
              -0.7485168172770383,
              53.32264976966505
            ],
            [
              -0.7502963651265322,
              53.323405544769656
            ],
            [
              -0.7595648430849794,
              53.32737664595726
            ],
            [
              -0.765942955082823,
              53.33009461817662
            ],
            [
              -0.7583809411966134,
              53.354188254665345
            ],
            [
              -0.7739723641151803,
              53.364803891990846
            ],
            [
              -0.7875594487628088,
              53.363693184610526
            ],
            [
              -0.7904213150511045,
              53.36346153477342
            ],
            [
              -0.7902517293373373,
              53.36361263223628
            ],
            [
              -0.7747485973537953,
              53.377558534962425
            ],
            [
              -0.7897413634424222,
              53.3858646458442
            ],
            [
              -0.7765060027347619,
              53.39648976492019
            ],
            [
              -0.7880504462366067,
              53.41522398655012
            ],
            [
              -0.8172764907823054,
              53.42637581084066
            ],
            [
              -0.8200504157057411,
              53.44033628597627
            ],
            [
              -0.7979638214265968,
              53.45530758676584
            ],
            [
              -0.767870118695507,
              53.4793523817032
            ],
            [
              -0.7681734189442526,
              53.49697400293123
            ],
            [
              -0.7672438126439229,
              53.49887907908586
            ],
            [
              -0.7510645998769478,
              53.50051791591106
            ],
            [
              -0.7418125241312541,
              53.5115582924775
            ],
            [
              -0.738581266288017,
              53.51982110375064
            ],
            [
              -0.6244918542941285,
              53.51280984496325
            ],
            [
              -0.6297519469372711,
              53.458189101099386
            ],
            [
              -0.557990889265558,
              53.458854699079325
            ],
            [
              -0.47825681646189616,
              53.473480233469864
            ],
            [
              -0.4883824146368259,
              53.504837702148414
            ],
            [
              -0.4155338911381534,
              53.514663489282384
            ],
            [
              -0.4060329543447571,
              53.52388614421955
            ],
            [
              -0.43066768273142975,
              53.54631685000929
            ],
            [
              -0.5012401694322213,
              53.53743291098296
            ],
            [
              -0.4909361416573275,
              53.5458520916886
            ],
            [
              -0.4670230653887155,
              53.54893688063734
            ],
            [
              -0.4290048542686029,
              53.57450345750348
            ],
            [
              -0.416967257856424,
              53.56318901900733
            ],
            [
              -0.33594298963024677,
              53.55860120702561
            ],
            [
              -0.3007449199112598,
              53.59525965905049
            ],
            [
              -0.3085520868796689,
              53.61430197517768
            ],
            [
              -0.292116520588988,
              53.61324149826968
            ],
            [
              -0.24848268071647395,
              53.59363394456512
            ]
          ]
        ]
      },
      "properties": {
        "name": "Lincolnshire",
        "color": "hsl(5, 70%, 60%)"
      }
    },
    {
      "type": "Feature",
      "id": 21,
      "geometry": {
        "type": "Polygon",
        "coordinates": [
          [
            [
              -0.7784458035336943,
              52.95928890974784
            ],
            [
              -0.7549657837146394,
              52.94953405645081
            ],
            [
              -0.7768716925098879,
              52.904785388475545
            ],
            [
              -0.7584836399224743,
              52.90046828136163
            ],
            [
              -0.766603420902679,
              52.88677136440969
            ],
            [
              -0.7427355067275306,
              52.88313190735709
            ],
            [
              -0.6822611727428851,
              52.812138273569516
            ],
            [
              -0.6641229830630988,
              52.75669104745831
            ],
            [
              -0.6103077097589475,
              52.759794717059314
            ],
            [
              -0.6054632130524334,
              52.75046891695235
            ],
            [
              -0.5726486028398863,
              52.75308130965671
            ],
            [
              -0.5399938512432487,
              52.73838022859847
            ],
            [
              -0.5424533522370509,
              52.723261747478396
            ],
            [
              -0.49454769285844646,
              52.70962708138023
            ],
            [
              -0.4304557947168599,
              52.70539747825981
            ],
            [
              -0.4340749930808989,
              52.68367929618533
            ],
            [
              -0.4562175092999783,
              52.67036711894277
            ],
            [
              -0.5066941816157585,
              52.65950609320823
            ],
            [
              -0.5236089462782678,
              52.66521121717649
            ],
            [
              -0.49504009688801837,
              52.64021785254762
            ],
            [
              -0.5174171741001289,
              52.64236101987413
            ],
            [
              -0.5402813418323055,
              52.62594059539551
            ],
            [
              -0.5529567718553323,
              52.60132726947176
            ],
            [
              -0.5441856741970014,
              52.59286756939349
            ],
            [
              -0.5581436560237564,
              52.59445883822142
            ],
            [
              -0.5719198211645944,
              52.585779093363094
            ],
            [
              -0.581572994591906,
              52.59584760582617
            ],
            [
              -0.5869971768042078,
              52.58740743370425
            ],
            [
              -0.6030352291236764,
              52.58856868872812
            ],
            [
              -0.6748823318252539,
              52.558620153104066
            ],
            [
              -0.7136747576048967,
              52.524947211923035
            ],
            [
              -0.7561817845711641,
              52.51097189452552
            ],
            [
              -0.7748847920824495,
              52.51825145858517
            ],
            [
              -0.7961886226940196,
              52.516348335036604
            ],
            [
              -0.8688355936658336,
              52.52693638454538
            ],
            [
              -0.8834631566417123,
              52.51394938207427
            ],
            [
              -0.8821489945531066,
              52.49314226691307
            ],
            [
              -0.8980652572670355,
              52.48689940966368
            ],
            [
              -0.8824236583263965,
              52.47126224209898
            ],
            [
              -0.9013044384441642,
              52.4597335957685
            ],
            [
              -0.9422197754573752,
              52.46774837226376
            ],
            [
              -0.9519269762761204,
              52.47740051060794
            ],
            [
              -1.0007066340629054,
              52.47091801619195
            ],
            [
              -1.0445334701243174,
              52.44572963218302
            ],
            [
              -1.034293917222585,
              52.436269542381346
            ],
            [
              -1.0500126861792716,
              52.422192095904464
            ],
            [
              -1.0843960235366337,
              52.43628145487549
            ],
            [
              -1.1292916076858963,
              52.41608664860641
            ],
            [
              -1.1493753531913502,
              52.39702051109647
            ],
            [
              -1.184017500207435,
              52.392149189404606
            ],
            [
              -1.2016282593969287,
              52.39671064258156
            ],
            [
              -1.3059714975402228,
              52.493375326182914
            ],
            [
              -1.3251050963455981,
              52.501019690548944
            ],
            [
              -1.4173678793036049,
              52.534431313973904
            ],
            [
              -1.460014104910143,
              52.55157060212795
            ],
            [
              -1.5228860000999838,
              52.57058459522394
            ],
            [
              -1.5271671468866355,
              52.58272013550714
            ],
            [
              -1.5607713085174528,
              52.59613652423222
            ],
            [
              -1.5544707520994987,
              52.61473993801546
            ],
            [
              -1.5713734446442968,
              52.63525408858116
            ],
            [
              -1.5445315292101547,
              52.6445842534445
            ],
            [
              -1.5517911797309463,
              52.66743693261452
            ],
            [
              -1.5896530257672423,
              52.6872435368957
            ],
            [
              -1.5975503424566555,
              52.70040454089675
            ],
            [
              -1.5500505907172686,
              52.72029878778544
            ],
            [
              -1.544646760964526,
              52.73167704957314
            ],
            [
              -1.5625097500162834,
              52.750568557823556
            ],
            [
              -1.5527938156026366,
              52.76331555431646
            ],
            [
              -1.5049966533381711,
              52.76758462879591
            ],
            [
              -1.4939948417097826,
              52.75902505450783
            ],
            [
              -1.4684566801170442,
              52.766860223379005
            ],
            [
              -1.4558946617137032,
              52.77707841977976
            ],
            [
              -1.4627863627127984,
              52.78684555763414
            ],
            [
              -1.442409135428444,
              52.79296338078781
            ],
            [
              -1.4435748463191138,
              52.802722551948925
            ],
            [
              -1.4177210810989915,
              52.8015917051934
            ],
            [
              -1.3879548902749663,
              52.83307628113119
            ],
            [
              -1.394331020231222,
              52.83674974621419
            ],
            [
              -1.3612244257598796,
              52.855166640816314
            ],
            [
              -1.351183734141473,
              52.853269352313774
            ],
            [
              -1.3448807406317498,
              52.86751013023346
            ],
            [
              -1.32534041042106,
              52.865962414671316
            ],
            [
              -1.319320475253273,
              52.87285000717718
            ],
            [
              -1.267906643979753,
              52.87334430345821
            ],
            [
              -1.2743815294475065,
              52.836104249306196
            ],
            [
              -1.261946225297664,
              52.81043411250614
            ],
            [
              -1.2259021078476773,
              52.79165879794244
            ],
            [
              -1.1977382336003808,
              52.78938613428382
            ],
            [
              -1.1632890620021241,
              52.80649842358611
            ],
            [
              -1.1309040890947173,
              52.805807231713175
            ],
            [
              -1.1169482589130468,
              52.819557403981584
            ],
            [
              -1.074443742209243,
              52.824699368875976
            ],
            [
              -1.0717482635138276,
              52.81398950218241
            ],
            [
              -1.0363053331831593,
              52.815855593589674
            ],
            [
              -1.0219520155720223,
              52.82203104754769
            ],
            [
              -0.9827175121271273,
              52.82064948857699
            ],
            [
              -0.9770822775666369,
              52.84071125990627
            ],
            [
              -0.9595203163431623,
              52.8437590205559
            ],
            [
              -0.9281327799914996,
              52.86606220784746
            ],
            [
              -0.9405863790239913,
              52.87683583335243
            ],
            [
              -0.9169389711079393,
              52.878905946976616
            ],
            [
              -0.8576455929763329,
              52.90561654332837
            ],
            [
              -0.8629067075946415,
              52.913092577815576
            ],
            [
              -0.8243719032695576,
              52.94176352602408
            ],
            [
              -0.833919741188363,
              52.94585803619877
            ],
            [
              -0.8200393864783186,
              52.96043726620674
            ],
            [
              -0.8128710683006234,
              52.95744421936766
            ],
            [
              -0.7961693045602843,
              52.97670309836066
            ],
            [
              -0.7782918561188504,
              52.9768982906803
            ],
            [
              -0.7784458035336943,
              52.95928890974784
            ]
          ]
        ]
      },
      "properties": {
        "name": "Leicestershire",
        "color": "hsl(75, 70%, 60%)"
      }
    },
    {
      "type": "Feature",
      "id": 22,
      "geometry": {
        "type": "Polygon",
        "coordinates": [
          [
            [
              -0.5174171741001289,
              52.64236101987413
            ],
            [
              -0.49504009688801837,
              52.64021785254762
            ],
            [
              -0.4947861839839283,
              52.64029554165682
            ],
            [
              -0.47094044126891266,
              52.62353745002358
            ],
            [
              -0.4926850096691764,
              52.581875066943994
            ],
            [
              -0.47883096673547254,
              52.5736243092224
            ],
            [
              -0.4153994815934495,
              52.57871722949856
            ],
            [
              -0.40731252269121043,
              52.56403476327258
            ],
            [
              -0.41960842458761105,
              52.558939972880985
            ],
            [
              -0.40130065506750767,
              52.538662729910754
            ],
            [
              -0.4136245601978516,
              52.52565707344695
            ],
            [
              -0.3543756813926554,
              52.506470683031665
            ],
            [
              -0.3594301055129313,
              52.489835818109405
            ],
            [
              -0.3416156382053568,
              52.46692129544648
            ],
            [
              -0.37024518505661586,
              52.439905910353225
            ],
            [
              -0.3624345900490253,
              52.43351331663927
            ],
            [
              -0.41710331695679276,
              52.41158271388397
            ],
            [
              -0.44153583036749405,
              52.38497950341695
            ],
            [
              -0.49597158809309255,
              52.37949903341742
            ],
            [
              -0.4885488962224623,
              52.37400080091263
            ],
            [
              -0.49871644674249344,
              52.36007760650457
            ],
            [
              -0.4777036828185143,
              52.34890273871937
            ],
            [
              -0.4832929781951979,
              52.340882757335606
            ],
            [
              -0.4666858236676845,
              52.33890615145246
            ],
            [
              -0.4653893247051755,
              52.32293029333861
            ],
            [
              -0.5198555304232582,
              52.317673333411584
            ],
            [
              -0.5140725968202275,
              52.31467865969688
            ],
            [
              -0.5419967989141354,
              52.289923894672285
            ],
            [
              -0.5312209870655551,
              52.27038777001632
            ],
            [
              -0.5419941656055317,
              52.25605475355541
            ],
            [
              -0.5657102359335735,
              52.25345017471465
            ],
            [
              -0.5863518881453205,
              52.27281397323866
            ],
            [
              -0.6106344978301604,
              52.27947677779765
            ],
            [
              -0.6536745953815682,
              52.268269212474856
            ],
            [
              -0.6373591082061334,
              52.22729910278618
            ],
            [
              -0.6681637366002271,
              52.1950224981968
            ],
            [
              -0.7054850187809315,
              52.19155376674915
            ],
            [
              -0.7497587258837274,
              52.16686554904901
            ],
            [
              -0.7780003485914263,
              52.16871692045308
            ],
            [
              -0.7921138349680426,
              52.15131196135231
            ],
            [
              -0.8076168398545945,
              52.156963167609206
            ],
            [
              -0.8140688509927355,
              52.14245390386298
            ],
            [
              -0.8319968529419941,
              52.143666771660904
            ],
            [
              -0.8282247236310253,
              52.132597467580624
            ],
            [
              -0.8807443314124499,
              52.126319474402685
            ],
            [
              -0.887035543075227,
              52.11419631569836
            ],
            [
              -0.8714713659235374,
              52.111737705255926
            ],
            [
              -0.8695625213926151,
              52.100022182481474
            ],
            [
              -0.8467300485932258,
              52.09149336780102
            ],
            [
              -0.831447448294602,
              52.07193124859253
            ],
            [
              -0.839522064015503,
              52.063811199484824
            ],
            [
              -0.8627022583917803,
              52.06091727523461
            ],
            [
              -0.8524764125458056,
              52.05069423482756
            ],
            [
              -0.8713480163286795,
              52.040240080193385
            ],
            [
              -0.8774957523988534,
              52.02995908899318
            ],
            [
              -0.890138064903326,
              52.03154439591991
            ],
            [
              -0.9060604885852983,
              52.02120973852588
            ],
            [
              -0.9518982674339181,
              52.08151534561759
            ],
            [
              -0.9678309138089466,
              52.070893785101894
            ],
            [
              -1.0263484309570818,
              52.07567135381809
            ],
            [
              -1.0423534264540837,
              52.07369860069249
            ],
            [
              -1.027687653451912,
              52.0637245093441
            ],
            [
              -1.062091038575677,
              52.06271759961518
            ],
            [
              -1.1220087427179,
              52.04513449605467
            ],
            [
              -1.1366957664472108,
              52.02222632775373
            ],
            [
              -1.1181169685473984,
              52.015417469939734
            ],
            [
              -1.1343497148700328,
              51.99728626768684
            ],
            [
              -1.163844628218502,
              51.993399456616686
            ],
            [
              -1.196288566244613,
              51.97742363532943
            ],
            [
              -1.241636198952116,
              51.986283697216294
            ],
            [
              -1.2834201755450425,
              51.979532408533466
            ],
            [
              -1.2781884261087395,
              52.01425916679765
            ],
            [
              -1.3129391080724275,
              52.05143710383206
            ],
            [
              -1.2975305885724921,
              52.078039834391625
            ],
            [
              -1.318178681264802,
              52.07990526507179
            ],
            [
              -1.3211937436600782,
              52.08700735084508
            ],
            [
              -1.2481083229145689,
              52.09714599836808
            ],
            [
              -1.33191542219816,
              52.1684699133749
            ],
            [
              -1.3131541698169487,
              52.19045203494399
            ],
            [
              -1.28121082240277,
              52.19193403497138
            ],
            [
              -1.2548064491101858,
              52.198872809552064
            ],
            [
              -1.2846609664354827,
              52.23856194292059
            ],
            [
              -1.2669083770297518,
              52.23522544651683
            ],
            [
              -1.2330208297529177,
              52.25324291913405
            ],
            [
              -1.215752421132917,
              52.26636350611766
            ],
            [
              -1.2338032371461003,
              52.29030674685935
            ],
            [
              -1.2092568970094044,
              52.31518334911425
            ],
            [
              -1.265370674389713,
              52.328338928455466
            ],
            [
              -1.2334050579204439,
              52.34649420970994
            ],
            [
              -1.1749873217419617,
              52.356268939314575
            ],
            [
              -1.2016282593969287,
              52.39671064258156
            ],
            [
              -1.184017500207435,
              52.392149189404606
            ],
            [
              -1.1493753531913502,
              52.39702051109647
            ],
            [
              -1.1292916076858963,
              52.41608664860641
            ],
            [
              -1.0843960235366337,
              52.43628145487549
            ],
            [
              -1.0500126861792716,
              52.422192095904464
            ],
            [
              -1.034293917222585,
              52.436269542381346
            ],
            [
              -1.0445334701243174,
              52.44572963218302
            ],
            [
              -1.0007066340629054,
              52.47091801619195
            ],
            [
              -0.9519269762761204,
              52.47740051060794
            ],
            [
              -0.9422197754573752,
              52.46774837226376
            ],
            [
              -0.9013044384441642,
              52.4597335957685
            ],
            [
              -0.8824236583263965,
              52.47126224209898
            ],
            [
              -0.8980652572670355,
              52.48689940966368
            ],
            [
              -0.8821489945531066,
              52.49314226691307
            ],
            [
              -0.8834631566417123,
              52.51394938207427
            ],
            [
              -0.8688355936658336,
              52.52693638454538
            ],
            [
              -0.7961886226940196,
              52.516348335036604
            ],
            [
              -0.7748847920824495,
              52.51825145858517
            ],
            [
              -0.7561817845711641,
              52.51097189452552
            ],
            [
              -0.7136747576048967,
              52.524947211923035
            ],
            [
              -0.6748823318252539,
              52.558620153104066
            ],
            [
              -0.6030352291236764,
              52.58856868872812
            ],
            [
              -0.5869971768042078,
              52.58740743370425
            ],
            [
              -0.581572994591906,
              52.59584760582617
            ],
            [
              -0.5719198211645944,
              52.585779093363094
            ],
            [
              -0.5581436560237564,
              52.59445883822142
            ],
            [
              -0.5441856741970014,
              52.59286756939349
            ],
            [
              -0.5529567718553323,
              52.60132726947176
            ],
            [
              -0.5402813418323055,
              52.62594059539551
            ],
            [
              -0.5174171741001289,
              52.64236101987413
            ]
          ]
        ]
      },
      "properties": {
        "name": "Northamptonshire",
        "color": "hsl(75, 70%, 60%)"
      }
    },
    {
      "type": "Feature",
      "id": 23,
      "geometry": {
        "type": "Polygon",
        "coordinates": [
          [
            [
              0.17202736093780724,
              52.73785965418445
            ],
            [
              0.15703965202478426,
              52.69142353666474
            ],
            [
              0.1578578233229046,
              52.681608093408855
            ],
            [
              0.18468623633822184,
              52.677870595540604
            ],
            [
              0.18381417473212647,
              52.65564196022721
            ],
            [
              0.16990784672108855,
              52.6504127542839
            ],
            [
              0.21927133693700762,
              52.621786426543224
            ],
            [
              0.19156561917849696,
              52.59894253347935
            ],
            [
              0.21837894356647156,
              52.57257446242579
            ],
            [
              0.20560008721760742,
              52.565548092590184
            ],
            [
              0.2172127033515438,
              52.56057457361271
            ],
            [
              0.2046836640712499,
              52.55463142084916
            ],
            [
              0.20511218710230303,
              52.54787975248025
            ],
            [
              0.21459802160470354,
              52.5490873188247
            ],
            [
              0.20385148865943734,
              52.54538559424555
            ],
            [
              0.21311818652695502,
              52.53814524884481
            ],
            [
              0.2058236099873182,
              52.53383061529615
            ],
            [
              0.230559487625218,
              52.527890974480044
            ],
            [
              0.20609864063988903,
              52.51960974762591
            ],
            [
              0.2362938066294479,
              52.507272721945796
            ],
            [
              0.24553011489230353,
              52.500560778290584
            ],
            [
              0.24565343399835451,
              52.50037860289134
            ],
            [
              0.25644476411221334,
              52.50769031085075
            ],
            [
              0.3093341384781398,
              52.513602254602695
            ],
            [
              0.36702928421592307,
              52.501150025734795
            ],
            [
              0.3806833648729648,
              52.4795201145279
            ],
            [
              0.4285015580420227,
              52.4546288694133
            ],
            [
              0.42930872298371675,
              52.4364033178778
            ],
            [
              0.3747451276726274,
              52.40970879626388
            ],
            [
              0.4075884510008269,
              52.36154784073641
            ],
            [
              0.4424748466828801,
              52.348809004759204
            ],
            [
              0.42419215994782244,
              52.329196010020375
            ],
            [
              0.43133934888193937,
              52.31580349336967
            ],
            [
              0.4575835557003753,
              52.31623129978321
            ],
            [
              0.5047375785439457,
              52.284693182439604
            ],
            [
              0.4987717730740155,
              52.27300360601092
            ],
            [
              0.4241754594117211,
              52.2558554246641
            ],
            [
              0.3826903368219406,
              52.293244744174274
            ],
            [
              0.35896946392081197,
              52.29752482970979
            ],
            [
              0.33997177658536126,
              52.267671340313086
            ],
            [
              0.36085447772078355,
              52.2494059254619
            ],
            [
              0.34265133932468606,
              52.24232317818581
            ],
            [
              0.37120902152494584,
              52.22653783787366
            ],
            [
              0.42130120610502997,
              52.239674309093054
            ],
            [
              0.414479554826224,
              52.24784423969189
            ],
            [
              0.426923579327029,
              52.253586826729176
            ],
            [
              0.4803065984933583,
              52.23265749843249
            ],
            [
              0.49489656760284834,
              52.239238077418655
            ],
            [
              0.5144486731953706,
              52.22675506662844
            ],
            [
              0.49130079848864255,
              52.16508102994279
            ],
            [
              0.4706968614474461,
              52.16323948929447
            ],
            [
              0.4521466432877198,
              52.173185754318666
            ],
            [
              0.4358795312453217,
              52.15947672589185
            ],
            [
              0.41724154736511254,
              52.15928480827401
            ],
            [
              0.41824312111471024,
              52.13433722319693
            ],
            [
              0.389545300906889,
              52.117450202306195
            ],
            [
              0.38176086328147696,
              52.102680342180264
            ],
            [
              0.39495131655738713,
              52.09594742404083
            ],
            [
              0.4045990512985258,
              52.06548217788677
            ],
            [
              0.37957518236341703,
              52.04954304135807
            ],
            [
              0.389655167359681,
              52.03645267915428
            ],
            [
              0.34592101991467367,
              52.049705551062004
            ],
            [
              0.32464279610160973,
              52.07277027428287
            ],
            [
              0.285982331031356,
              52.0903873366538
            ],
            [
              0.2761982107325476,
              52.092617989512185
            ],
            [
              0.2515308786280322,
              52.07677093809073
            ],
            [
              0.2351687410277049,
              52.0889881930271
            ],
            [
              0.20342449852983838,
              52.09266137389204
            ],
            [
              0.18315843079729593,
              52.07316589493454
            ],
            [
              0.18989223377527864,
              52.06018209784955
            ],
            [
              0.1675393987729712,
              52.05498436746374
            ],
            [
              0.1663637819403448,
              52.048171938517356
            ],
            [
              0.15108492719657263,
              52.0528401054549
            ],
            [
              0.1280972792208276,
              52.04730482896779
            ],
            [
              0.11904102808082243,
              52.05994912943861
            ],
            [
              0.10570678996247235,
              52.06024216400472
            ],
            [
              0.09221797962643742,
              52.0216366734579
            ],
            [
              0.06809287889550414,
              52.00577810494345
            ],
            [
              0.04026999693789222,
              52.053309737857184
            ],
            [
              0.00404163757561069,
              52.04977729751435
            ],
            [
              -0.019312898688480403,
              52.06351626558417
            ],
            [
              -0.12660148814312985,
              52.02090545289596
            ],
            [
              -0.13376802194138845,
              52.046214237780575
            ],
            [
              -0.15515706596680606,
              52.05304316006066
            ],
            [
              -0.14753836744993684,
              52.06938749791288
            ],
            [
              -0.15732218432506798,
              52.080528771635585
            ],
            [
              -0.14448044164383006,
              52.1381887378992
            ],
            [
              -0.15437989197891816,
              52.14439547263404
            ],
            [
              -0.1715637131382174,
              52.139484020552025
            ],
            [
              -0.23483734948303078,
              52.14471019361118
            ],
            [
              -0.21665209388967865,
              52.158715124401326
            ],
            [
              -0.2607282408333767,
              52.17638522593292
            ],
            [
              -0.2498121432506943,
              52.18435203261828
            ],
            [
              -0.2407468889997377,
              52.190178518224315
            ],
            [
              -0.26188043822019547,
              52.20985029805678
            ],
            [
              -0.29631052759280474,
              52.210469351862315
            ],
            [
              -0.2856481329229324,
              52.237261993286744
            ],
            [
              -0.2932419269454497,
              52.24050103534718
            ],
            [
              -0.33527623491839437,
              52.24286369552146
            ],
            [
              -0.3435014634376617,
              52.24185551371297
            ],
            [
              -0.3410348030155846,
              52.230626737987045
            ],
            [
              -0.37440801993853956,
              52.232979309330396
            ],
            [
              -0.3823640895237411,
              52.27111241650114
            ],
            [
              -0.37220845582030815,
              52.2734813700355
            ],
            [
              -0.3750314837132017,
              52.2804524539106
            ],
            [
              -0.42179699566893625,
              52.28492601004355
            ],
            [
              -0.43578130923155334,
              52.29663866790144
            ],
            [
              -0.4361068717629527,
              52.3144542828378
            ],
            [
              -0.4653893247051755,
              52.32293029333861
            ],
            [
              -0.4666858236676845,
              52.33890615145246
            ],
            [
              -0.4832929781951979,
              52.340882757335606
            ],
            [
              -0.4777036828185143,
              52.34890273871937
            ],
            [
              -0.49871644674249344,
              52.36007760650457
            ],
            [
              -0.4885488962224623,
              52.37400080091263
            ],
            [
              -0.49597158809309255,
              52.37949903341742
            ],
            [
              -0.44153583036749405,
              52.38497950341695
            ],
            [
              -0.41710331695679276,
              52.41158271388397
            ],
            [
              -0.3624345900490253,
              52.43351331663927
            ],
            [
              -0.37024518505661586,
              52.439905910353225
            ],
            [
              -0.3416156382053568,
              52.46692129544648
            ],
            [
              -0.3594301055129313,
              52.489835818109405
            ],
            [
              -0.3543756813926554,
              52.506470683031665
            ],
            [
              -0.4136245601978516,
              52.52565707344695
            ],
            [
              -0.40130065506750767,
              52.538662729910754
            ],
            [
              -0.41960842458761105,
              52.558939972880985
            ],
            [
              -0.40731252269121043,
              52.56403476327258
            ],
            [
              -0.4153994815934495,
              52.57871722949856
            ],
            [
              -0.47883096673547254,
              52.5736243092224
            ],
            [
              -0.4926850096691764,
              52.581875066943994
            ],
            [
              -0.47094044126891266,
              52.62353745002358
            ],
            [
              -0.4947861839839283,
              52.64029554165682
            ],
            [
              -0.45271952006663907,
              52.65425540037878
            ],
            [
              -0.4056965089866335,
              52.64802188139224
            ],
            [
              -0.3502408634847329,
              52.66159380404987
            ],
            [
              -0.33505424579018594,
              52.6748404263247
            ],
            [
              -0.28926247546574313,
              52.670250302783586
            ],
            [
              -0.26077182572550045,
              52.651395497898235
            ],
            [
              -0.21251715095188453,
              52.666654017842696
            ],
            [
              -0.1928885899502113,
              52.652411468043965
            ],
            [
              -0.1800438029087857,
              52.6605404085597
            ],
            [
              -0.14108065113338636,
              52.651484037596695
            ],
            [
              -0.10221943026863445,
              52.67218551498798
            ],
            [
              -0.08778364371534449,
              52.66676563550833
            ],
            [
              -0.06373298846289506,
              52.67521322565463
            ],
            [
              -0.03128930997075533,
              52.66150672462445
            ],
            [
              0.02147902717598035,
              52.664861962103814
            ],
            [
              0.04854590202903717,
              52.68138139950844
            ],
            [
              0.04412406158641559,
              52.714356340159824
            ],
            [
              0.06360048315527578,
              52.727370714629565
            ],
            [
              0.08898246900085995,
              52.723608430178984
            ],
            [
              0.1329590942155019,
              52.73927926566876
            ],
            [
              0.17119982458166202,
              52.73819849833464
            ],
            [
              0.17202736093780724,
              52.73785965418445
            ]
          ]
        ]
      },
      "properties": {
        "name": "Cambridgeshire",
        "color": "hsl(52, 70%, 60%)"
      }
    },
    {
      "type": "Feature",
      "id": 24,
      "geometry": {
        "type": "MultiPolygon",
        "coordinates": [
          [
            [
              [
                0.6820953104589463,
                52.977376877265684
              ],
              [
                0.6858621643073225,
                52.98670630535684
              ],
              [
                0.6580298873531037,
                52.98624416109856
              ],
              [
                0.6894330438965492,
                52.98782145703432
              ],
              [
                0.7509837420087341,
                52.978139644777386
              ],
              [
                0.7217133172478105,
                52.98245555249978
              ],
              [
                0.7165787317959498,
                52.97732175248101
              ],
              [
                0.7189149957750955,
                52.98273542987197
              ],
              [
                0.7110315612494704,
                52.97866237673592
              ],
              [
                0.703482446279191,
                52.98373500410196
              ],
              [
                0.7009009394371907,
                52.979135892076336
              ],
              [
                0.7033495746758236,
                52.98518572926564
              ],
              [
                0.6975980309249096,
                52.98064064817577
              ],
              [
                0.6903334312808523,
                52.98696482653218
              ],
              [
                0.6964939867329796,
                52.98085454065435
              ],
              [
                0.6854056710995047,
                52.98319179836944
              ],
              [
                0.6820953104589463,
                52.977376877265684
              ]
            ]
          ],
          [
            [
              [
                0.8836972005821802,
                52.9650018258063
              ],
              [
                0.8666929583984783,
                52.97608728377883
              ],
              [
                0.8720248449249729,
                52.96910636033896
              ],
              [
                0.8678406385551307,
                52.97339786387015
              ],
              [
                0.8547977323765338,
                52.96671603883286
              ],
              [
                0.8665792166730051,
                52.97864383841848
              ],
              [
                0.8780871663776666,
                52.97582976122135
              ],
              [
                0.8836972005821802,
                52.9650018258063
              ]
            ]
          ],
          [
            [
              [
                0.8916650633858798,
                52.961876608254585
              ],
              [
                0.9024680924965981,
                52.96596542274265
              ],
              [
                0.9124318394957593,
                52.963968014417404
              ],
              [
                0.8916650633858798,
                52.961876608254585
              ]
            ]
          ],
          [
            [
              [
                0.8796987820848098,
                52.95907396635759
              ],
              [
                0.8865862512735015,
                52.96253968693049
              ],
              [
                0.8756269201219836,
                52.96727470419053
              ],
              [
                0.8861348348567268,
                52.96403439389958
              ],
              [
                0.8941639955801065,
                52.970745158476944
              ],
              [
                0.9052278869698397,
                52.96802914826878
              ],
              [
                0.8796987820848098,
                52.95907396635759
              ]
            ]
          ],
          [
            [
              [
                1.2138265684024723,
                52.355361740968554
              ],
              [
                1.0681509866470165,
                52.3784921645544
              ],
              [
                1.0299282517474584,
                52.37871458313137
              ],
              [
                0.9674371816650226,
                52.370085040468275
              ],
              [
                0.9301979295760142,
                52.3888122614453
              ],
              [
                0.8668422566217515,
                52.39032199139435
              ],
              [
                0.8408938305259376,
                52.400769163404696
              ],
              [
                0.8081418315173333,
                52.38950182585009
              ],
              [
                0.765936100939487,
                52.390335745720535
              ],
              [
                0.7473670293307225,
                52.383161221134316
              ],
              [
                0.7375551161526331,
                52.39511552055347
              ],
              [
                0.6907338684998077,
                52.39750413444004
              ],
              [
                0.6684624312139449,
                52.40895322484194
              ],
              [
                0.7186260975330323,
                52.44967931135114
              ],
              [
                0.6839399476992924,
                52.45314280310162
              ],
              [
                0.666296546330404,
                52.4624806357434
              ],
              [
                0.6417996834058354,
                52.4509447610345
              ],
              [
                0.5824637345177691,
                52.45184232575122
              ],
              [
                0.554680299399433,
                52.45599798702828
              ],
              [
                0.5236294332983681,
                52.44815826901067
              ],
              [
                0.4455105493940327,
                52.44734533156315
              ],
              [
                0.42930872298371675,
                52.4364033178778
              ],
              [
                0.4285015580420227,
                52.4546288694133
              ],
              [
                0.3806833648729648,
                52.4795201145279
              ],
              [
                0.36702928421592307,
                52.501150025734795
              ],
              [
                0.3093341384781398,
                52.513602254602695
              ],
              [
                0.25644476411221334,
                52.50769031085075
              ],
              [
                0.24565343399835451,
                52.50037860289134
              ],
              [
                0.24553011489230353,
                52.500560778290584
              ],
              [
                0.2362938066294479,
                52.507272721945796
              ],
              [
                0.20609864063988903,
                52.51960974762591
              ],
              [
                0.230559487625218,
                52.527890974480044
              ],
              [
                0.2058236099873182,
                52.53383061529615
              ],
              [
                0.21311818652695502,
                52.53814524884481
              ],
              [
                0.20385148865943734,
                52.54538559424555
              ],
              [
                0.21459802160470354,
                52.5490873188247
              ],
              [
                0.20511218710230303,
                52.54787975248025
              ],
              [
                0.2046836640712499,
                52.55463142084916
              ],
              [
                0.2172127033515438,
                52.56057457361271
              ],
              [
                0.20560008721760742,
                52.565548092590184
              ],
              [
                0.21837894356647156,
                52.57257446242579
              ],
              [
                0.19156561917849696,
                52.59894253347935
              ],
              [
                0.21927133693700762,
                52.621786426543224
              ],
              [
                0.16990784672108855,
                52.6504127542839
              ],
              [
                0.18381417473212647,
                52.65564196022721
              ],
              [
                0.18468623633822184,
                52.677870595540604
              ],
              [
                0.1578578233229046,
                52.681608093408855
              ],
              [
                0.15703965202478426,
                52.69142353666474
              ],
              [
                0.17202736093780724,
                52.73785965418445
              ],
              [
                0.18629928016056785,
                52.735322524085916
              ],
              [
                0.27217863436312834,
                52.77278436947175
              ],
              [
                0.2450571874524985,
                52.784495128339756
              ],
              [
                0.26743003334023563,
                52.813192545216104
              ],
              [
                0.28503106894527197,
                52.81180285757161
              ],
              [
                0.2783696944648718,
                52.81608498056215
              ],
              [
                0.2875271500679733,
                52.81920860226333
              ],
              [
                0.2903524782960337,
                52.81310289933528
              ],
              [
                0.3154677427729331,
                52.8188104653251
              ],
              [
                0.3445634978007915,
                52.814237850264526
              ],
              [
                0.3343288278822354,
                52.81017772178706
              ],
              [
                0.34586334184639755,
                52.81357376020888
              ],
              [
                0.338910419207607,
                52.80762381887714
              ],
              [
                0.35207484696216274,
                52.809332671613895
              ],
              [
                0.3453086491547943,
                52.80327150016799
              ],
              [
                0.3538095619441631,
                52.80628611394634
              ],
              [
                0.3624262892829097,
                52.79663776559575
              ],
              [
                0.3922537026000078,
                52.74735937737405
              ],
              [
                0.37463021587833795,
                52.78430043416878
              ],
              [
                0.38144194278720367,
                52.78873156991093
              ],
              [
                0.3741339435329485,
                52.785263474934105
              ],
              [
                0.3627572802113038,
                52.801648441921195
              ],
              [
                0.37028672427900117,
                52.80233443890179
              ],
              [
                0.3582354019066615,
                52.80773576007418
              ],
              [
                0.38118436287527213,
                52.813337626227224
              ],
              [
                0.35752496574442455,
                52.81215571530263
              ],
              [
                0.4025867465544251,
                52.83679668020953
              ],
              [
                0.41163036849780804,
                52.83253105238036
              ],
              [
                0.4050548929979454,
                52.83766381797891
              ],
              [
                0.43298499560126724,
                52.853072478853534
              ],
              [
                0.44454528150368383,
                52.853410380471615
              ],
              [
                0.44956911488808826,
                52.842390970802796
              ],
              [
                0.44486446613960073,
                52.872825633452095
              ],
              [
                0.4902319652656778,
                52.947969531438424
              ],
              [
                0.541620855197989,
                52.97514181983146
              ],
              [
                0.5693345426475606,
                52.97526508184456
              ],
              [
                0.5616261517058717,
                52.97187082374479
              ],
              [
                0.5762459016975051,
                52.96399268684144
              ],
              [
                0.5863667140601821,
                52.972872402827825
              ],
              [
                0.5869640916179846,
                52.96591778648379
              ],
              [
                0.5921935687132179,
                52.97092908521404
              ],
              [
                0.5900601741231553,
                52.96464543467312
              ],
              [
                0.6034710190604304,
                52.96576400017346
              ],
              [
                0.587911571381634,
                52.97703789532999
              ],
              [
                0.617725611709539,
                52.972698135509035
              ],
              [
                0.6139087672171364,
                52.9659753973938
              ],
              [
                0.6262197445590413,
                52.96735837563236
              ],
              [
                0.6227647068155306,
                52.97375593280092
              ],
              [
                0.6715699514428867,
                52.977488132618056
              ],
              [
                0.6688305195172013,
                52.97002349654315
              ],
              [
                0.6385994577309875,
                52.97083365275309
              ],
              [
                0.6434543312056709,
                52.966184850851725
              ],
              [
                0.6846982827089394,
                52.9674629493073
              ],
              [
                0.7000577218312279,
                52.97349912750665
              ],
              [
                0.680025357885867,
                52.969447770075
              ],
              [
                0.6937835091779323,
                52.97895578597385
              ],
              [
                0.7154885479701764,
                52.97181661124697
              ],
              [
                0.7480288667303491,
                52.97477307065284
              ],
              [
                0.7505241800206153,
                52.97254824114565
              ],
              [
                0.7462755432203139,
                52.96615427789938
              ],
              [
                0.7475763177833417,
                52.97257149576538
              ],
              [
                0.731719099714934,
                52.97267641287068
              ],
              [
                0.7315850319414811,
                52.96110677105608
              ],
              [
                0.7578129134031695,
                52.9693489358496
              ],
              [
                0.7536182052183507,
                52.97505728450778
              ],
              [
                0.7644545159930615,
                52.97655907550297
              ],
              [
                0.7505651901846287,
                52.97671060895146
              ],
              [
                0.7815085138334744,
                52.97836407909572
              ],
              [
                0.8124912073847804,
                52.97324645902758
              ],
              [
                0.845342057787912,
                52.97762570567724
              ],
              [
                0.8509898957661038,
                52.95774328281048
              ],
              [
                0.8695994691159051,
                52.95475929180474
              ],
              [
                0.9054164556562363,
                52.96240429426127
              ],
              [
                0.9093021045568518,
                52.956841801821355
              ],
              [
                0.9106141834146727,
                52.963293177767575
              ],
              [
                0.9168849092724368,
                52.96241995428557
              ],
              [
                0.9145988108261668,
                52.9636360953658
              ],
              [
                0.9209645785041419,
                52.966159459169496
              ],
              [
                0.936487254146492,
                52.95763853906414
              ],
              [
                0.9839658174913576,
                52.96376609017078
              ],
              [
                1.0144866804495292,
                52.96296838651184
              ],
              [
                1.0105805554993263,
                52.95498309189955
              ],
              [
                1.0305108731681856,
                52.96657131808369
              ],
              [
                1.0029249062693293,
                52.973854557556464
              ],
              [
                0.9698290029669342,
                52.97132342813319
              ],
              [
                0.9579805904539733,
                52.969272033346584
              ],
              [
                0.9749460710729115,
                52.98032279535204
              ],
              [
                1.0068268792204411,
                52.97426842606757
              ],
              [
                1.010198511210569,
                52.9734816057706
              ],
              [
                1.124198875220645,
                52.95129292598417
              ],
              [
                1.3010245133975662,
                52.93281175082857
              ],
              [
                1.4321170537301229,
                52.88175092290161
              ],
              [
                1.5864292901976238,
                52.80166203089131
              ],
              [
                1.674832556810569,
                52.74254077381976
              ],
              [
                1.6975400341930211,
                52.723503203483695
              ],
              [
                1.7369415607043293,
                52.64743041295592
              ],
              [
                1.7435234521117087,
                52.574247567456204
              ],
              [
                1.7399906145403672,
                52.57419744359862
              ],
              [
                1.7402095160185742,
                52.53204968307533
              ],
              [
                1.7259721314459888,
                52.530610390812264
              ],
              [
                1.7019761362591819,
                52.54463157088791
              ],
              [
                1.6676825764304892,
                52.55021571636494
              ],
              [
                1.6367128707164496,
                52.537401632010685
              ],
              [
                1.6341015906938061,
                52.533650239063505
              ],
              [
                1.6288767040876593,
                52.52610239107601
              ],
              [
                1.6459761378609223,
                52.51534034965701
              ],
              [
                1.6540779675057922,
                52.50122939649674
              ],
              [
                1.6717618001612988,
                52.50366754238377
              ],
              [
                1.6815613328167345,
                52.49570815901433
              ],
              [
                1.673635017190673,
                52.48195903845274
              ],
              [
                1.6705678383650135,
                52.47662154590433
              ],
              [
                1.662798497332788,
                52.47176265414453
              ],
              [
                1.657888669762375,
                52.468685667874695
              ],
              [
                1.6571264052811518,
                52.46819656800668
              ],
              [
                1.647401043259921,
                52.47133952784931
              ],
              [
                1.6433273425697954,
                52.472661507116
              ],
              [
                1.6335366397756106,
                52.462889013103975
              ],
              [
                1.5882669066548292,
                52.47751255521796
              ],
              [
                1.585913256774165,
                52.478276583395626
              ],
              [
                1.5800423694198447,
                52.48017255089149
              ],
              [
                1.5759688691415856,
                52.47608647795347
              ],
              [
                1.5619744409754293,
                52.46204608544436
              ],
              [
                1.5578727930127179,
                52.45793328672237
              ],
              [
                1.5577282889888182,
                52.457784732677034
              ],
              [
                1.527890981682687,
                52.46763787085743
              ],
              [
                1.5160953218471935,
                52.47152425091948
              ],
              [
                1.5215546715504562,
                52.465749194286865
              ],
              [
                1.5232254521307627,
                52.463990456398996
              ],
              [
                1.5086876688178763,
                52.46191365130397
              ],
              [
                1.5079578397488898,
                52.46180940201787
              ],
              [
                1.4811859103210945,
                52.4718563204848
              ],
              [
                1.4803433800093453,
                52.47181817920554
              ],
              [
                1.4799165396745788,
                52.47182175612272
              ],
              [
                1.4649157720767545,
                52.46479737414464
              ],
              [
                1.4461279338158515,
                52.455974889698595
              ],
              [
                1.4180660851435773,
                52.47021823945838
              ],
              [
                1.410989812396375,
                52.46156353909591
              ],
              [
                1.4332269951493224,
                52.4559277470857
              ],
              [
                1.4325629439751564,
                52.44531595365349
              ],
              [
                1.407879685018563,
                52.44437563426471
              ],
              [
                1.3636250302352242,
                52.427449034455854
              ],
              [
                1.347060299756219,
                52.404382303579006
              ],
              [
                1.3162694378282096,
                52.38736198845962
              ],
              [
                1.2862041118573089,
                52.390657828510584
              ],
              [
                1.2599606175829727,
                52.37107716979669
              ],
              [
                1.2138265684024723,
                52.355361740968554
              ]
            ]
          ]
        ]
      },
      "properties": {
        "name": "Norfolk",
        "color": "hsl(53, 70%, 60%)"
      }
    },
    {
      "type": "Feature",
      "id": 25,
      "geometry": {
        "type": "Polygon",
        "coordinates": [
          [
            [
              1.7019761362591819,
              52.54463157088791
            ],
            [
              1.7259721314459888,
              52.530610390812264
            ],
            [
              1.7402095160185742,
              52.53204968307533
            ],
            [
              1.7636671993841146,
              52.4816170430703
            ],
            [
              1.7565509707881688,
              52.47194007161067
            ],
            [
              1.757636636957898,
              52.476897747076464
            ],
            [
              1.7108348707493386,
              52.47478804210843
            ],
            [
              1.7562004232726907,
              52.471456494983784
            ],
            [
              1.7349089395366273,
              52.44912254391532
            ],
            [
              1.727857021619303,
              52.400170072680474
            ],
            [
              1.6748242404511655,
              52.31361118970886
            ],
            [
              1.6723815317686548,
              52.314065038919196
            ],
            [
              1.6332088546337442,
              52.27680716828989
            ],
            [
              1.6230714687361372,
              52.18851096946308
            ],
            [
              1.580073067671593,
              52.08869643042842
            ],
            [
              1.5800032985435335,
              52.088554634115674
            ],
            [
              1.5791598275100642,
              52.08659241425627
            ],
            [
              1.4659724939586456,
              52.0468584800419
            ],
            [
              1.5352463029907826,
              52.07708045120235
            ],
            [
              1.5415420498144627,
              52.0791579181136
            ],
            [
              1.5621882290073028,
              52.087628809200794
            ],
            [
              1.5671114019429744,
              52.09095176104283
            ],
            [
              1.5677196569922256,
              52.09143704234828
            ],
            [
              1.5611813792723876,
              52.08836985673798
            ],
            [
              1.5414149177659977,
              52.07976439212459
            ],
            [
              1.5179235447702069,
              52.075845366503124
            ],
            [
              1.5036355727995006,
              52.07066773840751
            ],
            [
              1.5012147974153924,
              52.07069478310442
            ],
            [
              1.451074270531047,
              52.04415711172619
            ],
            [
              1.4632073149458031,
              52.04826207975454
            ],
            [
              1.4582212486620145,
              52.03376543983929
            ],
            [
              1.4345264160072437,
              52.00851890935838
            ],
            [
              1.3936389531931226,
              51.986517356535735
            ],
            [
              1.3953110470411345,
              51.999367253253304
            ],
            [
              1.3607079409774192,
              52.00624302177552
            ],
            [
              1.3914356477202459,
              51.98936019600376
            ],
            [
              1.3880638312973703,
              51.978475043663195
            ],
            [
              1.344464670495832,
              51.95690371532177
            ],
            [
              1.319108796623591,
              51.93233868124061
            ],
            [
              1.3156400884409467,
              51.951387717687076
            ],
            [
              1.2825651054588911,
              51.96607670356787
            ],
            [
              1.280241943281818,
              51.9930613796758
            ],
            [
              1.1788021837573113,
              52.021523379097786
            ],
            [
              1.1661958347865566,
              52.02983183097377
            ],
            [
              1.1606769946447253,
              52.03159006503319
            ],
            [
              1.1490350836256056,
              52.03399766365827
            ],
            [
              1.211788313915046,
              51.99643376152036
            ],
            [
              1.2672124137991256,
              51.987802489509164
            ],
            [
              1.2757975132390802,
              51.95654252702463
            ],
            [
              1.242911370582693,
              51.96137523140725
            ],
            [
              1.2197331441126742,
              51.95284684317458
            ],
            [
              1.1877381022251754,
              51.95550807237878
            ],
            [
              1.1634845939916425,
              51.97057126562168
            ],
            [
              1.130331359310066,
              51.95350604466339
            ],
            [
              1.0856861482071323,
              51.95899364152555
            ],
            [
              1.065845685322163,
              51.948998536361174
            ],
            [
              1.053875936614186,
              51.95297936522016
            ],
            [
              1.047230959461399,
              51.95951929576227
            ],
            [
              1.0246743786332644,
              51.95488498074571
            ],
            [
              0.9986707614493916,
              51.96395078128449
            ],
            [
              0.9709486115944858,
              51.96238764694414
            ],
            [
              0.9625464152923374,
              51.97714221100551
            ],
            [
              0.9428696277375996,
              51.97067490728239
            ],
            [
              0.9251288475536527,
              51.97618063325374
            ],
            [
              0.8896474586319443,
              51.97336992739815
            ],
            [
              0.8501991877853412,
              51.96075193877506
            ],
            [
              0.8246160550642072,
              51.968536573298366
            ],
            [
              0.8108309945705041,
              51.9606827095049
            ],
            [
              0.7814356238850524,
              51.966498411094676
            ],
            [
              0.772228231465511,
              51.970411916353875
            ],
            [
              0.7745963887057842,
              51.982577955590806
            ],
            [
              0.7596235553169564,
              51.985412117919125
            ],
            [
              0.7611080529587392,
              51.99746419625437
            ],
            [
              0.7384876586193837,
              52.01068198956851
            ],
            [
              0.7406008699623149,
              52.03118216740195
            ],
            [
              0.7143546762679323,
              52.02730258129821
            ],
            [
              0.6964733189242642,
              52.03928751033154
            ],
            [
              0.699357109497347,
              52.0484213307035
            ],
            [
              0.7162189195108394,
              52.04867213272989
            ],
            [
              0.7031445975407467,
              52.065250367259004
            ],
            [
              0.7120738800346783,
              52.072221548472015
            ],
            [
              0.6841648516157348,
              52.08695283218634
            ],
            [
              0.6568627402261504,
              52.08542241595213
            ],
            [
              0.5820948345064832,
              52.07583486566235
            ],
            [
              0.5514538714031095,
              52.0687956987306
            ],
            [
              0.5422313625199955,
              52.05774516245755
            ],
            [
              0.5110119104130499,
              52.05981770652539
            ],
            [
              0.5016472035425806,
              52.053838989186346
            ],
            [
              0.4666227888444144,
              52.078435090815375
            ],
            [
              0.4535790385247393,
              52.06813217673052
            ],
            [
              0.4382379786868369,
              52.072317505084634
            ],
            [
              0.4045990512985258,
              52.06548217788677
            ],
            [
              0.39495131655738713,
              52.09594742404083
            ],
            [
              0.38176086328147696,
              52.102680342180264
            ],
            [
              0.389545300906889,
              52.117450202306195
            ],
            [
              0.41824312111471024,
              52.13433722319693
            ],
            [
              0.41724154736511254,
              52.15928480827401
            ],
            [
              0.4358795312453217,
              52.15947672589185
            ],
            [
              0.4521466432877198,
              52.173185754318666
            ],
            [
              0.4706968614474461,
              52.16323948929447
            ],
            [
              0.49130079848864255,
              52.16508102994279
            ],
            [
              0.5144486731953706,
              52.22675506662844
            ],
            [
              0.49489656760284834,
              52.239238077418655
            ],
            [
              0.4803065984933583,
              52.23265749843249
            ],
            [
              0.426923579327029,
              52.253586826729176
            ],
            [
              0.414479554826224,
              52.24784423969189
            ],
            [
              0.42130120610502997,
              52.239674309093054
            ],
            [
              0.37120902152494584,
              52.22653783787366
            ],
            [
              0.34265133932468606,
              52.24232317818581
            ],
            [
              0.36085447772078355,
              52.2494059254619
            ],
            [
              0.33997177658536126,
              52.267671340313086
            ],
            [
              0.35896946392081197,
              52.29752482970979
            ],
            [
              0.3826903368219406,
              52.293244744174274
            ],
            [
              0.4241754594117211,
              52.2558554246641
            ],
            [
              0.4987717730740155,
              52.27300360601092
            ],
            [
              0.5047375785439457,
              52.284693182439604
            ],
            [
              0.4575835557003753,
              52.31623129978321
            ],
            [
              0.43133934888193937,
              52.31580349336967
            ],
            [
              0.42419215994782244,
              52.329196010020375
            ],
            [
              0.4424748466828801,
              52.348809004759204
            ],
            [
              0.4075884510008269,
              52.36154784073641
            ],
            [
              0.3747451276726274,
              52.40970879626388
            ],
            [
              0.42930872298371675,
              52.4364033178778
            ],
            [
              0.4455105493940327,
              52.44734533156315
            ],
            [
              0.5236294332983681,
              52.44815826901067
            ],
            [
              0.554680299399433,
              52.45599798702828
            ],
            [
              0.5824637345177691,
              52.45184232575122
            ],
            [
              0.6417996834058354,
              52.4509447610345
            ],
            [
              0.666296546330404,
              52.4624806357434
            ],
            [
              0.6839399476992924,
              52.45314280310162
            ],
            [
              0.7186260975330323,
              52.44967931135114
            ],
            [
              0.6684624312139449,
              52.40895322484194
            ],
            [
              0.6907338684998077,
              52.39750413444004
            ],
            [
              0.7375551161526331,
              52.39511552055347
            ],
            [
              0.7473670293307225,
              52.383161221134316
            ],
            [
              0.765936100939487,
              52.390335745720535
            ],
            [
              0.8081418315173333,
              52.38950182585009
            ],
            [
              0.8408938305259376,
              52.400769163404696
            ],
            [
              0.8668422566217515,
              52.39032199139435
            ],
            [
              0.9301979295760142,
              52.3888122614453
            ],
            [
              0.9674371816650226,
              52.370085040468275
            ],
            [
              1.0299282517474584,
              52.37871458313137
            ],
            [
              1.0681509866470165,
              52.3784921645544
            ],
            [
              1.2138265684024723,
              52.355361740968554
            ],
            [
              1.2599606175829727,
              52.37107716979669
            ],
            [
              1.2862041118573089,
              52.390657828510584
            ],
            [
              1.3162694378282096,
              52.38736198845962
            ],
            [
              1.347060299756219,
              52.404382303579006
            ],
            [
              1.3636250302352242,
              52.427449034455854
            ],
            [
              1.407879685018563,
              52.44437563426471
            ],
            [
              1.4325629439751564,
              52.44531595365349
            ],
            [
              1.4332269951493224,
              52.4559277470857
            ],
            [
              1.410989812396375,
              52.46156353909591
            ],
            [
              1.4180660851435773,
              52.47021823945838
            ],
            [
              1.4461279338158515,
              52.455974889698595
            ],
            [
              1.4649157720767545,
              52.46479737414464
            ],
            [
              1.4799165396745788,
              52.47182175612272
            ],
            [
              1.4803433800093453,
              52.47181817920554
            ],
            [
              1.4811859103210945,
              52.4718563204848
            ],
            [
              1.5079578397488898,
              52.46180940201787
            ],
            [
              1.5086876688178763,
              52.46191365130397
            ],
            [
              1.5232254521307627,
              52.463990456398996
            ],
            [
              1.5215546715504562,
              52.465749194286865
            ],
            [
              1.5160953218471935,
              52.47152425091948
            ],
            [
              1.527890981682687,
              52.46763787085743
            ],
            [
              1.5577282889888182,
              52.457784732677034
            ],
            [
              1.5578727930127179,
              52.45793328672237
            ],
            [
              1.5619744409754293,
              52.46204608544436
            ],
            [
              1.5759688691415856,
              52.47608647795347
            ],
            [
              1.5800423694198447,
              52.48017255089149
            ],
            [
              1.585913256774165,
              52.478276583395626
            ],
            [
              1.5882669066548292,
              52.47751255521796
            ],
            [
              1.6335366397756106,
              52.462889013103975
            ],
            [
              1.6433273425697954,
              52.472661507116
            ],
            [
              1.647401043259921,
              52.47133952784931
            ],
            [
              1.6571264052811518,
              52.46819656800668
            ],
            [
              1.657888669762375,
              52.468685667874695
            ],
            [
              1.662798497332788,
              52.47176265414453
            ],
            [
              1.6705678383650135,
              52.47662154590433
            ],
            [
              1.673635017190673,
              52.48195903845274
            ],
            [
              1.6815613328167345,
              52.49570815901433
            ],
            [
              1.6717618001612988,
              52.50366754238377
            ],
            [
              1.6540779675057922,
              52.50122939649674
            ],
            [
              1.6459761378609223,
              52.51534034965701
            ],
            [
              1.6288767040876593,
              52.52610239107601
            ],
            [
              1.6341015906938061,
              52.533650239063505
            ],
            [
              1.6367128707164496,
              52.537401632010685
            ],
            [
              1.6676825764304892,
              52.55021571636494
            ],
            [
              1.7019761362591819,
              52.54463157088791
            ]
          ]
        ]
      },
      "properties": {
        "name": "Suffolk",
        "color": "hsl(96, 70%, 60%)"
      }
    },
    {
      "type": "Feature",
      "id": 26,
      "geometry": {
        "type": "Polygon",
        "coordinates": [
          [
            [
              -0.3823640895237411,
              52.27111241650114
            ],
            [
              -0.37440801993853956,
              52.232979309330396
            ],
            [
              -0.3410348030155846,
              52.230626737987045
            ],
            [
              -0.3435014634376617,
              52.24185551371297
            ],
            [
              -0.33527623491839437,
              52.24286369552146
            ],
            [
              -0.2932419269454497,
              52.24050103534718
            ],
            [
              -0.2856481329229324,
              52.237261993286744
            ],
            [
              -0.29631052759280474,
              52.210469351862315
            ],
            [
              -0.26188043822019547,
              52.20985029805678
            ],
            [
              -0.2407468889997377,
              52.190178518224315
            ],
            [
              -0.2498121432506943,
              52.18435203261828
            ],
            [
              -0.2607282408333767,
              52.17638522593292
            ],
            [
              -0.21665209388967865,
              52.158715124401326
            ],
            [
              -0.23483734948303078,
              52.14471019361118
            ],
            [
              -0.1715637131382174,
              52.139484020552025
            ],
            [
              -0.15437989197891816,
              52.14439547263404
            ],
            [
              -0.14448044164383006,
              52.1381887378992
            ],
            [
              -0.15732218432506798,
              52.080528771635585
            ],
            [
              -0.1726591476950865,
              52.06019457634343
            ],
            [
              -0.19502030516359084,
              52.06240052333487
            ],
            [
              -0.2195281200541607,
              52.03672452327726
            ],
            [
              -0.20128992204708193,
              52.00981395840799
            ],
            [
              -0.2441142121122202,
              51.99901375254189
            ],
            [
              -0.24802391396119583,
              51.98506288419685
            ],
            [
              -0.2706608836443505,
              51.97960685262476
            ],
            [
              -0.28244598427982137,
              52.00154820699593
            ],
            [
              -0.2961306919987731,
              52.00217858657806
            ],
            [
              -0.311585668840533,
              51.982098031309235
            ],
            [
              -0.36719538095128146,
              51.98374545683959
            ],
            [
              -0.349295039696924,
              51.97115937934652
            ],
            [
              -0.3502599887911292,
              51.95756854890051
            ],
            [
              -0.3741337603503513,
              51.94775811079537
            ],
            [
              -0.3830242544990242,
              51.95180091475454
            ],
            [
              -0.37966601494257,
              51.97794730002323
            ],
            [
              -0.39133328555249236,
              51.977010299214996
            ],
            [
              -0.40564030633792314,
              51.9324447193062
            ],
            [
              -0.38564560832627015,
              51.91567248395052
            ],
            [
              -0.37751414655591825,
              51.898422491217666
            ],
            [
              -0.3499377582114629,
              51.878697763356136
            ],
            [
              -0.3548599397616824,
              51.87400106277195
            ],
            [
              -0.3395177620174902,
              51.8495975748503
            ],
            [
              -0.36333974362398846,
              51.84209062586789
            ],
            [
              -0.3733990084195189,
              51.829219045538075
            ],
            [
              -0.4048951703817019,
              51.8405934562677
            ],
            [
              -0.4215284106634521,
              51.85019624879915
            ],
            [
              -0.4475488503924194,
              51.84759328242236
            ],
            [
              -0.47044498032963394,
              51.85569803212582
            ],
            [
              -0.4783295181234258,
              51.853120775668806
            ],
            [
              -0.4712276177600934,
              51.84545769286482
            ],
            [
              -0.5018569904758637,
              51.83677922713064
            ],
            [
              -0.511229831180816,
              51.82588345372368
            ],
            [
              -0.5023178583806549,
              51.81544783272105
            ],
            [
              -0.5197619060401298,
              51.805085496715826
            ],
            [
              -0.5536628204701025,
              51.82670070920757
            ],
            [
              -0.543677204065966,
              51.82450939874196
            ],
            [
              -0.5376645580405867,
              51.83139432094158
            ],
            [
              -0.5835951426848576,
              51.87031449185562
            ],
            [
              -0.6201267415647379,
              51.885476707013616
            ],
            [
              -0.6520101894741975,
              51.88678139793689
            ],
            [
              -0.6730020427693025,
              51.901738973613995
            ],
            [
              -0.6927292877308838,
              51.90013450879111
            ],
            [
              -0.7021945080227057,
              51.909104780724874
            ],
            [
              -0.6530029221494283,
              51.96921690158248
            ],
            [
              -0.6457067233486722,
              51.97221724244333
            ],
            [
              -0.6617162403666466,
              51.99972485330197
            ],
            [
              -0.643506405679825,
              52.01084557102336
            ],
            [
              -0.6510576578480296,
              52.01847596467077
            ],
            [
              -0.6402356706761474,
              52.02405201383078
            ],
            [
              -0.6430722097246143,
              52.037238927897306
            ],
            [
              -0.6690034370093779,
              52.04870180479452
            ],
            [
              -0.5918356594333911,
              52.11068057866598
            ],
            [
              -0.6072792593210423,
              52.13385441199591
            ],
            [
              -0.6354742747365042,
              52.139237038785296
            ],
            [
              -0.6408053825599596,
              52.15275826669065
            ],
            [
              -0.6306976312097705,
              52.15490710559616
            ],
            [
              -0.6274668570678067,
              52.18152808088178
            ],
            [
              -0.6681637366002271,
              52.1950224981968
            ],
            [
              -0.6373591082061334,
              52.22729910278618
            ],
            [
              -0.6536745953815682,
              52.268269212474856
            ],
            [
              -0.6106344978301604,
              52.27947677779765
            ],
            [
              -0.5863518881453205,
              52.27281397323866
            ],
            [
              -0.5657102359335735,
              52.25345017471465
            ],
            [
              -0.5419941656055317,
              52.25605475355541
            ],
            [
              -0.5312209870655551,
              52.27038777001632
            ],
            [
              -0.5419967989141354,
              52.289923894672285
            ],
            [
              -0.5140725968202275,
              52.31467865969688
            ],
            [
              -0.5198555304232582,
              52.317673333411584
            ],
            [
              -0.4653893247051755,
              52.32293029333861
            ],
            [
              -0.4361068717629527,
              52.3144542828378
            ],
            [
              -0.43578130923155334,
              52.29663866790144
            ],
            [
              -0.42179699566893625,
              52.28492601004355
            ],
            [
              -0.3750314837132017,
              52.2804524539106
            ],
            [
              -0.37220845582030815,
              52.2734813700355
            ],
            [
              -0.3823640895237411,
              52.27111241650114
            ]
          ]
        ]
      },
      "properties": {
        "name": "Bedfordshire",
        "color": "hsl(146, 70%, 60%)"
      }
    },
    {
      "type": "Feature",
      "id": 27,
      "geometry": {
        "type": "Polygon",
        "coordinates": [
          [
            [
              -0.14753836744993684,
              52.06938749791288
            ],
            [
              -0.15515706596680606,
              52.05304316006066
            ],
            [
              -0.13376802194138845,
              52.046214237780575
            ],
            [
              -0.12660148814312985,
              52.02090545289596
            ],
            [
              -0.019312898688480403,
              52.06351626558417
            ],
            [
              0.00404163757561069,
              52.04977729751435
            ],
            [
              0.04026999693789222,
              52.053309737857184
            ],
            [
              0.06809287889550414,
              52.00577810494345
            ],
            [
              0.06902761424710765,
              51.984027744557174
            ],
            [
              0.09641997667650282,
              51.98431650095084
            ],
            [
              0.10697351421416222,
              51.97179981600838
            ],
            [
              0.12481458160463227,
              51.92359538645327
            ],
            [
              0.12473175165350509,
              51.88457024682957
            ],
            [
              0.1838119730357754,
              51.89348780632421
            ],
            [
              0.17493865006804912,
              51.88279836486966
            ],
            [
              0.19556665805518889,
              51.86807217839805
            ],
            [
              0.1704304763544729,
              51.86160557384063
            ],
            [
              0.16621124807356058,
              51.82214355162839
            ],
            [
              0.17254664845094228,
              51.81628943744023
            ],
            [
              0.15828153564171146,
              51.81350374757034
            ],
            [
              0.14610116451928984,
              51.79623638034986
            ],
            [
              0.05763472296724182,
              51.77966270167557
            ],
            [
              0.02677067909052067,
              51.774174124813754
            ],
            [
              0.013998482910465385,
              51.76436722960436
            ],
            [
              0.0011301090501962636,
              51.74504669377369
            ],
            [
              -0.013538224005964829,
              51.74221122577766
            ],
            [
              -0.019777051750103494,
              51.70320874526355
            ],
            [
              -0.011956655977970148,
              51.68087436240442
            ],
            [
              -0.1058121838981426,
              51.69186763123581
            ],
            [
              -0.16352104303757278,
              51.68810819303468
            ],
            [
              -0.18211206717459147,
              51.66859652926893
            ],
            [
              -0.19109204104613484,
              51.66388838621142
            ],
            [
              -0.2033821006825811,
              51.67011984100483
            ],
            [
              -0.21217328019309964,
              51.66134272638098
            ],
            [
              -0.2506207524253276,
              51.65604991257354
            ],
            [
              -0.2573684028175882,
              51.64182569455863
            ],
            [
              -0.3044857044353941,
              51.63634696653092
            ],
            [
              -0.31670088070861846,
              51.6405242410576
            ],
            [
              -0.36265016082243157,
              51.623495560605576
            ],
            [
              -0.404083685055646,
              51.61317673642683
            ],
            [
              -0.4406054030938063,
              51.620069919859304
            ],
            [
              -0.45716372299029684,
              51.61228580003052
            ],
            [
              -0.496874699007051,
              51.63172913032524
            ],
            [
              -0.500618502924188,
              51.59968460045743
            ],
            [
              -0.5225356549895782,
              51.60505199132425
            ],
            [
              -0.5392820242919925,
              51.638037210534556
            ],
            [
              -0.5369724834676948,
              51.660407290668225
            ],
            [
              -0.5228114587241511,
              51.65838667745665
            ],
            [
              -0.5210225542891579,
              51.668039445248326
            ],
            [
              -0.5051383433187758,
              51.67307162666959
            ],
            [
              -0.5242962012687727,
              51.68210795681095
            ],
            [
              -0.5487242016657873,
              51.682664093973194
            ],
            [
              -0.5440465210746094,
              51.69681331236348
            ],
            [
              -0.5632339496645284,
              51.711868041444895
            ],
            [
              -0.5501406712068861,
              51.723900065956244
            ],
            [
              -0.5592697255888022,
              51.7373201719774
            ],
            [
              -0.5732421548270409,
              51.73604297369766
            ],
            [
              -0.5864119727343019,
              51.75210849179717
            ],
            [
              -0.612965905289754,
              51.74741649729453
            ],
            [
              -0.6735078530713968,
              51.76846346006756
            ],
            [
              -0.6902224473340892,
              51.79232571825368
            ],
            [
              -0.6854267189429144,
              51.80017577750022
            ],
            [
              -0.7093257778399931,
              51.82052759808981
            ],
            [
              -0.7236807797325979,
              51.81776203018369
            ],
            [
              -0.7451694017574124,
              51.83805324119286
            ],
            [
              -0.7203011839598237,
              51.85613687214173
            ],
            [
              -0.6923377783095863,
              51.857034211988946
            ],
            [
              -0.6954848333615434,
              51.841100292312696
            ],
            [
              -0.6672150406763799,
              51.8157959014977
            ],
            [
              -0.6329679840080883,
              51.81993452380512
            ],
            [
              -0.5818560134906435,
              51.80689383734625
            ],
            [
              -0.5606949857192148,
              51.83006892680417
            ],
            [
              -0.5536628204701025,
              51.82670070920757
            ],
            [
              -0.5197619060401298,
              51.805085496715826
            ],
            [
              -0.5023178583806549,
              51.81544783272105
            ],
            [
              -0.511229831180816,
              51.82588345372368
            ],
            [
              -0.5018569904758637,
              51.83677922713064
            ],
            [
              -0.4712276177600934,
              51.84545769286482
            ],
            [
              -0.4783295181234258,
              51.853120775668806
            ],
            [
              -0.47044498032963394,
              51.85569803212582
            ],
            [
              -0.4475488503924194,
              51.84759328242236
            ],
            [
              -0.4215284106634521,
              51.85019624879915
            ],
            [
              -0.4048951703817019,
              51.8405934562677
            ],
            [
              -0.3733990084195189,
              51.829219045538075
            ],
            [
              -0.36333974362398846,
              51.84209062586789
            ],
            [
              -0.3395177620174902,
              51.8495975748503
            ],
            [
              -0.3548599397616824,
              51.87400106277195
            ],
            [
              -0.3499377582114629,
              51.878697763356136
            ],
            [
              -0.37751414655591825,
              51.898422491217666
            ],
            [
              -0.38564560832627015,
              51.91567248395052
            ],
            [
              -0.40564030633792314,
              51.9324447193062
            ],
            [
              -0.39133328555249236,
              51.977010299214996
            ],
            [
              -0.37966601494257,
              51.97794730002323
            ],
            [
              -0.3830242544990242,
              51.95180091475454
            ],
            [
              -0.3741337603503513,
              51.94775811079537
            ],
            [
              -0.3502599887911292,
              51.95756854890051
            ],
            [
              -0.349295039696924,
              51.97115937934652
            ],
            [
              -0.36719538095128146,
              51.98374545683959
            ],
            [
              -0.311585668840533,
              51.982098031309235
            ],
            [
              -0.2961306919987731,
              52.00217858657806
            ],
            [
              -0.28244598427982137,
              52.00154820699593
            ],
            [
              -0.2706608836443505,
              51.97960685262476
            ],
            [
              -0.24802391396119583,
              51.98506288419685
            ],
            [
              -0.2441142121122202,
              51.99901375254189
            ],
            [
              -0.20128992204708193,
              52.00981395840799
            ],
            [
              -0.2195281200541607,
              52.03672452327726
            ],
            [
              -0.19502030516359084,
              52.06240052333487
            ],
            [
              -0.1726591476950865,
              52.06019457634343
            ],
            [
              -0.15732218432506798,
              52.080528771635585
            ],
            [
              -0.14753836744993684,
              52.06938749791288
            ]
          ]
        ]
      },
      "properties": {
        "name": "Hertfordshire",
        "color": "hsl(87, 70%, 60%)"
      }
    },
    {
      "type": "Feature",
      "id": 28,
      "geometry": {
        "type": "MultiPolygon",
        "coordinates": [
          [
            [
              [
                1.2426361795627212,
                51.88656860562522
              ],
              [
                1.2315240461478192,
                51.88747720067433
              ],
              [
                1.2339161126424627,
                51.89366244171054
              ],
              [
                1.2426361795627212,
                51.88656860562522
              ]
            ]
          ],
          [
            [
              [
                1.2637039293442696,
                51.87302474807805
              ],
              [
                1.2550055076082676,
                51.87450716222996
              ],
              [
                1.262872291401331,
                51.88019834252105
              ],
              [
                1.2637039293442696,
                51.87302474807805
              ]
            ]
          ],
          [
            [
              [
                1.2067068543803676,
                51.87066298003125
              ],
              [
                1.2186459345637175,
                51.87812569449502
              ],
              [
                1.2246277495963747,
                51.88028227701802
              ],
              [
                1.221754576001029,
                51.87201438160634
              ],
              [
                1.2067068543803676,
                51.87066298003125
              ]
            ]
          ],
          [
            [
              [
                1.2445583614007376,
                51.86886873913909
              ],
              [
                1.2263916428048514,
                51.8752870305366
              ],
              [
                1.2296525670436103,
                51.88144850331855
              ],
              [
                1.2574101702993536,
                51.88344387708215
              ],
              [
                1.2445583614007376,
                51.86886873913909
              ]
            ]
          ],
          [
            [
              [
                0.902325055454936,
                51.773687236061754
              ],
              [
                0.9018032674238963,
                51.78611147654794
              ],
              [
                0.9245456465018175,
                51.79558457808055
              ],
              [
                0.9427354198900244,
                51.8067323758561
              ],
              [
                0.9658141748200192,
                51.80866138773487
              ],
              [
                0.9990850465306624,
                51.80191689471811
              ],
              [
                0.9999518165354229,
                51.793125715457315
              ],
              [
                0.9455199651406436,
                51.77468064630525
              ],
              [
                0.902325055454936,
                51.773687236061754
              ]
            ]
          ],
          [
            [
              [
                0.8561603598078191,
                51.76764178736421
              ],
              [
                0.833459523971531,
                51.769243799443224
              ],
              [
                0.8379791782512995,
                51.77335270571433
              ],
              [
                0.8561603598078191,
                51.76764178736421
              ]
            ]
          ],
          [
            [
              [
                0.7700976716499255,
                51.71904217810982
              ],
              [
                0.754595569586543,
                51.724847938982684
              ],
              [
                0.7697184468295631,
                51.7268125643524
              ],
              [
                0.7876739425386835,
                51.72230461010069
              ],
              [
                0.7700976716499255,
                51.71904217810982
              ]
            ]
          ],
          [
            [
              [
                0.7261332442361013,
                51.71704025891445
              ],
              [
                0.7081023710229649,
                51.71962489391574
              ],
              [
                0.7211439124553757,
                51.73063719825397
              ],
              [
                0.7261332442361013,
                51.71704025891445
              ]
            ]
          ],
          [
            [
              [
                0.8229088324272346,
                51.56487273168333
              ],
              [
                0.8080255394073911,
                51.585618995734265
              ],
              [
                0.8301072746498086,
                51.59595279987488
              ],
              [
                0.8374489835859485,
                51.585162712015546
              ],
              [
                0.8229088324272346,
                51.56487273168333
              ]
            ]
          ],
          [
            [
              [
                0.8663318232172135,
                51.558926714985496
              ],
              [
                0.8401096691106891,
                51.5616243439534
              ],
              [
                0.8257401083640409,
                51.56445378377694
              ],
              [
                0.8386188026607447,
                51.58146491755966
              ],
              [
                0.8400389747463639,
                51.58201513722743
              ],
              [
                0.8379608664377369,
                51.59360453338262
              ],
              [
                0.8667952813054552,
                51.5951787973878
              ],
              [
                0.8743326159968572,
                51.61414231645015
              ],
              [
                0.957482795422316,
                51.62052090426003
              ],
              [
                0.9298244239211166,
                51.592434153235224
              ],
              [
                0.8663318232172135,
                51.558926714985496
              ]
            ]
          ],
          [
            [
              [
                0.6266585423211813,
                51.5321181459521
              ],
              [
                0.6090044660400818,
                51.53481463754759
              ],
              [
                0.6242526410756764,
                51.536416967953315
              ],
              [
                0.6243174179331729,
                51.53628960869308
              ],
              [
                0.6457870601928611,
                51.53921568895774
              ],
              [
                0.6273917879395783,
                51.533082014095925
              ],
              [
                0.6270449525398204,
                51.532568159837744
              ],
              [
                0.6266585423211813,
                51.5321181459521
              ]
            ]
          ],
          [
            [
              [
                0.34082732686640776,
                51.45233264935021
              ],
              [
                0.31837066375382606,
                51.47415579221337
              ],
              [
                0.29775130949277423,
                51.47219661085102
              ],
              [
                0.28141541880723003,
                51.46139123164798
              ],
              [
                0.21053970981127934,
                51.49024096537994
              ],
              [
                0.2299280716796729,
                51.49936139761609
              ],
              [
                0.22659157137370795,
                51.50658322263226
              ],
              [
                0.24189103593158623,
                51.50795539216133
              ],
              [
                0.23714515604216313,
                51.51933223216086
              ],
              [
                0.24893506159766213,
                51.528666254408925
              ],
              [
                0.2537945658396286,
                51.51788029268898
              ],
              [
                0.26365301243258493,
                51.51786126177127
              ],
              [
                0.26531334264313255,
                51.53214606552699
              ],
              [
                0.3339851733139017,
                51.540493984740614
              ],
              [
                0.31300239202430413,
                51.56581141224841
              ],
              [
                0.2902569666222623,
                51.564288235534924
              ],
              [
                0.2698372595659032,
                51.5995687455594
              ],
              [
                0.2539810438189065,
                51.60159204276297
              ],
              [
                0.26452518851619866,
                51.60831356342377
              ],
              [
                0.2521674637293901,
                51.61776008882873
              ],
              [
                0.22404553406290834,
                51.63173166442896
              ],
              [
                0.20027802763245794,
                51.624931433626976
              ],
              [
                0.1381435366805047,
                51.62353486177197
              ],
              [
                0.07279080228232022,
                51.6046806058238
              ],
              [
                0.021788078723321398,
                51.62882511459217
              ],
              [
                0.022681443876585102,
                51.64111151461568
              ],
              [
                -0.012287699353798911,
                51.64622304684407
              ],
              [
                -0.011956655977970148,
                51.68087436240442
              ],
              [
                -0.019777051750103494,
                51.70320874526355
              ],
              [
                -0.013538224005964829,
                51.74221122577766
              ],
              [
                0.0011301090501962636,
                51.74504669377369
              ],
              [
                0.013998482910465385,
                51.76436722960436
              ],
              [
                0.02677067909052067,
                51.774174124813754
              ],
              [
                0.05763472296724182,
                51.77966270167557
              ],
              [
                0.14610116451928984,
                51.79623638034986
              ],
              [
                0.15828153564171146,
                51.81350374757034
              ],
              [
                0.17254664845094228,
                51.81628943744023
              ],
              [
                0.16621124807356058,
                51.82214355162839
              ],
              [
                0.1704304763544729,
                51.86160557384063
              ],
              [
                0.19556665805518889,
                51.86807217839805
              ],
              [
                0.17493865006804912,
                51.88279836486966
              ],
              [
                0.1838119730357754,
                51.89348780632421
              ],
              [
                0.12473175165350509,
                51.88457024682957
              ],
              [
                0.12481458160463227,
                51.92359538645327
              ],
              [
                0.10697351421416222,
                51.97179981600838
              ],
              [
                0.09641997667650282,
                51.98431650095084
              ],
              [
                0.06902761424710765,
                51.984027744557174
              ],
              [
                0.06809287889550414,
                52.00577810494345
              ],
              [
                0.09221797962643742,
                52.0216366734579
              ],
              [
                0.10570678996247235,
                52.06024216400472
              ],
              [
                0.11904102808082243,
                52.05994912943861
              ],
              [
                0.1280972792208276,
                52.04730482896779
              ],
              [
                0.15108492719657263,
                52.0528401054549
              ],
              [
                0.1663637819403448,
                52.048171938517356
              ],
              [
                0.1675393987729712,
                52.05498436746374
              ],
              [
                0.18989223377527864,
                52.06018209784955
              ],
              [
                0.18315843079729593,
                52.07316589493454
              ],
              [
                0.20342449852983838,
                52.09266137389204
              ],
              [
                0.2351687410277049,
                52.0889881930271
              ],
              [
                0.2515308786280322,
                52.07677093809073
              ],
              [
                0.2761982107325476,
                52.092617989512185
              ],
              [
                0.285982331031356,
                52.0903873366538
              ],
              [
                0.32464279610160973,
                52.07277027428287
              ],
              [
                0.34592101991467367,
                52.049705551062004
              ],
              [
                0.389655167359681,
                52.03645267915428
              ],
              [
                0.37957518236341703,
                52.04954304135807
              ],
              [
                0.4045990512985258,
                52.06548217788677
              ],
              [
                0.4382379786868369,
                52.072317505084634
              ],
              [
                0.4535790385247393,
                52.06813217673052
              ],
              [
                0.4666227888444144,
                52.078435090815375
              ],
              [
                0.5016472035425806,
                52.053838989186346
              ],
              [
                0.5110119104130499,
                52.05981770652539
              ],
              [
                0.5422313625199955,
                52.05774516245755
              ],
              [
                0.5514538714031095,
                52.0687956987306
              ],
              [
                0.5820948345064832,
                52.07583486566235
              ],
              [
                0.6568627402261504,
                52.08542241595213
              ],
              [
                0.6841648516157348,
                52.08695283218634
              ],
              [
                0.7120738800346783,
                52.072221548472015
              ],
              [
                0.7031445975407467,
                52.065250367259004
              ],
              [
                0.7162189195108394,
                52.04867213272989
              ],
              [
                0.699357109497347,
                52.0484213307035
              ],
              [
                0.6964733189242642,
                52.03928751033154
              ],
              [
                0.7143546762679323,
                52.02730258129821
              ],
              [
                0.7406008699623149,
                52.03118216740195
              ],
              [
                0.7384876586193837,
                52.01068198956851
              ],
              [
                0.7611080529587392,
                51.99746419625437
              ],
              [
                0.7596235553169564,
                51.985412117919125
              ],
              [
                0.7745963887057842,
                51.982577955590806
              ],
              [
                0.772228231465511,
                51.970411916353875
              ],
              [
                0.7814356238850524,
                51.966498411094676
              ],
              [
                0.8108309945705041,
                51.9606827095049
              ],
              [
                0.8246160550642072,
                51.968536573298366
              ],
              [
                0.8501991877853412,
                51.96075193877506
              ],
              [
                0.8896474586319443,
                51.97336992739815
              ],
              [
                0.9251288475536527,
                51.97618063325374
              ],
              [
                0.9428696277375996,
                51.97067490728239
              ],
              [
                0.9625464152923374,
                51.97714221100551
              ],
              [
                0.9709486115944858,
                51.96238764694414
              ],
              [
                0.9986707614493916,
                51.96395078128449
              ],
              [
                1.0246743786332644,
                51.95488498074571
              ],
              [
                1.047230959461399,
                51.95951929576227
              ],
              [
                1.053875936614186,
                51.95297936522016
              ],
              [
                1.0618237580510321,
                51.945937450072606
              ],
              [
                1.1194393388678485,
                51.940034600164225
              ],
              [
                1.1700882843848857,
                51.94798930216
              ],
              [
                1.180503294288581,
                51.94173607037933
              ],
              [
                1.2272995609324673,
                51.939436007624536
              ],
              [
                1.2461112627964164,
                51.948443214958196
              ],
              [
                1.2770758139358884,
                51.939147914476344
              ],
              [
                1.2916996054235257,
                51.94926290516083
              ],
              [
                1.2965884347109293,
                51.935553507585816
              ],
              [
                1.2850858539821548,
                51.93684675996491
              ],
              [
                1.2496870294404347,
                51.91618099930571
              ],
              [
                1.2528439426138398,
                51.9145826724503
              ],
              [
                1.2579650240910625,
                51.91199444550517
              ],
              [
                1.2519892355722557,
                51.902158214401915
              ],
              [
                1.2462325024876666,
                51.89572448474614
              ],
              [
                1.2509180145210879,
                51.90222381555422
              ],
              [
                1.2340972505345418,
                51.903263332411214
              ],
              [
                1.2259767757752837,
                51.90377423024874
              ],
              [
                1.212000952791606,
                51.896610703745885
              ],
              [
                1.228268112636395,
                51.89051677227769
              ],
              [
                1.2123972022295366,
                51.890348892838176
              ],
              [
                1.1989757928070512,
                51.884760694270696
              ],
              [
                1.2098081850777211,
                51.87850225655164
              ],
              [
                1.209069551459055,
                51.87833354377572
              ],
              [
                1.1781520944875226,
                51.87142949439759
              ],
              [
                1.211542136785895,
                51.86633965221624
              ],
              [
                1.2263676839845679,
                51.872112709693866
              ],
              [
                1.2323943479598434,
                51.855055847415116
              ],
              [
                1.235756958086788,
                51.86143022516698
              ],
              [
                1.2491837749740706,
                51.86229203521836
              ],
              [
                1.2499719818860378,
                51.85610012681485
              ],
              [
                1.2525566700488946,
                51.86373677646535
              ],
              [
                1.2665678673034764,
                51.86362703227182
              ],
              [
                1.2691066968148395,
                51.85176481141
              ],
              [
                1.2698932024939462,
                51.86360652069337
              ],
              [
                1.2684704099967143,
                51.863619112259144
              ],
              [
                1.2677481337472776,
                51.877094764814856
              ],
              [
                1.2860309112542778,
                51.87572162752769
              ],
              [
                1.2698692725089387,
                51.8772876215069
              ],
              [
                1.2639022506786148,
                51.88618696478166
              ],
              [
                1.290703742792077,
                51.87404386446098
              ],
              [
                1.287169504697154,
                51.85926600118635
              ],
              [
                1.225970328936858,
                51.813183934158864
              ],
              [
                1.1344701717705425,
                51.77586145109826
              ],
              [
                1.0546879171773078,
                51.76949100322994
              ],
              [
                1.043336377157641,
                51.76969573490906
              ],
              [
                1.0177501518796708,
                51.80118713570254
              ],
              [
                1.0437575364659144,
                51.80243196337093
              ],
              [
                1.0603710495847463,
                51.81167793564138
              ],
              [
                1.064170888421716,
                51.81720914979871
              ],
              [
                1.0677416483229831,
                51.82106434833944
              ],
              [
                1.0462089506092997,
                51.82285669794882
              ],
              [
                1.0631334923715021,
                51.817532999861065
              ],
              [
                1.0543926653892952,
                51.81081717705128
              ],
              [
                1.0128004338388283,
                51.80483978106247
              ],
              [
                0.9840397832969707,
                51.83503756414495
              ],
              [
                1.0209102852390026,
                51.83476115981438
              ],
              [
                0.9851557242265273,
                51.838957514116466
              ],
              [
                0.9775188252344482,
                51.847533459915766
              ],
              [
                0.9774575585755775,
                51.835609225863024
              ],
              [
                0.9664075298502646,
                51.82939512831349
              ],
              [
                0.9822044753152446,
                51.817375293848045
              ],
              [
                0.9657295043888775,
                51.8226129274621
              ],
              [
                0.9618912440227787,
                51.83312454048401
              ],
              [
                0.9555634434898376,
                51.8293805443821
              ],
              [
                0.9434072942333355,
                51.82215785180563
              ],
              [
                0.9911394945609452,
                51.80723695630387
              ],
              [
                0.9598657667721862,
                51.81021441279116
              ],
              [
                0.9161408559677494,
                51.81143358494837
              ],
              [
                0.9207152630693825,
                51.8049883849811
              ],
              [
                0.9369995103127396,
                51.80576066040234
              ],
              [
                0.9215256138176597,
                51.80383502796527
              ],
              [
                0.90411109765456,
                51.80419478163447
              ],
              [
                0.8923806939275871,
                51.77913987034364
              ],
              [
                0.8664223221659788,
                51.79278094374982
              ],
              [
                0.8722536884978246,
                51.783213169036934
              ],
              [
                0.8486549642987681,
                51.787250290594656
              ],
              [
                0.8416574519728904,
                51.7822843916588
              ],
              [
                0.8298532417437359,
                51.788981745441376
              ],
              [
                0.8432715247671123,
                51.780743404979
              ],
              [
                0.8767785886042003,
                51.77935208904698
              ],
              [
                0.8772123166736278,
                51.77933247352255
              ],
              [
                0.8773363190753395,
                51.779230505897154
              ],
              [
                0.8908137834266812,
                51.767333710611155
              ],
              [
                0.8544916311270312,
                51.771747482157544
              ],
              [
                0.8367953727702475,
                51.77389393462171
              ],
              [
                0.8317650893768835,
                51.769500504552546
              ],
              [
                0.8530523994496263,
                51.764560540525515
              ],
              [
                0.8504172733912215,
                51.75701587878412
              ],
              [
                0.8615397990434319,
                51.76308597842053
              ],
              [
                0.8826456257456021,
                51.75766833748004
              ],
              [
                0.8561606224528198,
                51.74377256652801
              ],
              [
                0.84742559134496,
                51.74747421542671
              ],
              [
                0.8529895211348264,
                51.741960968953975
              ],
              [
                0.841531401865252,
                51.73874921437277
              ],
              [
                0.792255144296488,
                51.74517437614027
              ],
              [
                0.7885997357810933,
                51.73663638873889
              ],
              [
                0.7767080352568899,
                51.74396909190648
              ],
              [
                0.7358745092164239,
                51.72945856290418
              ],
              [
                0.7136962471323702,
                51.73759058653897
              ],
              [
                0.70549945610007,
                51.723803890919854
              ],
              [
                0.6991959246238294,
                51.72616132911799
              ],
              [
                0.7111660057398357,
                51.713474620674326
              ],
              [
                0.7469627330573619,
                51.71145550564816
              ],
              [
                0.7459978797280366,
                51.704849839213196
              ],
              [
                0.7691542323545505,
                51.70834409696906
              ],
              [
                0.7377951796110495,
                51.68718922758689
              ],
              [
                0.7569065638344976,
                51.690717132227086
              ],
              [
                0.7669151877527767,
                51.70273093045781
              ],
              [
                0.7715408947097107,
                51.70405180790144
              ],
              [
                0.7975310985796114,
                51.7079322250262
              ],
              [
                0.7934365668524591,
                51.71806658296665
              ],
              [
                0.8196715045899439,
                51.721063969747874
              ],
              [
                0.8521835261839641,
                51.71329963442705
              ],
              [
                0.8838958812987405,
                51.735674941274766
              ],
              [
                0.8945596425228606,
                51.7431921865429
              ],
              [
                0.9303033274216689,
                51.746586821695516
              ],
              [
                0.9489782514254408,
                51.729444740475444
              ],
              [
                0.938480874105862,
                51.6917627248185
              ],
              [
                0.9470375759113725,
                51.68715018979391
              ],
              [
                0.9380737138313148,
                51.68838221521496
              ],
              [
                0.946913439799862,
                51.685462448823955
              ],
              [
                0.9321092446184567,
                51.68587815357051
              ],
              [
                0.9486507038596934,
                51.68325128377191
              ],
              [
                0.9315035220157178,
                51.679192828138305
              ],
              [
                0.9464329735246596,
                51.67739796329247
              ],
              [
                0.9327566024107518,
                51.6750782911936
              ],
              [
                0.9463302062901192,
                51.675592762505694
              ],
              [
                0.9338600483534844,
                51.673350864568214
              ],
              [
                0.9442685672744726,
                51.67391766268445
              ],
              [
                0.9326402872370856,
                51.666563960924805
              ],
              [
                0.9422063921344789,
                51.66397711493183
              ],
              [
                0.9344081190794985,
                51.63282846849177
              ],
              [
                0.9042815672616683,
                51.62253353691986
              ],
              [
                0.8594709907458455,
                51.621322829200494
              ],
              [
                0.7938396254347352,
                51.62569209302582
              ],
              [
                0.7636226535001398,
                51.63682235703442
              ],
              [
                0.7843457899428812,
                51.624271923055424
              ],
              [
                0.8077988201207211,
                51.62242691218219
              ],
              [
                0.8653987092154601,
                51.61542214002241
              ],
              [
                0.8638533865599923,
                51.60877743857393
              ],
              [
                0.8577683992321912,
                51.60756775951986
              ],
              [
                0.8539838418537413,
                51.59582398664442
              ],
              [
                0.8203839653879043,
                51.59890311674779
              ],
              [
                0.8119362402482674,
                51.603117148248
              ],
              [
                0.8190315518005166,
                51.59758655674306
              ],
              [
                0.7963495502075417,
                51.58638360595573
              ],
              [
                0.764308821887843,
                51.5832218339835
              ],
              [
                0.805858679987543,
                51.58606657789071
              ],
              [
                0.793382512261163,
                51.57638128550809
              ],
              [
                0.8080752754739894,
                51.578701579138965
              ],
              [
                0.8177177729237922,
                51.56190369667084
              ],
              [
                0.8507161099630911,
                51.556330401658485
              ],
              [
                0.8209343850899063,
                51.540906667553664
              ],
              [
                0.7820528535052446,
                51.521329804087124
              ],
              [
                0.6694816557587271,
                51.53846280161013
              ],
              [
                0.6479720846110962,
                51.53834795089318
              ],
              [
                0.6463685894861657,
                51.53954432155487
              ],
              [
                0.6264187525407657,
                51.53822113818739
              ],
              [
                0.6257638916455652,
                51.53811888838438
              ],
              [
                0.6082905203836376,
                51.534938443195195
              ],
              [
                0.5720667955306681,
                51.541341532415956
              ],
              [
                0.6220726488924585,
                51.526842651088785
              ],
              [
                0.6184081006687568,
                51.52026932514949
              ],
              [
                0.6368264602139351,
                51.52192505103379
              ],
              [
                0.5733357095473225,
                51.50784899707425
              ],
              [
                0.5536186303704276,
                51.509880976513585
              ],
              [
                0.5179750358773354,
                51.52996973172851
              ],
              [
                0.5062025263337194,
                51.53824401195036
              ],
              [
                0.5216566084188528,
                51.516229657846644
              ],
              [
                0.5412150365918378,
                51.512569728056015
              ],
              [
                0.44175567949226974,
                51.50082465319511
              ],
              [
                0.42333275525116904,
                51.51452593377427
              ],
              [
                0.43576665885386434,
                51.500112864639064
              ],
              [
                0.44552442380756646,
                51.49801213272305
              ],
              [
                0.4338660556826568,
                51.46146312737088
              ],
              [
                0.40526891529081743,
                51.45397754341226
              ],
              [
                0.34082732686640776,
                51.45233264935021
              ]
            ]
          ]
        ]
      },
      "properties": {
        "name": "Essex",
        "color": "hsl(254, 70%, 60%)"
      }
    },
    {
      "type": "Feature",
      "id": 29,
      "geometry": {
        "type": "Polygon",
        "coordinates": [
          [
            [
              -0.6274668570678067,
              52.18152808088178
            ],
            [
              -0.6306976312097705,
              52.15490710559616
            ],
            [
              -0.6408053825599596,
              52.15275826669065
            ],
            [
              -0.6354742747365042,
              52.139237038785296
            ],
            [
              -0.6072792593210423,
              52.13385441199591
            ],
            [
              -0.5918356594333911,
              52.11068057866598
            ],
            [
              -0.6690034370093779,
              52.04870180479452
            ],
            [
              -0.6430722097246143,
              52.037238927897306
            ],
            [
              -0.6402356706761474,
              52.02405201383078
            ],
            [
              -0.6510576578480296,
              52.01847596467077
            ],
            [
              -0.643506405679825,
              52.01084557102336
            ],
            [
              -0.6617162403666466,
              51.99972485330197
            ],
            [
              -0.6457067233486722,
              51.97221724244333
            ],
            [
              -0.6530029221494283,
              51.96921690158248
            ],
            [
              -0.7021945080227057,
              51.909104780724874
            ],
            [
              -0.6927292877308838,
              51.90013450879111
            ],
            [
              -0.6730020427693025,
              51.901738973613995
            ],
            [
              -0.6520101894741975,
              51.88678139793689
            ],
            [
              -0.6201267415647379,
              51.885476707013616
            ],
            [
              -0.5835951426848576,
              51.87031449185562
            ],
            [
              -0.5376645580405867,
              51.83139432094158
            ],
            [
              -0.543677204065966,
              51.82450939874196
            ],
            [
              -0.5536628204701025,
              51.82670070920757
            ],
            [
              -0.5606949857192148,
              51.83006892680417
            ],
            [
              -0.5818560134906435,
              51.80689383734625
            ],
            [
              -0.6329679840080883,
              51.81993452380512
            ],
            [
              -0.6672150406763799,
              51.8157959014977
            ],
            [
              -0.6954848333615434,
              51.841100292312696
            ],
            [
              -0.6923377783095863,
              51.857034211988946
            ],
            [
              -0.7203011839598237,
              51.85613687214173
            ],
            [
              -0.7451694017574124,
              51.83805324119286
            ],
            [
              -0.7236807797325979,
              51.81776203018369
            ],
            [
              -0.7093257778399931,
              51.82052759808981
            ],
            [
              -0.6854267189429144,
              51.80017577750022
            ],
            [
              -0.6902224473340892,
              51.79232571825368
            ],
            [
              -0.6735078530713968,
              51.76846346006756
            ],
            [
              -0.612965905289754,
              51.74741649729453
            ],
            [
              -0.5864119727343019,
              51.75210849179717
            ],
            [
              -0.5732421548270409,
              51.73604297369766
            ],
            [
              -0.5592697255888022,
              51.7373201719774
            ],
            [
              -0.5501406712068861,
              51.723900065956244
            ],
            [
              -0.5632339496645284,
              51.711868041444895
            ],
            [
              -0.5440465210746094,
              51.69681331236348
            ],
            [
              -0.5487242016657873,
              51.682664093973194
            ],
            [
              -0.5242962012687727,
              51.68210795681095
            ],
            [
              -0.5051383433187758,
              51.67307162666959
            ],
            [
              -0.5210225542891579,
              51.668039445248326
            ],
            [
              -0.5228114587241511,
              51.65838667745665
            ],
            [
              -0.5369724834676948,
              51.660407290668225
            ],
            [
              -0.5392820242919925,
              51.638037210534556
            ],
            [
              -0.5225356549895782,
              51.60505199132425
            ],
            [
              -0.500618502924188,
              51.59968460045743
            ],
            [
              -0.4766476514693813,
              51.55918142596654
            ],
            [
              -0.49551993931211097,
              51.53853630503801
            ],
            [
              -0.48319720274380834,
              51.50712096147037
            ],
            [
              -0.49004727178099405,
              51.49474621443847
            ],
            [
              -0.509723598599537,
              51.46917239016779
            ],
            [
              -0.5243907658670222,
              51.47152500930675
            ],
            [
              -0.5406364811004262,
              51.457844425905485
            ],
            [
              -0.5227961465082586,
              51.435293340448766
            ],
            [
              -0.5716960226793193,
              51.451006225523024
            ],
            [
              -0.5939594220746985,
              51.44165375249484
            ],
            [
              -0.618524981714616,
              51.39238098217038
            ],
            [
              -0.6163771025584684,
              51.38353427903398
            ],
            [
              -0.6676639226206145,
              51.38456927868151
            ],
            [
              -0.7353572793159164,
              51.36500617597714
            ],
            [
              -0.7754966236868419,
              51.33195480538138
            ],
            [
              -0.8373792802056075,
              51.35287158519794
            ],
            [
              -0.8778831941551197,
              51.352583144554764
            ],
            [
              -0.9237232018233715,
              51.36600671742736
            ],
            [
              -0.9867615769193444,
              51.35985179975563
            ],
            [
              -0.9861498189874093,
              51.36284083902838
            ],
            [
              -1.0500498565675394,
              51.35814302515359
            ],
            [
              -1.08664897569959,
              51.383908137264655
            ],
            [
              -1.1154897558975332,
              51.37421131654456
            ],
            [
              -1.1158119293293634,
              51.360465127950405
            ],
            [
              -1.1386238492121723,
              51.357191152863734
            ],
            [
              -1.1769240348098278,
              51.3573225942501
            ],
            [
              -1.2511637227646681,
              51.372036685333995
            ],
            [
              -1.349555852897135,
              51.36710316137123
            ],
            [
              -1.4110919401344113,
              51.37285060476229
            ],
            [
              -1.428460884512337,
              51.35668847137109
            ],
            [
              -1.4441359927533177,
              51.354929557089
            ],
            [
              -1.429716375875659,
              51.33652598613894
            ],
            [
              -1.4983251223287959,
              51.32937666785838
            ],
            [
              -1.485733999759717,
              51.34768331246073
            ],
            [
              -1.5006309343863358,
              51.356271943798454
            ],
            [
              -1.4954718306462362,
              51.369665537359154
            ],
            [
              -1.5556272924060557,
              51.39558039032184
            ],
            [
              -1.5530141450129047,
              51.410047049732015
            ],
            [
              -1.5710787091661527,
              51.4155724687842
            ],
            [
              -1.5651360601366322,
              51.422042545107345
            ],
            [
              -1.5266310988820186,
              51.42392551647142
            ],
            [
              -1.5240133926031503,
              51.447481984511285
            ],
            [
              -1.5823125542645688,
              51.49410957838741
            ],
            [
              -1.5847263942651535,
              51.52491404139213
            ],
            [
              -1.6028303789837821,
              51.51829604545751
            ],
            [
              -1.647713532338867,
              51.571947394080446
            ],
            [
              -1.6550667162227621,
              51.57650088855934
            ],
            [
              -1.6765603341520512,
              51.569440896695994
            ],
            [
              -1.6911383927398647,
              51.583524684558434
            ],
            [
              -1.6906432690917685,
              51.605444286209526
            ],
            [
              -1.6670277467593275,
              51.616259203642244
            ],
            [
              -1.673754284792586,
              51.62285073212106
            ],
            [
              -1.6599697077300595,
              51.63498585242277
            ],
            [
              -1.6919589987886228,
              51.652157519872546
            ],
            [
              -1.7002056148842677,
              51.67073677950685
            ],
            [
              -1.6830797055949864,
              51.6901038703555
            ],
            [
              -1.668481276883031,
              51.68043400377596
            ],
            [
              -1.6482766109367841,
              51.684079643480054
            ],
            [
              -1.6880212272487727,
              51.712037600443686
            ],
            [
              -1.6958901432200044,
              51.723530940373095
            ],
            [
              -1.687047632319528,
              51.73988059179225
            ],
            [
              -1.700719082649561,
              51.77057583657969
            ],
            [
              -1.7195097084831075,
              51.78320065348017
            ],
            [
              -1.6819489239553171,
              51.803982275549586
            ],
            [
              -1.686480177820541,
              51.83444696803098
            ],
            [
              -1.6764109514435517,
              51.85029775784619
            ],
            [
              -1.686889038780598,
              51.86549382733937
            ],
            [
              -1.6671260035140478,
              51.87699292907893
            ],
            [
              -1.6586689846549492,
              51.89654190794584
            ],
            [
              -1.6330696852911881,
              51.89921610973562
            ],
            [
              -1.6455470182201457,
              51.92227996283507
            ],
            [
              -1.615213870352431,
              51.93766698195383
            ],
            [
              -1.6325077373776902,
              51.955640925931995
            ],
            [
              -1.6625527281113466,
              51.963993379954104
            ],
            [
              -1.6657693637969306,
              51.98747744532712
            ],
            [
              -1.6123556824277159,
              51.95538751429607
            ],
            [
              -1.5916574301167719,
              51.97044010251412
            ],
            [
              -1.6003190958698639,
              51.97693418733154
            ],
            [
              -1.5635574326978903,
              51.97702848649543
            ],
            [
              -1.549688311067873,
              51.980851314046994
            ],
            [
              -1.5572405394271573,
              51.99164190519173
            ],
            [
              -1.5228446867212104,
              51.996830152510114
            ],
            [
              -1.4878285277050611,
              52.093944637425736
            ],
            [
              -1.4773200856701432,
              52.101333778589876
            ],
            [
              -1.4472040719686774,
              52.09760917478747
            ],
            [
              -1.4534830502240985,
              52.11299444330214
            ],
            [
              -1.4258744345397947,
              52.11823066962151
            ],
            [
              -1.3854145058030218,
              52.09412959524429
            ],
            [
              -1.3577964513358196,
              52.101291826364104
            ],
            [
              -1.3708681624665222,
              52.11751850746415
            ],
            [
              -1.3933252036290809,
              52.11894880363461
            ],
            [
              -1.366165468365006,
              52.13605898460683
            ],
            [
              -1.3487340430923516,
              52.13511890576483
            ],
            [
              -1.33191542219816,
              52.1684699133749
            ],
            [
              -1.2481083229145689,
              52.09714599836808
            ],
            [
              -1.3211937436600782,
              52.08700735084508
            ],
            [
              -1.318178681264802,
              52.07990526507179
            ],
            [
              -1.2975305885724921,
              52.078039834391625
            ],
            [
              -1.3129391080724275,
              52.05143710383206
            ],
            [
              -1.2781884261087395,
              52.01425916679765
            ],
            [
              -1.2834201755450425,
              51.979532408533466
            ],
            [
              -1.241636198952116,
              51.986283697216294
            ],
            [
              -1.196288566244613,
              51.97742363532943
            ],
            [
              -1.163844628218502,
              51.993399456616686
            ],
            [
              -1.1343497148700328,
              51.99728626768684
            ],
            [
              -1.1181169685473984,
              52.015417469939734
            ],
            [
              -1.1366957664472108,
              52.02222632775373
            ],
            [
              -1.1220087427179,
              52.04513449605467
            ],
            [
              -1.062091038575677,
              52.06271759961518
            ],
            [
              -1.027687653451912,
              52.0637245093441
            ],
            [
              -1.0423534264540837,
              52.07369860069249
            ],
            [
              -1.0263484309570818,
              52.07567135381809
            ],
            [
              -0.9678309138089466,
              52.070893785101894
            ],
            [
              -0.9518982674339181,
              52.08151534561759
            ],
            [
              -0.9060604885852983,
              52.02120973852588
            ],
            [
              -0.890138064903326,
              52.03154439591991
            ],
            [
              -0.8774957523988534,
              52.02995908899318
            ],
            [
              -0.8713480163286795,
              52.040240080193385
            ],
            [
              -0.8524764125458056,
              52.05069423482756
            ],
            [
              -0.8627022583917803,
              52.06091727523461
            ],
            [
              -0.839522064015503,
              52.063811199484824
            ],
            [
              -0.831447448294602,
              52.07193124859253
            ],
            [
              -0.8467300485932258,
              52.09149336780102
            ],
            [
              -0.8695625213926151,
              52.100022182481474
            ],
            [
              -0.8714713659235374,
              52.111737705255926
            ],
            [
              -0.887035543075227,
              52.11419631569836
            ],
            [
              -0.8807443314124499,
              52.126319474402685
            ],
            [
              -0.8282247236310253,
              52.132597467580624
            ],
            [
              -0.8319968529419941,
              52.143666771660904
            ],
            [
              -0.8140688509927355,
              52.14245390386298
            ],
            [
              -0.8076168398545945,
              52.156963167609206
            ],
            [
              -0.7921138349680426,
              52.15131196135231
            ],
            [
              -0.7780003485914263,
              52.16871692045308
            ],
            [
              -0.7497587258837274,
              52.16686554904901
            ],
            [
              -0.7054850187809315,
              52.19155376674915
            ],
            [
              -0.6681637366002271,
              52.1950224981968
            ],
            [
              -0.6274668570678067,
              52.18152808088178
            ]
          ]
        ]
      },
      "properties": {
        "name": "Thames Valley",
        "color": "hsl(137, 70%, 60%)"
      }
    },
    {
      "type": "Feature",
      "id": 30,
      "geometry": {
        "type": "MultiPolygon",
        "coordinates": [
          [
            [
              [
                -1.1014907834616992,
                50.813604285235115
              ],
              [
                -1.0965147475311288,
                50.82064315022329
              ],
              [
                -1.0926325799457262,
                50.815118458923806
              ],
              [
                -1.1014907834616992,
                50.813604285235115
              ]
            ]
          ],
          [
            [
              [
                -0.9389865585471088,
                50.776924718865054
              ],
              [
                -1.0239093390087026,
                50.78816090881532
              ],
              [
                -1.0251076084834476,
                50.7960306527848
              ],
              [
                -0.9945507132601581,
                50.79837921944995
              ],
              [
                -0.983295547813992,
                50.82073673545101
              ],
              [
                -0.9901027726583891,
                50.82699188396195
              ],
              [
                -0.9675957967884706,
                50.83482548436061
              ],
              [
                -0.9509865315353068,
                50.82379606365736
              ],
              [
                -0.9572395179644113,
                50.80758409875973
              ],
              [
                -0.9733588095563555,
                50.809040006681414
              ],
              [
                -0.9527713293670868,
                50.80112318948275
              ],
              [
                -0.9673965328891017,
                50.78719773413374
              ],
              [
                -0.9512561822684247,
                50.78702676495997
              ],
              [
                -0.9588910617594969,
                50.781159862783674
              ],
              [
                -0.9376160603752727,
                50.787334995559824
              ],
              [
                -0.9389865585471088,
                50.776924718865054
              ]
            ]
          ],
          [
            [
              [
                -1.0890176046753095,
                50.777644356710375
              ],
              [
                -1.1089431304689426,
                50.79045111866222
              ],
              [
                -1.1115395831236548,
                50.806909696041096
              ],
              [
                -1.0912026338357732,
                50.80907319173533
              ],
              [
                -1.0947406176328358,
                50.8118075152453
              ],
              [
                -1.0906467630779157,
                50.816505868182986
              ],
              [
                -1.0940412468252119,
                50.8230160403308
              ],
              [
                -1.1002456701088097,
                50.82669710971648
              ],
              [
                -1.0844936649014048,
                50.824829997687786
              ],
              [
                -1.0758339829948425,
                50.8370098384857
              ],
              [
                -1.0442589227277435,
                50.83170159156058
              ],
              [
                -1.0442757928814568,
                50.79052378908156
              ],
              [
                -1.0314500217215268,
                50.796721970486
              ],
              [
                -1.0288779754225053,
                50.7893714439288
              ],
              [
                -1.0890176046753095,
                50.777644356710375
              ]
            ]
          ],
          [
            [
              [
                -1.5511693057803497,
                50.706103250419226
              ],
              [
                -1.556611993552545,
                50.70711327492537
              ],
              [
                -1.6404573478545463,
                50.7321228892684
              ],
              [
                -1.6925519614488083,
                50.737406660152594
              ],
              [
                -1.681840076182539,
                50.75185611650193
              ],
              [
                -1.7441787187955233,
                50.747468193617955
              ],
              [
                -1.7389740434382415,
                50.76328370086111
              ],
              [
                -1.7488549928584953,
                50.779501076920816
              ],
              [
                -1.7855161946431064,
                50.764763407077965
              ],
              [
                -1.8039181301687104,
                50.79597308480314
              ],
              [
                -1.8119122912560017,
                50.808647756507504
              ],
              [
                -1.8034193632484223,
                50.83035071486081
              ],
              [
                -1.790627738532743,
                50.83631748299311
              ],
              [
                -1.8024858529723484,
                50.842965617656255
              ],
              [
                -1.8071173864281338,
                50.863323331589505
              ],
              [
                -1.8300231912161276,
                50.85528368981009
              ],
              [
                -1.8535522221748892,
                50.8634627389596
              ],
              [
                -1.8485645905033887,
                50.88989413446668
              ],
              [
                -1.8165634695801083,
                50.90395734328381
              ],
              [
                -1.8106669216719367,
                50.927211214853756
              ],
              [
                -1.8418549633242678,
                50.93168183401325
              ],
              [
                -1.8736551416370977,
                50.91723385899543
              ],
              [
                -1.9208517122182245,
                50.96140972619334
              ],
              [
                -1.955479094283029,
                50.97827058314476
              ],
              [
                -1.9568358732415116,
                50.98983514038808
              ],
              [
                -1.949948050800095,
                50.982314868410306
              ],
              [
                -1.927886736147848,
                50.997698085828354
              ],
              [
                -1.886756571204963,
                50.999535873116635
              ],
              [
                -1.874496959215864,
                51.00633947084733
              ],
              [
                -1.8740002877814652,
                50.98444281185735
              ],
              [
                -1.853393876446818,
                51.00468731752034
              ],
              [
                -1.835832683941833,
                51.00942985844554
              ],
              [
                -1.8154432643838334,
                50.985929673684225
              ],
              [
                -1.8003328103727816,
                50.991399109855514
              ],
              [
                -1.7544109345974594,
                50.9778951550758
              ],
              [
                -1.719633693394637,
                50.97678277525987
              ],
              [
                -1.661676819103392,
                50.94528207791251
              ],
              [
                -1.634978240473646,
                50.959247750084636
              ],
              [
                -1.619762959136489,
                50.9585697555968
              ],
              [
                -1.6029485238223429,
                50.97853074491101
              ],
              [
                -1.6196632810900022,
                50.98300157203462
              ],
              [
                -1.6289091426641902,
                50.99903757684738
              ],
              [
                -1.5973511966386897,
                51.0097598035044
              ],
              [
                -1.599411745997163,
                51.02373185863008
              ],
              [
                -1.6323904780347904,
                51.032787503440034
              ],
              [
                -1.6349534220123847,
                51.0405648117015
              ],
              [
                -1.6277500471399187,
                51.07801252812745
              ],
              [
                -1.6373320224300631,
                51.09216929567382
              ],
              [
                -1.6262628245770587,
                51.117339341561994
              ],
              [
                -1.662994194505041,
                51.12719835350913
              ],
              [
                -1.6540601490988314,
                51.156288537989006
              ],
              [
                -1.6723911507547133,
                51.17854256958237
              ],
              [
                -1.668855916237062,
                51.19077070799014
              ],
              [
                -1.6941103404807827,
                51.20404862470637
              ],
              [
                -1.689715243571346,
                51.21482738522425
              ],
              [
                -1.6335568102042561,
                51.21751550017527
              ],
              [
                -1.607441978872886,
                51.252769073450914
              ],
              [
                -1.577654752510578,
                51.25563274264396
              ],
              [
                -1.5451727831595827,
                51.24509844027496
              ],
              [
                -1.5360552530845029,
                51.24853354546212
              ],
              [
                -1.529843949825871,
                51.260512964759954
              ],
              [
                -1.5405318803190935,
                51.260834140928765
              ],
              [
                -1.5426080033525231,
                51.281253834691825
              ],
              [
                -1.5228335445842485,
                51.28705561236642
              ],
              [
                -1.519528782134156,
                51.29594403654968
              ],
              [
                -1.5335796300817395,
                51.31622345440343
              ],
              [
                -1.5275257346710205,
                51.338462882349944
              ],
              [
                -1.4983251223287959,
                51.32937666785838
              ],
              [
                -1.429716375875659,
                51.33652598613894
              ],
              [
                -1.4441359927533177,
                51.354929557089
              ],
              [
                -1.428460884512337,
                51.35668847137109
              ],
              [
                -1.4110919401344113,
                51.37285060476229
              ],
              [
                -1.349555852897135,
                51.36710316137123
              ],
              [
                -1.2511637227646681,
                51.372036685333995
              ],
              [
                -1.1769240348098278,
                51.3573225942501
              ],
              [
                -1.1386238492121723,
                51.357191152863734
              ],
              [
                -1.1158119293293634,
                51.360465127950405
              ],
              [
                -1.1154897558975332,
                51.37421131654456
              ],
              [
                -1.08664897569959,
                51.383908137264655
              ],
              [
                -1.0500498565675394,
                51.35814302515359
              ],
              [
                -0.9861498189874093,
                51.36284083902838
              ],
              [
                -0.9867615769193444,
                51.35985179975563
              ],
              [
                -0.9237232018233715,
                51.36600671742736
              ],
              [
                -0.8778831941551197,
                51.352583144554764
              ],
              [
                -0.8373792802056075,
                51.35287158519794
              ],
              [
                -0.7754966236868419,
                51.33195480538138
              ],
              [
                -0.762933700266334,
                51.31873016746752
              ],
              [
                -0.7441918138270486,
                51.30929569372646
              ],
              [
                -0.7311159344779882,
                51.28036153161913
              ],
              [
                -0.7293474414428143,
                51.25610810543565
              ],
              [
                -0.7455653164620591,
                51.23045706981918
              ],
              [
                -0.7761110170327692,
                51.24195792583633
              ],
              [
                -0.8017588974292007,
                51.23904002810058
              ],
              [
                -0.8047687782660904,
                51.2450596631024
              ],
              [
                -0.8489364239270152,
                51.210711225553275
              ],
              [
                -0.82547389653116,
                51.18136089997356
              ],
              [
                -0.8342231714300222,
                51.147583115068116
              ],
              [
                -0.7984242644404593,
                51.15252635611098
              ],
              [
                -0.7693099126413274,
                51.11714403218882
              ],
              [
                -0.7455554142771881,
                51.112188525437325
              ],
              [
                -0.7492968557190263,
                51.10324507642375
              ],
              [
                -0.7593660479814467,
                51.10326242779059
              ],
              [
                -0.7535047731381267,
                51.08645598378971
              ],
              [
                -0.7808190138055265,
                51.07937914027815
              ],
              [
                -0.7977889135487872,
                51.06355716185625
              ],
              [
                -0.8428732601503715,
                51.06688977292179
              ],
              [
                -0.852837395158935,
                51.04484838470377
              ],
              [
                -0.8970165320141522,
                51.02200999468878
              ],
              [
                -0.8933686162676776,
                51.00274940057891
              ],
              [
                -0.9078916788630488,
                50.99424418848634
              ],
              [
                -0.9318786780720502,
                50.945582153537586
              ],
              [
                -0.9421316083111406,
                50.94289675015553
              ],
              [
                -0.9240304652146974,
                50.92420649470134
              ],
              [
                -0.9402620636728988,
                50.9180600617795
              ],
              [
                -0.957604580547205,
                50.89063559893394
              ],
              [
                -0.9386239668024481,
                50.873729099772625
              ],
              [
                -0.9264659602692954,
                50.86409458241704
              ],
              [
                -0.9325048328037358,
                50.84605650408704
              ],
              [
                -0.9745348967135812,
                50.842188804242284
              ],
              [
                -0.9812686182386428,
                50.83494564880491
              ],
              [
                -0.9987920034098989,
                50.84160807195639
              ],
              [
                -1.000798734780726,
                50.85139139793517
              ],
              [
                -1.0026508859054895,
                50.8431429049296
              ],
              [
                -1.0206619245130402,
                50.83901489199504
              ],
              [
                -1.0221349431338318,
                50.83580783898322
              ],
              [
                -1.0220456975399335,
                50.83532148232609
              ],
              [
                -1.0235055023170097,
                50.83341824987646
              ],
              [
                -1.0236671181400276,
                50.83315881219235
              ],
              [
                -1.0249996315044922,
                50.82645235982759
              ],
              [
                -1.0363296139917213,
                50.83543132006582
              ],
              [
                -1.078029019106613,
                50.837323960767066
              ],
              [
                -1.0886681412960904,
                50.82845976840479
              ],
              [
                -1.1063215943586933,
                50.83790376183747
              ],
              [
                -1.1027278981419406,
                50.846086524883766
              ],
              [
                -1.116936177155841,
                50.8428586072457
              ],
              [
                -1.1189351754712031,
                50.83550869449053
              ],
              [
                -1.1543530901595132,
                50.844898292198025
              ],
              [
                -1.1712005981025306,
                50.83998325488784
              ],
              [
                -1.1719146289514253,
                50.85661575415125
              ],
              [
                -1.1781350468349505,
                50.83815282674637
              ],
              [
                -1.1790951181108507,
                50.83766498692176
              ],
              [
                -1.1795272597739306,
                50.83731731158657
              ],
              [
                -1.1569432915226332,
                50.83830741310326
              ],
              [
                -1.1572120373055101,
                50.82338148132399
              ],
              [
                -1.1457928315173982,
                50.82596928208145
              ],
              [
                -1.1238298100653674,
                50.806166311829365
              ],
              [
                -1.1371280046595642,
                50.802299617291126
              ],
              [
                -1.1237128993912693,
                50.804070123220264
              ],
              [
                -1.1178482144765793,
                50.79220044487455
              ],
              [
                -1.1407089408095892,
                50.78345923600921
              ],
              [
                -1.1119682877785921,
                50.78952994409903
              ],
              [
                -1.141900873709162,
                50.77336012368923
              ],
              [
                -1.1898781320447605,
                50.78982720280842
              ],
              [
                -1.2141807199402723,
                50.809282809126294
              ],
              [
                -1.3073378530160562,
                50.84130228561784
              ],
              [
                -1.3029141915902478,
                50.87702149087633
              ],
              [
                -1.300671886835525,
                50.87964290035087
              ],
              [
                -1.302639851254921,
                50.87921403718198
              ],
              [
                -1.316955967441219,
                50.87612430442624
              ],
              [
                -1.3103921302322017,
                50.848964089317704
              ],
              [
                -1.36514223754355,
                50.88003827213242
              ],
              [
                -1.3843361292592329,
                50.891561569089816
              ],
              [
                -1.3848974499792774,
                50.904001155798575
              ],
              [
                -1.3717182666387033,
                50.912141129345514
              ],
              [
                -1.376289232659894,
                50.91069985867604
              ],
              [
                -1.3879738220354734,
                50.90691290199822
              ],
              [
                -1.3932760702425198,
                50.88303850236514
              ],
              [
                -1.3990411977917212,
                50.89457873248388
              ],
              [
                -1.4426222435947544,
                50.91120617357308
              ],
              [
                -1.4470766493661238,
                50.90379957353699
              ],
              [
                -1.4667772320525019,
                50.91094128571105
              ],
              [
                -1.4770895933222037,
                50.92870302025006
              ],
              [
                -1.4773331880439686,
                50.9285512394368
              ],
              [
                -1.4796705956038998,
                50.93458659686875
              ],
              [
                -1.4781836705952287,
                50.92884279997819
              ],
              [
                -1.4817246994362256,
                50.93030634709932
              ],
              [
                -1.4850981157057532,
                50.932794182735016
              ],
              [
                -1.4857940802236416,
                50.93291415026478
              ],
              [
                -1.4857312573521753,
                50.93215851077624
              ],
              [
                -1.4819887516587111,
                50.92831120100128
              ],
              [
                -1.4740654046028563,
                50.91170272611057
              ],
              [
                -1.4790039662829375,
                50.916544814584114
              ],
              [
                -1.4888013996512086,
                50.910401311532944
              ],
              [
                -1.4907758361234607,
                50.91585935900322
              ],
              [
                -1.4890018969182053,
                50.91027629477604
              ],
              [
                -1.4877797842695937,
                50.90758219770358
              ],
              [
                -1.4782729597198574,
                50.911946411347486
              ],
              [
                -1.4591298325960556,
                50.900690676209734
              ],
              [
                -1.4266555347765864,
                50.89676788512551
              ],
              [
                -1.3782585590523573,
                50.85465095423172
              ],
              [
                -1.3574880513780894,
                50.84951161718959
              ],
              [
                -1.3605758970263016,
                50.84288305177537
              ],
              [
                -1.340282357396409,
                50.84269816609133
              ],
              [
                -1.3394294087145326,
                50.82665051967098
              ],
              [
                -1.3241160886450687,
                50.82620312850645
              ],
              [
                -1.3259877381070437,
                50.81651089666251
              ],
              [
                -1.3114971222168457,
                50.81344073601002
              ],
              [
                -1.3078464683238458,
                50.82035247316601
              ],
              [
                -1.3086097213603889,
                50.81480853230912
              ],
              [
                -1.3425166759730003,
                50.78574237820754
              ],
              [
                -1.398343503464818,
                50.78416417412521
              ],
              [
                -1.4081964867341392,
                50.78574332449278
              ],
              [
                -1.4130133424569906,
                50.783978118908465
              ],
              [
                -1.3926573691013184,
                50.77742617397415
              ],
              [
                -1.4001606879144202,
                50.77406576206554
              ],
              [
                -1.393407055856518,
                50.77538873533154
              ],
              [
                -1.4105010678218242,
                50.769424291656165
              ],
              [
                -1.5024568360701116,
                50.753962681791116
              ],
              [
                -1.5196080889403674,
                50.75413349887219
              ],
              [
                -1.535303849776121,
                50.76387319657646
              ],
              [
                -1.525942072799711,
                50.74457320923358
              ],
              [
                -1.5418911246585092,
                50.73978088746391
              ],
              [
                -1.5310068743696292,
                50.736976869123524
              ],
              [
                -1.5585086853618804,
                50.72079841838019
              ],
              [
                -1.5804884529984469,
                50.71828066131492
              ],
              [
                -1.5599255316173808,
                50.7086635861832
              ],
              [
                -1.5564935306092937,
                50.70766138177931
              ],
              [
                -1.5551697955300523,
                50.71435592960329
              ],
              [
                -1.5511693057803497,
                50.706103250419226
              ]
            ]
          ],
          [
            [
              [
                -1.301879246195126,
                50.575468967162756
              ],
              [
                -1.38898479693868,
                50.62692149382582
              ],
              [
                -1.4480950964658903,
                50.643835279513766
              ],
              [
                -1.4844318640765215,
                50.666771559257064
              ],
              [
                -1.5865542662052605,
                50.66313172679084
              ],
              [
                -1.5482358856833696,
                50.678286280468576
              ],
              [
                -1.5220282208489664,
                50.70715649828722
              ],
              [
                -1.5015819934154857,
                50.706819097638004
              ],
              [
                -1.509692972789098,
                50.70581931846841
              ],
              [
                -1.4998492860592303,
                50.69796279691292
              ],
              [
                -1.496603268319736,
                50.7009434204075
              ],
              [
                -1.503945077651635,
                50.70566011596674
              ],
              [
                -1.4694745014959165,
                50.70956411170023
              ],
              [
                -1.4259981992923059,
                50.726714229747785
              ],
              [
                -1.4117744788081903,
                50.72438616974454
              ],
              [
                -1.4220285424904198,
                50.72462629002421
              ],
              [
                -1.413007981544557,
                50.718637017719296
              ],
              [
                -1.4142535321867487,
                50.71530696388465
              ],
              [
                -1.4130689748945495,
                50.703538450905505
              ],
              [
                -1.411926673296953,
                50.71448590277449
              ],
              [
                -1.3977574525316636,
                50.71045675954741
              ],
              [
                -1.4081293871655975,
                50.71908897439844
              ],
              [
                -1.384839262943738,
                50.7224846096879
              ],
              [
                -1.4040810129156314,
                50.726676233103454
              ],
              [
                -1.3533166879804628,
                50.73909456205999
              ],
              [
                -1.3120037360999561,
                50.767329203958866
              ],
              [
                -1.2949250787058675,
                50.762047405248495
              ],
              [
                -1.282979305965614,
                50.730041257233786
              ],
              [
                -1.2919365902012074,
                50.76465518234032
              ],
              [
                -1.2762856277358376,
                50.76629472568185
              ],
              [
                -1.247802545724927,
                50.75186998761647
              ],
              [
                -1.2425457467166388,
                50.738544626320305
              ],
              [
                -1.2349292335860198,
                50.74328806896042
              ],
              [
                -1.2139700514448872,
                50.73804976881312
              ],
              [
                -1.2157907233358807,
                50.73594871555463
              ],
              [
                -1.216671835575814,
                50.734947442300665
              ],
              [
                -1.1545923005919776,
                50.73329988466306
              ],
              [
                -1.1087219102390888,
                50.72071001916143
              ],
              [
                -1.0961099070135751,
                50.69439859863725
              ],
              [
                -1.1029144052384765,
                50.69989187682117
              ],
              [
                -1.1083028548797054,
                50.69351226954996
              ],
              [
                -1.0824458764913385,
                50.69446271987259
              ],
              [
                -1.070251293068828,
                50.687513475270016
              ],
              [
                -1.0985708198531496,
                50.66497472987942
              ],
              [
                -1.13174326066158,
                50.66233982243867
              ],
              [
                -1.1603840207528644,
                50.64941994017628
              ],
              [
                -1.1854164831904954,
                50.59724935569118
              ],
              [
                -1.301879246195126,
                50.575468967162756
              ]
            ]
          ]
        ]
      },
      "properties": {
        "name": "Hampshire",
        "color": "hsl(314, 70%, 60%)"
      }
    },
    {
      "type": "Feature",
      "id": 31,
      "geometry": {
        "type": "Polygon",
        "coordinates": [
          [
            [
              -0.4564927637920335,
              51.438107863408106
            ],
            [
              -0.3913665198755013,
              51.422322861234704
            ],
            [
              -0.3833813646733078,
              51.408535570443945
            ],
            [
              -0.3591624509131429,
              51.4118948457676
            ],
            [
              -0.3278418325081079,
              51.39183057042759
            ],
            [
              -0.3177274931727835,
              51.393664135186285
            ],
            [
              -0.3073958917287686,
              51.378380960338625
            ],
            [
              -0.330542640075592,
              51.348417311731744
            ],
            [
              -0.33068793424891607,
              51.329004474176486
            ],
            [
              -0.30622029524150696,
              51.33508284631894
            ],
            [
              -0.28546455587866937,
              51.36424950170216
            ],
            [
              -0.26118121401409256,
              51.379592590639014
            ],
            [
              -0.2450560746315461,
              51.38002659317704
            ],
            [
              -0.2454309357253886,
              51.36684008488052
            ],
            [
              -0.22276585309863084,
              51.357083130913175
            ],
            [
              -0.2172939155831848,
              51.34338510870711
            ],
            [
              -0.2298494295614504,
              51.33651631721944
            ],
            [
              -0.22097636520730257,
              51.3298621813568
            ],
            [
              -0.19735612568139851,
              51.34359251342574
            ],
            [
              -0.156573214268155,
              51.32151000733182
            ],
            [
              -0.15534696262557432,
              51.301274950743306
            ],
            [
              -0.13734929637522844,
              51.30077416952256
            ],
            [
              -0.12432139177326186,
              51.28675318848514
            ],
            [
              -0.0912000025995581,
              51.30146969602541
            ],
            [
              -0.07895938813913989,
              51.31976778777262
            ],
            [
              -0.051334444576042984,
              51.32244081863428
            ],
            [
              -0.037924313417178605,
              51.338700818750034
            ],
            [
              0.0022616642470448408,
              51.329135608254084
            ],
            [
              0.014979170899736828,
              51.29178549396884
            ],
            [
              0.03287129414986397,
              51.30751966210212
            ],
            [
              0.04235585993629436,
              51.29266899499019
            ],
            [
              0.058206071011464224,
              51.2477767396296
            ],
            [
              0.03356105182455817,
              51.21433961891529
            ],
            [
              0.052566479545227085,
              51.180625079010184
            ],
            [
              0.049980631423046304,
              51.14264713852525
            ],
            [
              0.02732667478475662,
              51.13984954086088
            ],
            [
              -0.13760785946287984,
              51.14216127617482
            ],
            [
              -0.13300155382671391,
              51.15888677450981
            ],
            [
              -0.14049158052912739,
              51.16004929777236
            ],
            [
              -0.17673533327274799,
              51.1668520827621
            ],
            [
              -0.2121769304910067,
              51.15545662951585
            ],
            [
              -0.21427723748750638,
              51.14846524228894
            ],
            [
              -0.255203719629728,
              51.14413694748293
            ],
            [
              -0.2546522453641578,
              51.139047728543495
            ],
            [
              -0.30037810753251165,
              51.12473916614858
            ],
            [
              -0.3915505466022119,
              51.11651452464856
            ],
            [
              -0.41924044915619313,
              51.105201550647806
            ],
            [
              -0.4921528246247268,
              51.09448309533617
            ],
            [
              -0.5054061213145734,
              51.08825945139426
            ],
            [
              -0.5350094781833612,
              51.093580184461935
            ],
            [
              -0.5392435659355037,
              51.082023573436906
            ],
            [
              -0.5776207296992122,
              51.086651468600095
            ],
            [
              -0.601175222885333,
              51.079705587736946
            ],
            [
              -0.6293958214726857,
              51.08899655841191
            ],
            [
              -0.6967843388530741,
              51.07149424116111
            ],
            [
              -0.7535047731381267,
              51.08645598378971
            ],
            [
              -0.7593660479814467,
              51.10326242779059
            ],
            [
              -0.7492968557190263,
              51.10324507642375
            ],
            [
              -0.7455554142771881,
              51.112188525437325
            ],
            [
              -0.7693099126413274,
              51.11714403218882
            ],
            [
              -0.7984242644404593,
              51.15252635611098
            ],
            [
              -0.8342231714300222,
              51.147583115068116
            ],
            [
              -0.82547389653116,
              51.18136089997356
            ],
            [
              -0.8489364239270152,
              51.210711225553275
            ],
            [
              -0.8047687782660904,
              51.2450596631024
            ],
            [
              -0.8017588974292007,
              51.23904002810058
            ],
            [
              -0.7761110170327692,
              51.24195792583633
            ],
            [
              -0.7455653164620591,
              51.23045706981918
            ],
            [
              -0.7293474414428143,
              51.25610810543565
            ],
            [
              -0.7311159344779882,
              51.28036153161913
            ],
            [
              -0.7441918138270486,
              51.30929569372646
            ],
            [
              -0.762933700266334,
              51.31873016746752
            ],
            [
              -0.7754966236868419,
              51.33195480538138
            ],
            [
              -0.7353572793159164,
              51.36500617597714
            ],
            [
              -0.6676639226206145,
              51.38456927868151
            ],
            [
              -0.6163771025584684,
              51.38353427903398
            ],
            [
              -0.618524981714616,
              51.39238098217038
            ],
            [
              -0.5939594220746985,
              51.44165375249484
            ],
            [
              -0.5716960226793193,
              51.451006225523024
            ],
            [
              -0.5227961465082586,
              51.435293340448766
            ],
            [
              -0.5406364811004262,
              51.457844425905485
            ],
            [
              -0.5243907658670222,
              51.47152500930675
            ],
            [
              -0.509723598599537,
              51.46917239016779
            ],
            [
              -0.4586712701737471,
              51.456309902917894
            ],
            [
              -0.4564927637920335,
              51.438107863408106
            ]
          ]
        ]
      },
      "properties": {
        "name": "Surrey",
        "color": "hsl(309, 70%, 60%)"
      }
    },
    {
      "type": "Feature",
      "id": 32,
      "geometry": {
        "type": "MultiPolygon",
        "coordinates": [
          [
            [
              [
                0.6877474309112334,
                51.414426944639494
              ],
              [
                0.6600156776138626,
                51.417614198286316
              ],
              [
                0.6787572571610011,
                51.42350973187927
              ],
              [
                0.6877474309112334,
                51.414426944639494
              ]
            ]
          ],
          [
            [
              [
                0.5614766214374912,
                51.40222781867137
              ],
              [
                0.5643991658501819,
                51.40794675746164
              ],
              [
                0.5825347615198655,
                51.40313245062518
              ],
              [
                0.5614766214374912,
                51.40222781867137
              ]
            ]
          ],
          [
            [
              [
                0.694474567583045,
                51.39675245249028
              ],
              [
                0.6726020545718359,
                51.39839582319248
              ],
              [
                0.6658858936082083,
                51.40627453191737
              ],
              [
                0.6829252179542942,
                51.412639805830906
              ],
              [
                0.694474567583045,
                51.39675245249028
              ]
            ]
          ],
          [
            [
              [
                0.615293488832075,
                51.395381522280275
              ],
              [
                0.5969740267825139,
                51.39607694943421
              ],
              [
                0.6080818852728109,
                51.40154111539008
              ],
              [
                0.615293488832075,
                51.395381522280275
              ]
            ]
          ],
          [
            [
              [
                0.8967677670829762,
                51.35446253811604
              ],
              [
                0.8576539883142327,
                51.370390094390814
              ],
              [
                0.8566523223976283,
                51.364919126175984
              ],
              [
                0.8404878635432952,
                51.37163526502017
              ],
              [
                0.8512586503378938,
                51.3648257519935
              ],
              [
                0.8394037689738153,
                51.363638825200944
              ],
              [
                0.8062556828668841,
                51.372280841260846
              ],
              [
                0.7661534679168941,
                51.36996128478898
              ],
              [
                0.7642383895214634,
                51.38825524935264
              ],
              [
                0.7326400353107044,
                51.400266181102964
              ],
              [
                0.7216183938667949,
                51.41441831997238
              ],
              [
                0.7324096469266607,
                51.40894164991353
              ],
              [
                0.7468431733069734,
                51.41533147518554
              ],
              [
                0.7354017071032628,
                51.424368238511114
              ],
              [
                0.7493347093518112,
                51.44605004420872
              ],
              [
                0.7899374642777898,
                51.43991869639731
              ],
              [
                0.8238823732910482,
                51.42563238420418
              ],
              [
                0.901328505073305,
                51.416814203945265
              ],
              [
                0.950132808640215,
                51.372125789695126
              ],
              [
                0.8967677670829762,
                51.35446253811604
              ]
            ]
          ],
          [
            [
              [
                0.9780217982092984,
                50.912200565780324
              ],
              [
                0.8550430266786915,
                50.92390974243495
              ],
              [
                0.8678426427251629,
                50.933256107580675
              ],
              [
                0.8559222971844551,
                50.95312075944102
              ],
              [
                0.8413577813154733,
                50.957604772788535
              ],
              [
                0.8129005412198763,
                50.941995984060895
              ],
              [
                0.784284498447353,
                50.97723005038108
              ],
              [
                0.7770957217840985,
                50.97542251515106
              ],
              [
                0.7789190640802464,
                50.98949141684726
              ],
              [
                0.7405728953021031,
                51.0006694674558
              ],
              [
                0.706734823723167,
                50.993597793197196
              ],
              [
                0.6769220676672311,
                51.00329741458652
              ],
              [
                0.6613154959671173,
                51.01778411569837
              ],
              [
                0.605354924674121,
                51.01206656902505
              ],
              [
                0.5683425548621287,
                51.003811433267565
              ],
              [
                0.5418652555319191,
                51.01100143185157
              ],
              [
                0.5375577254006172,
                51.021672110153126
              ],
              [
                0.47228447263507395,
                51.030438140935814
              ],
              [
                0.46323542191539113,
                51.05478696176054
              ],
              [
                0.4182358447334114,
                51.062625387054936
              ],
              [
                0.396442818644784,
                51.08309457895702
              ],
              [
                0.37387164446887466,
                51.088465877052954
              ],
              [
                0.3507855005181472,
                51.08406698948335
              ],
              [
                0.358921060122462,
                51.104480612953225
              ],
              [
                0.33466177840536115,
                51.105561321108475
              ],
              [
                0.32514698260870506,
                51.1229108335885
              ],
              [
                0.2739033178529754,
                51.12007867276047
              ],
              [
                0.2756386928548813,
                51.11235541176058
              ],
              [
                0.24449977661136213,
                51.114882127285405
              ],
              [
                0.22624281332119353,
                51.1244675855607
              ],
              [
                0.1715967196049834,
                51.115404896811285
              ],
              [
                0.15116997575638638,
                51.12383168067053
              ],
              [
                0.1607169244617437,
                51.137316565106964
              ],
              [
                0.13308609922330342,
                51.14727595669
              ],
              [
                0.049980631423046304,
                51.14264713852525
              ],
              [
                0.052566479545227085,
                51.180625079010184
              ],
              [
                0.03356105182455817,
                51.21433961891529
              ],
              [
                0.058206071011464224,
                51.2477767396296
              ],
              [
                0.04235585993629436,
                51.29266899499019
              ],
              [
                0.08566242157656487,
                51.29308349111302
              ],
              [
                0.08499481999520013,
                51.316018695561446
              ],
              [
                0.11786868952386907,
                51.32965569086597
              ],
              [
                0.11842166025245374,
                51.34414249931501
              ],
              [
                0.13691767495763038,
                51.34416616339198
              ],
              [
                0.15202799805897593,
                51.36969058476751
              ],
              [
                0.14770754114428714,
                51.39280105752495
              ],
              [
                0.16235491350522802,
                51.39248663967868
              ],
              [
                0.14887368588015107,
                51.40848147408994
              ],
              [
                0.1528960716152184,
                51.408704399555106
              ],
              [
                0.15583714826372014,
                51.430872015562386
              ],
              [
                0.16428912187363223,
                51.42858487789131
              ],
              [
                0.17282480190934393,
                51.44323838319026
              ],
              [
                0.20309058029769556,
                51.457934483073146
              ],
              [
                0.21758507558806434,
                51.48046742151231
              ],
              [
                0.2744669309068764,
                51.453675295747416
              ],
              [
                0.31535522003634886,
                51.46494345780691
              ],
              [
                0.3252328835645046,
                51.450232921252905
              ],
              [
                0.38195139212146306,
                51.44349999230637
              ],
              [
                0.4402144500417743,
                51.44741840139216
              ],
              [
                0.45925986761533416,
                51.455527989222794
              ],
              [
                0.4543134608659562,
                51.46341094814861
              ],
              [
                0.46769307499292295,
                51.46429013611331
              ],
              [
                0.45808902003228813,
                51.46695614600141
              ],
              [
                0.46842498201516447,
                51.482648176222234
              ],
              [
                0.5460373861948988,
                51.48713053591028
              ],
              [
                0.6152006524368169,
                51.47510326500909
              ],
              [
                0.6599226734599245,
                51.47765826486787
              ],
              [
                0.6902442629844115,
                51.45937442493302
              ],
              [
                0.6713017819071775,
                51.47225506134249
              ],
              [
                0.7002818311402091,
                51.472589196694834
              ],
              [
                0.7204717322581429,
                51.45975579365146
              ],
              [
                0.7234364279598549,
                51.44450538865687
              ],
              [
                0.7102987069322153,
                51.434826926137326
              ],
              [
                0.6777975142619187,
                51.433172979249115
              ],
              [
                0.6719580982624159,
                51.4480020601349
              ],
              [
                0.6588802197211222,
                51.44735522320864
              ],
              [
                0.6360027875253126,
                51.44623528965556
              ],
              [
                0.6189630325489383,
                51.43745287620979
              ],
              [
                0.6051795440727237,
                51.420546350491094
              ],
              [
                0.6173099755846185,
                51.42842421543568
              ],
              [
                0.6237094237526571,
                51.4241080085284
              ],
              [
                0.6108401870385439,
                51.41739845977051
              ],
              [
                0.5635109455084372,
                51.40954907209991
              ],
              [
                0.5324195479713151,
                51.41267159668182
              ],
              [
                0.5156211943521554,
                51.400352666874994
              ],
              [
                0.5225455885680101,
                51.38509458094468
              ],
              [
                0.5375075205158991,
                51.410277131886325
              ],
              [
                0.5609312803752936,
                51.39478404465251
              ],
              [
                0.5944936697912492,
                51.38654467145677
              ],
              [
                0.6020561734293655,
                51.390630903944064
              ],
              [
                0.5967084097250352,
                51.3868193590384
              ],
              [
                0.6120222027514145,
                51.378843160910435
              ],
              [
                0.6195672456817062,
                51.38815400480343
              ],
              [
                0.6345111144702487,
                51.38905992944343
              ],
              [
                0.6269203782640762,
                51.37474153939084
              ],
              [
                0.647981918345074,
                51.39755201387077
              ],
              [
                0.67006136001818,
                51.37328913788
              ],
              [
                0.6869296713653557,
                51.3916554165131
              ],
              [
                0.7028891674370741,
                51.3924303894339
              ],
              [
                0.6952164212719018,
                51.37978201062738
              ],
              [
                0.7143177367348886,
                51.384170525438485
              ],
              [
                0.696503270600358,
                51.419990734059766
              ],
              [
                0.7277586904485276,
                51.42043627518177
              ],
              [
                0.7161752278153857,
                51.41309665865496
              ],
              [
                0.7262464258889022,
                51.39913805299327
              ],
              [
                0.7636712049409751,
                51.38194589038424
              ],
              [
                0.7643176478195817,
                51.36286342701329
              ],
              [
                0.7344755149187181,
                51.34570223272825
              ],
              [
                0.7668128200433253,
                51.362309820319965
              ],
              [
                0.8135282784662146,
                51.35848031772988
              ],
              [
                0.816192278769609,
                51.34617532929739
              ],
              [
                0.8171608113495268,
                51.35634231637462
              ],
              [
                0.8661286122515777,
                51.35584627274226
              ],
              [
                0.8971244445912463,
                51.344182313886265
              ],
              [
                0.8800661074232291,
                51.328656538252226
              ],
              [
                0.8945614860991503,
                51.33633080122222
              ],
              [
                0.915298782644873,
                51.329367243948994
              ],
              [
                0.8967354362755454,
                51.34143071394856
              ],
              [
                0.9503666189641933,
                51.345595702112966
              ],
              [
                1.0052061765043845,
                51.34919247485144
              ],
              [
                1.033147648015873,
                51.365570219078016
              ],
              [
                1.2241538199328856,
                51.379318158905875
              ],
              [
                1.3150357337894663,
                51.38029676791617
              ],
              [
                1.3904312642506658,
                51.39317708168727
              ],
              [
                1.4249253930561567,
                51.39376510598617
              ],
              [
                1.4418983622376886,
                51.387150536292815
              ],
              [
                1.4458751962804817,
                51.35839266707036
              ],
              [
                1.4246646388406006,
                51.32599378788653
              ],
              [
                1.4231410016476893,
                51.331363560306016
              ],
              [
                1.4145382559047721,
                51.32747712777941
              ],
              [
                1.4235210522720878,
                51.324327154447396
              ],
              [
                1.3777264532793754,
                51.32924725259448
              ],
              [
                1.357862514914254,
                51.31147795048478
              ],
              [
                1.3713296938878377,
                51.31388813047187
              ],
              [
                1.4048292104791282,
                51.230143559620316
              ],
              [
                1.4053345875704832,
                51.174717587245524
              ],
              [
                1.3953342389085948,
                51.15645116070158
              ],
              [
                1.376724504718633,
                51.140789852105016
              ],
              [
                1.3428272787125133,
                51.13098828228601
              ],
              [
                1.3432893322929518,
                51.121754890687804
              ],
              [
                1.338437907129241,
                51.127416736960974
              ],
              [
                1.3164665827120923,
                51.123032185185615
              ],
              [
                1.3230273519371893,
                51.114075371100874
              ],
              [
                1.3100726569715837,
                51.11677294320728
              ],
              [
                1.3278473308466794,
                51.11134751744175
              ],
              [
                1.3022688074128361,
                51.11335974003198
              ],
              [
                1.267622197568191,
                51.10173180603159
              ],
              [
                1.2211070925503087,
                51.09807646737264
              ],
              [
                1.1854664180543224,
                51.07940871583081
              ],
              [
                1.1947794714258138,
                51.07592510958164
              ],
              [
                1.0604080113720586,
                51.05911409690227
              ],
              [
                0.9967032930381624,
                51.02458025729679
              ],
              [
                0.964390987248936,
                50.96879221863434
              ],
              [
                0.9780217982092984,
                50.912200565780324
              ]
            ]
          ]
        ]
      },
      "properties": {
        "name": "Kent",
        "color": "hsl(350, 70%, 60%)"
      }
    },
    {
      "type": "Feature",
      "id": 33,
      "geometry": {
        "type": "Polygon",
        "coordinates": [
          [
            [
              -0.13300155382671391,
              51.15888677450981
            ],
            [
              -0.13760785946287984,
              51.14216127617482
            ],
            [
              0.02732667478475662,
              51.13984954086088
            ],
            [
              0.049980631423046304,
              51.14264713852525
            ],
            [
              0.13308609922330342,
              51.14727595669
            ],
            [
              0.1607169244617437,
              51.137316565106964
            ],
            [
              0.15116997575638638,
              51.12383168067053
            ],
            [
              0.1715967196049834,
              51.115404896811285
            ],
            [
              0.22624281332119353,
              51.1244675855607
            ],
            [
              0.24449977661136213,
              51.114882127285405
            ],
            [
              0.2756386928548813,
              51.11235541176058
            ],
            [
              0.2739033178529754,
              51.12007867276047
            ],
            [
              0.32514698260870506,
              51.1229108335885
            ],
            [
              0.33466177840536115,
              51.105561321108475
            ],
            [
              0.358921060122462,
              51.104480612953225
            ],
            [
              0.3507855005181472,
              51.08406698948335
            ],
            [
              0.37387164446887466,
              51.088465877052954
            ],
            [
              0.396442818644784,
              51.08309457895702
            ],
            [
              0.4182358447334114,
              51.062625387054936
            ],
            [
              0.46323542191539113,
              51.05478696176054
            ],
            [
              0.47228447263507395,
              51.030438140935814
            ],
            [
              0.5375577254006172,
              51.021672110153126
            ],
            [
              0.5418652555319191,
              51.01100143185157
            ],
            [
              0.5683425548621287,
              51.003811433267565
            ],
            [
              0.605354924674121,
              51.01206656902505
            ],
            [
              0.6613154959671173,
              51.01778411569837
            ],
            [
              0.6769220676672311,
              51.00329741458652
            ],
            [
              0.706734823723167,
              50.993597793197196
            ],
            [
              0.7405728953021031,
              51.0006694674558
            ],
            [
              0.7789190640802464,
              50.98949141684726
            ],
            [
              0.7770957217840985,
              50.97542251515106
            ],
            [
              0.784284498447353,
              50.97723005038108
            ],
            [
              0.8129005412198763,
              50.941995984060895
            ],
            [
              0.8413577813154733,
              50.957604772788535
            ],
            [
              0.8559222971844551,
              50.95312075944102
            ],
            [
              0.8678426427251629,
              50.933256107580675
            ],
            [
              0.8550430266786915,
              50.92390974243495
            ],
            [
              0.7719716679058212,
              50.93124651701397
            ],
            [
              0.7748696565681841,
              50.92732799097586
            ],
            [
              0.7296942290024171,
              50.91341774820323
            ],
            [
              0.6585390026607597,
              50.86991790049746
            ],
            [
              0.5920684952744224,
              50.85342525032336
            ],
            [
              0.500676451955767,
              50.84226190661243
            ],
            [
              0.37745448932123915,
              50.820356836998855
            ],
            [
              0.33926516802838486,
              50.79913868751796
            ],
            [
              0.2603182167793156,
              50.738583218311625
            ],
            [
              0.20992722196944627,
              50.738488206801996
            ],
            [
              0.15549410175022013,
              50.756838720429194
            ],
            [
              0.14890328245396453,
              50.75905596570292
            ],
            [
              0.1219285780451825,
              50.75830890266702
            ],
            [
              0.05830346368268358,
              50.782140787730924
            ],
            [
              0.058511524539115865,
              50.775895461045835
            ],
            [
              -0.038602715856318234,
              50.79908219054984
            ],
            [
              -0.2160693004118504,
              50.82758981374082
            ],
            [
              -0.2515148469833027,
              50.83015895060787
            ],
            [
              -0.24812303222423007,
              50.82479299648128
            ],
            [
              -0.2779106170722929,
              50.82675639047255
            ],
            [
              -0.332668571763925,
              50.817425412160674
            ],
            [
              -0.4359974704488401,
              50.80314535903558
            ],
            [
              -0.5420149494385179,
              50.80025589002362
            ],
            [
              -0.7021930685094646,
              50.777453067688214
            ],
            [
              -0.7543130985204203,
              50.75895615931456
            ],
            [
              -0.7531505866299614,
              50.760553488992315
            ],
            [
              -0.7519806879437906,
              50.76135934124304
            ],
            [
              -0.7513020313928964,
              50.761819714387556
            ],
            [
              -0.7510709250527898,
              50.76197911424077
            ],
            [
              -0.7508544708574456,
              50.76212068451471
            ],
            [
              -0.7506236009012004,
              50.76227109298563
            ],
            [
              -0.7504585771379768,
              50.762611060141495
            ],
            [
              -0.763062550798916,
              50.77288054689006
            ],
            [
              -0.7868705913498466,
              50.75987492624038
            ],
            [
              -0.7718734515156358,
              50.763530998948994
            ],
            [
              -0.7617770950585384,
              50.75119372155388
            ],
            [
              -0.7510829138116026,
              50.75726689288191
            ],
            [
              -0.7499922236389861,
              50.75669763888352
            ],
            [
              -0.7891120692614052,
              50.72245121982648
            ],
            [
              -0.8186915309092497,
              50.738843202821364
            ],
            [
              -0.8235708902681382,
              50.74376674512194
            ],
            [
              -0.9068650633514684,
              50.77432592424925
            ],
            [
              -0.9153408804458366,
              50.780691089558985
            ],
            [
              -0.9153756215524868,
              50.78900084457452
            ],
            [
              -0.9080723110802391,
              50.787044203147076
            ],
            [
              -0.912170066709055,
              50.78346734589718
            ],
            [
              -0.9109012335096348,
              50.781297210599504
            ],
            [
              -0.905180495284436,
              50.78208898970971
            ],
            [
              -0.877543478582622,
              50.80776184150798
            ],
            [
              -0.8445978191364064,
              50.79930163581875
            ],
            [
              -0.8254833122225014,
              50.804407588126466
            ],
            [
              -0.8077740550822298,
              50.83053221588292
            ],
            [
              -0.8138077990140027,
              50.833939062844976
            ],
            [
              -0.8197907098586917,
              50.81686827247613
            ],
            [
              -0.8427488883719759,
              50.80464308396232
            ],
            [
              -0.8687802456925419,
              50.8139002748892
            ],
            [
              -0.8512106972357899,
              50.82764957643225
            ],
            [
              -0.8612544922077188,
              50.828017814676876
            ],
            [
              -0.858442650494696,
              50.83968104873011
            ],
            [
              -0.8699513973792931,
              50.84007184334905
            ],
            [
              -0.8653925581323935,
              50.82717682553043
            ],
            [
              -0.87683011529667,
              50.811469034677074
            ],
            [
              -0.8921932992417049,
              50.81844150332267
            ],
            [
              -0.894057127102367,
              50.83809954655258
            ],
            [
              -0.9131013050564596,
              50.839960135657954
            ],
            [
              -0.907946474353851,
              50.79853593127415
            ],
            [
              -0.9426437494319159,
              50.81538441384641
            ],
            [
              -0.9325048328037358,
              50.84605650408704
            ],
            [
              -0.9264659602692954,
              50.86409458241704
            ],
            [
              -0.9386239668024481,
              50.873729099772625
            ],
            [
              -0.957604580547205,
              50.89063559893394
            ],
            [
              -0.9402620636728988,
              50.9180600617795
            ],
            [
              -0.9240304652146974,
              50.92420649470134
            ],
            [
              -0.9421316083111406,
              50.94289675015553
            ],
            [
              -0.9318786780720502,
              50.945582153537586
            ],
            [
              -0.9078916788630488,
              50.99424418848634
            ],
            [
              -0.8933686162676776,
              51.00274940057891
            ],
            [
              -0.8970165320141522,
              51.02200999468878
            ],
            [
              -0.852837395158935,
              51.04484838470377
            ],
            [
              -0.8428732601503715,
              51.06688977292179
            ],
            [
              -0.7977889135487872,
              51.06355716185625
            ],
            [
              -0.7808190138055265,
              51.07937914027815
            ],
            [
              -0.7535047731381267,
              51.08645598378971
            ],
            [
              -0.6967843388530741,
              51.07149424116111
            ],
            [
              -0.6293958214726857,
              51.08899655841191
            ],
            [
              -0.601175222885333,
              51.079705587736946
            ],
            [
              -0.5776207296992122,
              51.086651468600095
            ],
            [
              -0.5392435659355037,
              51.082023573436906
            ],
            [
              -0.5350094781833612,
              51.093580184461935
            ],
            [
              -0.5054061213145734,
              51.08825945139426
            ],
            [
              -0.4921528246247268,
              51.09448309533617
            ],
            [
              -0.41924044915619313,
              51.105201550647806
            ],
            [
              -0.3915505466022119,
              51.11651452464856
            ],
            [
              -0.30037810753251165,
              51.12473916614858
            ],
            [
              -0.2546522453641578,
              51.139047728543495
            ],
            [
              -0.255203719629728,
              51.14413694748293
            ],
            [
              -0.21427723748750638,
              51.14846524228894
            ],
            [
              -0.2121769304910067,
              51.15545662951585
            ],
            [
              -0.17673533327274799,
              51.1668520827621
            ],
            [
              -0.14049158052912739,
              51.16004929777236
            ],
            [
              -0.13300155382671391,
              51.15888677450981
            ]
          ]
        ]
      },
      "properties": {
        "name": "Sussex",
        "color": "hsl(215, 70%, 60%)"
      }
    },
    {
      "type": "Feature",
      "id": 34,
      "geometry": {
        "type": "Polygon",
        "coordinates": [
          [
            [
              -0.10535859970636009,
              51.51854039706508
            ],
            [
              -0.08521968280028296,
              51.52032657647621
            ],
            [
              -0.07848191918548603,
              51.5215023159205
            ],
            [
              -0.07940416800027625,
              51.50780374420865
            ],
            [
              -0.11158730956402557,
              51.510826340157564
            ],
            [
              -0.11161715406369929,
              51.515332083344575
            ],
            [
              -0.10535859970636009,
              51.51854039706508
            ]
          ]
        ]
      },
      "properties": {
        "name": "London, City of",
        "color": "hsl(13, 70%, 60%)"
      }
    },
    {
      "type": "Feature",
      "id": 35,
      "geometry": {
        "type": "MultiPolygon",
        "coordinates": [
          [
            [
              [
                -4.6708943076855185,
                51.15846450625485
              ],
              [
                -4.680543334703306,
                51.17242729879783
              ],
              [
                -4.677377904450983,
                51.202476991954306
              ],
              [
                -4.653097729004703,
                51.162134617591214
              ],
              [
                -4.6708943076855185,
                51.15846450625485
              ]
            ]
          ],
          [
            [
              [
                -6.284331192045974,
                49.95619080688827
              ],
              [
                -6.304161223227996,
                49.963967682355175
              ],
              [
                -6.292257612885498,
                49.98003942826878
              ],
              [
                -6.288692957049651,
                49.96617930413516
              ],
              [
                -6.261517333483914,
                49.962854508471736
              ],
              [
                -6.284331192045974,
                49.95619080688827
              ]
            ]
          ],
          [
            [
              [
                -6.352249689819594,
                49.94456034991588
              ],
              [
                -6.364992361779668,
                49.951621237705886
              ],
              [
                -6.35867308388011,
                49.96702153427392
              ],
              [
                -6.348021976139612,
                49.95566118003944
              ],
              [
                -6.352249689819594,
                49.94456034991588
              ]
            ]
          ],
          [
            [
              [
                -6.332231154689872,
                49.93918333113966
              ],
              [
                -6.348389114622805,
                49.96792110880561
              ],
              [
                -6.3191249484556895,
                49.95334141646376
              ],
              [
                -6.332231154689872,
                49.93918333113966
              ]
            ]
          ],
          [
            [
              [
                -5.215854276795765,
                49.95955273063094
              ],
              [
                -5.219508099982849,
                49.97146132364282
              ],
              [
                -5.245747268979248,
                49.97563240706304
              ],
              [
                -5.243947188311525,
                49.98412134797024
              ],
              [
                -5.268489587058822,
                50.00469015369841
              ],
              [
                -5.2558866200118,
                50.021634014431775
              ],
              [
                -5.261730645359234,
                50.03430743519141
              ],
              [
                -5.279999034845768,
                50.041879702254114
              ],
              [
                -5.279382344084161,
                50.056390177569156
              ],
              [
                -5.316264932806119,
                50.085235952127334
              ],
              [
                -5.339077468933354,
                50.09198533705523
              ],
              [
                -5.363145334537417,
                50.089013772938934
              ],
              [
                -5.391731235997317,
                50.10352012747123
              ],
              [
                -5.429319129802931,
                50.09691789181293
              ],
              [
                -5.4291052462454745,
                50.10547087656466
              ],
              [
                -5.483850951410101,
                50.12756312587565
              ],
              [
                -5.530058950352745,
                50.12372785487672
              ],
              [
                -5.530986325140873,
                50.1142801424967
              ],
              [
                -5.5493119454722715,
                50.10649639530981
              ],
              [
                -5.5332442938838335,
                50.08852590505687
              ],
              [
                -5.542128289608656,
                50.07058534059866
              ],
              [
                -5.577250367083385,
                50.05174732255952
              ],
              [
                -5.619088103492665,
                50.05123139257353
              ],
              [
                -5.636263601029789,
                50.040005566084325
              ],
              [
                -5.648387121429872,
                50.043844145204694
              ],
              [
                -5.673056981004315,
                50.034670831040685
              ],
              [
                -5.684586110733491,
                50.0378406975774
              ],
              [
                -5.6925205273196156,
                50.05402569172394
              ],
              [
                -5.710583997152228,
                50.05812729975623
              ],
              [
                -5.716996942242426,
                50.06894318507267
              ],
              [
                -5.688543500833037,
                50.0903111029004
              ],
              [
                -5.710134901713868,
                50.12737344794061
              ],
              [
                -5.673020026930088,
                50.16626077293931
              ],
              [
                -5.6290262149220665,
                50.16774440421016
              ],
              [
                -5.600628536637778,
                50.193352244038664
              ],
              [
                -5.590817459639463,
                50.18867213885654
              ],
              [
                -5.53874144511763,
                50.21625423321964
              ],
              [
                -5.498276845864117,
                50.21988314113299
              ],
              [
                -5.475716163552773,
                50.2189236491092
              ],
              [
                -5.469117383803858,
                50.1998776931576
              ],
              [
                -5.436761580535647,
                50.19353538897576
              ],
              [
                -5.433651498110874,
                50.193744412873045
              ],
              [
                -5.393590199071396,
                50.22559134579361
              ],
              [
                -5.395213208678856,
                50.24053170626185
              ],
              [
                -5.378056240615821,
                50.244081997782246
              ],
              [
                -5.368337882640402,
                50.23617782093798
              ],
              [
                -5.3247617454591865,
                50.24428020527416
              ],
              [
                -5.30372107418786,
                50.26173963660508
              ],
              [
                -5.289149200177198,
                50.26105584781353
              ],
              [
                -5.279173203813064,
                50.27332979109191
              ],
              [
                -5.243655582761768,
                50.28688582001218
              ],
              [
                -5.235663695605022,
                50.31827976367792
              ],
              [
                -5.200566085191186,
                50.320151772204134
              ],
              [
                -5.18145842789837,
                50.34035059567326
              ],
              [
                -5.153814400728111,
                50.34615098879662
              ],
              [
                -5.1464492180782075,
                50.37528102007684
              ],
              [
                -5.157641102707138,
                50.38959551199966
              ],
              [
                -5.1435532843074965,
                50.38891594960721
              ],
              [
                -5.147147132562112,
                50.405352794330156
              ],
              [
                -5.125807700845592,
                50.41218064845694
              ],
              [
                -5.102401926413126,
                50.41312258314997
              ],
              [
                -5.09970515421856,
                50.42593231349655
              ],
              [
                -5.077492375582577,
                50.41585375193444
              ],
              [
                -5.054744157972732,
                50.4257371909991
              ],
              [
                -5.043749732210491,
                50.44224447434951
              ],
              [
                -5.042438011858488,
                50.464164811679936
              ],
              [
                -5.031822150894583,
                50.467626479467825
              ],
              [
                -5.039707064886498,
                50.47409525698375
              ],
              [
                -5.034789575004879,
                50.49369880867624
              ],
              [
                -5.046774588191141,
                50.497838197118796
              ],
              [
                -5.024003668597571,
                50.508732204439724
              ],
              [
                -5.0303627826564306,
                50.52189787469991
              ],
              [
                -5.022603544557513,
                50.526552456136756
              ],
              [
                -5.036501109775612,
                50.549578501314016
              ],
              [
                -4.983827068976186,
                50.54222483410736
              ],
              [
                -4.972045600567522,
                50.55779134279838
              ],
              [
                -4.945092635432844,
                50.569162948014245
              ],
              [
                -4.949560068559131,
                50.55657344375547
              ],
              [
                -4.935081870637598,
                50.54899678355465
              ],
              [
                -4.930868812058941,
                50.530015152044385
              ],
              [
                -4.924703698818916,
                50.53118676102635
              ],
              [
                -4.9263394185309455,
                50.54529508227352
              ],
              [
                -4.931405246845989,
                50.564822054481645
              ],
              [
                -4.915763295269197,
                50.57589227786287
              ],
              [
                -4.935348959199956,
                50.58690473854425
              ],
              [
                -4.918624950721067,
                50.594521434086246
              ],
              [
                -4.908257263384205,
                50.58451752211595
              ],
              [
                -4.885191840916373,
                50.58231211401869
              ],
              [
                -4.867499636987854,
                50.58898293236153
              ],
              [
                -4.869951904533431,
                50.59538093899162
              ],
              [
                -4.849329101437199,
                50.598810978189604
              ],
              [
                -4.832407619087737,
                50.59214490142753
              ],
              [
                -4.796189856599893,
                50.59808473388832
              ],
              [
                -4.770413151419751,
                50.62238459365426
              ],
              [
                -4.758694690977659,
                50.65285850267389
              ],
              [
                -4.766609139706459,
                50.654874474047475
              ],
              [
                -4.7644315843245355,
                50.66983058908333
              ],
              [
                -4.7421456094436385,
                50.67673472554844
              ],
              [
                -4.735018872231211,
                50.67151443747602
              ],
              [
                -4.72603715959613,
                50.68407478036563
              ],
              [
                -4.680222557860598,
                50.696003524838886
              ],
              [
                -4.681182157896294,
                50.70438243938798
              ],
              [
                -4.65454633718182,
                50.71628061690884
              ],
              [
                -4.653852322020772,
                50.73984421059311
              ],
              [
                -4.634496074421947,
                50.74096700259959
              ],
              [
                -4.634584036194176,
                50.74909606110181
              ],
              [
                -4.561914574477225,
                50.78134209838773
              ],
              [
                -4.558660516093755,
                50.82876876224952
              ],
              [
                -4.546639880026905,
                50.82995830832501
              ],
              [
                -4.556092359513265,
                50.83686598871354
              ],
              [
                -4.5698975879585,
                50.903749806722594
              ],
              [
                -4.546036646957815,
                50.92837733593828
              ],
              [
                -4.525626895596655,
                51.02230529413396
              ],
              [
                -4.425367371176153,
                51.01366482409034
              ],
              [
                -4.390885314784035,
                50.994679336750366
              ],
              [
                -4.342968502542265,
                50.98896824466658
              ],
              [
                -4.30297709936945,
                50.997759305590435
              ],
              [
                -4.21727704884533,
                51.064963276121425
              ],
              [
                -4.210185939605127,
                51.052434721189194
              ],
              [
                -4.190634387303099,
                51.054790543972736
              ],
              [
                -4.197911107414117,
                51.03368091423672
              ],
              [
                -4.1797051536501915,
                51.04874447126002
              ],
              [
                -4.179758776438047,
                51.06750392911003
              ],
              [
                -4.151605673040555,
                51.07353874435063
              ],
              [
                -4.15292918599315,
                51.08021448604276
              ],
              [
                -4.163723281096626,
                51.08358551551392
              ],
              [
                -4.1631244990248115,
                51.10073810226939
              ],
              [
                -4.166576397297651,
                51.08047487506287
              ],
              [
                -4.185379446034711,
                51.07622155569926
              ],
              [
                -4.189134882018025,
                51.06625840491563
              ],
              [
                -4.2168385348307345,
                51.07639339128162
              ],
              [
                -4.22243111864296,
                51.117702271490515
              ],
              [
                -4.2403613357132155,
                51.12059762757321
              ],
              [
                -4.235871719580077,
                51.13090020043278
              ],
              [
                -4.26187062667287,
                51.1428740135254
              ],
              [
                -4.223734368572073,
                51.1442351950244
              ],
              [
                -4.216166956589502,
                51.15160961551232
              ],
              [
                -4.211456456278181,
                51.178391243561435
              ],
              [
                -4.229241979856977,
                51.188485892360696
              ],
              [
                -4.210621753500454,
                51.190548089661114
              ],
              [
                -4.20128436053719,
                51.20062589816172
              ],
              [
                -4.177622978883899,
                51.19730962605576
              ],
              [
                -4.087807953568645,
                51.21732046148577
              ],
              [
                -4.038736303580489,
                51.20667476507031
              ],
              [
                -4.0284115731555525,
                51.2163869656265
              ],
              [
                -3.958234002696314,
                51.21912055139099
              ],
              [
                -3.9256308414077594,
                51.231901187686425
              ],
              [
                -3.8920226509041806,
                51.22377130629405
              ],
              [
                -3.8537317060950205,
                51.2345732204379
              ],
              [
                -3.813515429504952,
                51.23112070065513
              ],
              [
                -3.787031952652919,
                51.246294374638204
              ],
              [
                -3.769764566767616,
                51.23766292893651
              ],
              [
                -3.7207868199558543,
                51.233087721581775
              ],
              [
                -3.733188735573881,
                51.222724863380286
              ],
              [
                -3.724974736316411,
                51.179599891688156
              ],
              [
                -3.786300469424512,
                51.171925685535314
              ],
              [
                -3.8391712557296294,
                51.17692462548422
              ],
              [
                -3.834479626994401,
                51.138382487648165
              ],
              [
                -3.8042759824803816,
                51.11568655952485
              ],
              [
                -3.7199406956388925,
                51.08081516303037
              ],
              [
                -3.692392557787458,
                51.08059681166022
              ],
              [
                -3.6467062727558752,
                51.05806572758587
              ],
              [
                -3.5944660930070733,
                51.055202049908246
              ],
              [
                -3.6146454788262083,
                51.01549997242728
              ],
              [
                -3.6031975851966314,
                51.007240242015854
              ],
              [
                -3.535034443508192,
                51.00335365362348
              ],
              [
                -3.5188749808025377,
                51.01479699569092
              ],
              [
                -3.5204206496673898,
                51.025874081995646
              ],
              [
                -3.504259282777058,
                51.030121070398984
              ],
              [
                -3.4833570666986136,
                51.0338325658472
              ],
              [
                -3.4601813991762453,
                51.02522162887858
              ],
              [
                -3.421294895846532,
                51.03078207798083
              ],
              [
                -3.4141695100984433,
                51.01970851480421
              ],
              [
                -3.3804852352162116,
                51.01849269945173
              ],
              [
                -3.378656920852663,
                50.9775162116415
              ],
              [
                -3.33366672261166,
                50.982795798292734
              ],
              [
                -3.2938491365946625,
                50.95515029658597
              ],
              [
                -3.2548211547381967,
                50.941853246835365
              ],
              [
                -3.1664775665247524,
                50.947724190440105
              ],
              [
                -3.1878623762859664,
                50.91043153402335
              ],
              [
                -3.144183344443971,
                50.8914074902668
              ],
              [
                -3.126346758316814,
                50.90172479367985
              ],
              [
                -3.0524299367832146,
                50.908268849580416
              ],
              [
                -3.0547843960850405,
                50.874623839358954
              ],
              [
                -3.0326380059521543,
                50.86164752940983
              ],
              [
                -3.036808185896969,
                50.85107104306764
              ],
              [
                -2.9735899195311397,
                50.85572529314896
              ],
              [
                -2.9698329592922557,
                50.8341919939638
              ],
              [
                -2.954330298696893,
                50.82118140944071
              ],
              [
                -2.9612991197106067,
                50.81556666275845
              ],
              [
                -2.8928017016818646,
                50.80478910451261
              ],
              [
                -2.886652435500329,
                50.79481806825997
              ],
              [
                -2.9543337355379524,
                50.76771915627733
              ],
              [
                -2.935063902797017,
                50.75427807136089
              ],
              [
                -2.9530691234307542,
                50.728511573819354
              ],
              [
                -2.94771880807151,
                50.718249314847455
              ],
              [
                -3.027920397675895,
                50.69864851263078
              ],
              [
                -3.053445586439435,
                50.70412218003454
              ],
              [
                -3.0548685968245004,
                50.70253553664118
              ],
              [
                -3.0824331040828197,
                50.70162633712024
              ],
              [
                -3.0960134597616733,
                50.68524002691098
              ],
              [
                -3.1921273020476484,
                50.6845303642444
              ],
              [
                -3.2577766712804634,
                50.67324641444582
              ],
              [
                -3.3006373206706034,
                50.631523993481274
              ],
              [
                -3.3088042861983316,
                50.64760239756551
              ],
              [
                -3.306721724309768,
                50.62963926731354
              ],
              [
                -3.3523605592097123,
                50.61919879295328
              ],
              [
                -3.3618645919320786,
                50.606632307657705
              ],
              [
                -3.4262188623860834,
                50.617688383585325
              ],
              [
                -3.4155150897374127,
                50.629357418629816
              ],
              [
                -3.460879444512633,
                50.69563581141635
              ],
              [
                -3.4567561756430343,
                50.674975862334115
              ],
              [
                -3.4682782363560034,
                50.683186044163634
              ],
              [
                -3.4698207855026624,
                50.68226726825262
              ],
              [
                -3.469731601147282,
                50.68122516900236
              ],
              [
                -3.4681880152724154,
                50.66396845299419
              ],
              [
                -3.4512540589485314,
                50.6470932557833
              ],
              [
                -3.443848199462221,
                50.60159785628607
              ],
              [
                -3.422489951263563,
                50.614037704656326
              ],
              [
                -3.466971402960358,
                50.57812381738458
              ],
              [
                -3.4684356242331575,
                50.56298733784472
              ],
              [
                -3.499844890621352,
                50.540543866470244
              ],
              [
                -3.5010462678106213,
                50.54593349824367
              ],
              [
                -3.5097981527500464,
                50.54287045057093
              ],
              [
                -3.4959892664144117,
                50.53777849722674
              ],
              [
                -3.5091286570088065,
                50.51659094836501
              ],
              [
                -3.5148413356802943,
                50.481774423937495
              ],
              [
                -3.4805836837038586,
                50.46353556292105
              ],
              [
                -3.515933137916924,
                50.45378093866195
              ],
              [
                -3.540667643498383,
                50.46108269139892
              ],
              [
                -3.5595323810874353,
                50.42336349646576
              ],
              [
                -3.544819453631924,
                50.40211869514628
              ],
              [
                -3.5195106565937495,
                50.40318958219411
              ],
              [
                -3.511905403834343,
                50.39591381353704
              ],
              [
                -3.5051694645784623,
                50.400021388826374
              ],
              [
                -3.512975174508821,
                50.405649129283034
              ],
              [
                -3.482375181562893,
                50.40004432868019
              ],
              [
                -3.5076321887932678,
                50.37918691558332
              ],
              [
                -3.5178536019982922,
                50.346460382474476
              ],
              [
                -3.535778011368623,
                50.33656559470077
              ],
              [
                -3.5528717829027143,
                50.33847906776082
              ],
              [
                -3.5735869019040627,
                50.347868951396556
              ],
              [
                -3.5642592466954994,
                50.35273458917171
              ],
              [
                -3.5763633825971293,
                50.363372742318866
              ],
              [
                -3.568543047247449,
                50.36882983761059
              ],
              [
                -3.5946985297437637,
                50.38226165474093
              ],
              [
                -3.5943385733432223,
                50.38075562441598
              ],
              [
                -3.5805520313542654,
                50.37221979579416
              ],
              [
                -3.5793406123532643,
                50.360301410879195
              ],
              [
                -3.576774776253278,
                50.35627100768853
              ],
              [
                -3.5767236937808202,
                50.346243531262694
              ],
              [
                -3.568605781048454,
                50.3434393240652
              ],
              [
                -3.5634937601470837,
                50.33542268500809
              ],
              [
                -3.5724172480212384,
                50.32607459099123
              ],
              [
                -3.613110496324065,
                50.317557388099054
              ],
              [
                -3.6426334167779846,
                50.290152953536
              ],
              [
                -3.659554017793342,
                50.23900615228849
              ],
              [
                -3.6407317733815545,
                50.22177997325208
              ],
              [
                -3.68094605834375,
                50.22242822034829
              ],
              [
                -3.720219903056095,
                50.2019671110871
              ],
              [
                -3.7374890083621115,
                50.214841607502564
              ],
              [
                -3.7734706838736343,
                50.22430838423811
              ],
              [
                -3.7613217580206735,
                50.236266636751736
              ],
              [
                -3.726293006615656,
                50.23667551079536
              ],
              [
                -3.7391021854110162,
                50.24108048519467
              ],
              [
                -3.7202542554096296,
                50.24811570189645
              ],
              [
                -3.753809147110418,
                50.239807078696245
              ],
              [
                -3.756837571425362,
                50.25046439034026
              ],
              [
                -3.756474234264126,
                50.2546971413937
              ],
              [
                -3.7672646645907846,
                50.263104952513466
              ],
              [
                -3.7740543677022305,
                50.257029354857615
              ],
              [
                -3.764865665853941,
                50.25400334574622
              ],
              [
                -3.758788989295502,
                50.24060423062199
              ],
              [
                -3.775287741148778,
                50.24378906482889
              ],
              [
                -3.7661062504706737,
                50.23633790593392
              ],
              [
                -3.78192521089927,
                50.229593522021084
              ],
              [
                -3.7869210110642975,
                50.20982839446405
              ],
              [
                -3.823417831582675,
                50.21720311934564
              ],
              [
                -3.870594944688643,
                50.24105235006808
              ],
              [
                -3.8590962630116428,
                50.24253210828221
              ],
              [
                -3.8580915220520966,
                50.260689600328355
              ],
              [
                -3.88172628715023,
                50.27654385258539
              ],
              [
                -3.876863925384578,
                50.280310130113726
              ],
              [
                -3.8696294715557222,
                50.27908661465542
              ],
              [
                -3.8653411933918003,
                50.28464200815782
              ],
              [
                -3.870950552730324,
                50.28127793184853
              ],
              [
                -3.8950713305032565,
                50.28178648599044
              ],
              [
                -3.91771138164522,
                50.29607570012968
              ],
              [
                -3.9436523474382112,
                50.295914554368274
              ],
              [
                -3.9468062993533235,
                50.30678980247081
              ],
              [
                -3.9484609845128964,
                50.30982012272709
              ],
              [
                -3.9638041747215844,
                50.30383251948331
              ],
              [
                -3.991931562982969,
                50.307500194083445
              ],
              [
                -4.035166428970764,
                50.29284582151596
              ],
              [
                -4.0746610797504825,
                50.306070740841605
              ],
              [
                -4.033251107930323,
                50.31344944496867
              ],
              [
                -4.053198946246019,
                50.317739835915084
              ],
              [
                -4.055972662219378,
                50.31137675755637
              ],
              [
                -4.1190007111058256,
                50.319391966282204
              ],
              [
                -4.119621072663491,
                50.335858421019
              ],
              [
                -4.128794670418576,
                50.33736372973786
              ],
              [
                -4.123028650480328,
                50.34672442616945
              ],
              [
                -4.135308892530215,
                50.35946041694042
              ],
              [
                -4.105372050371901,
                50.35652562611717
              ],
              [
                -4.112419187137278,
                50.359455867586966
              ],
              [
                -4.099755270020432,
                50.379292948314585
              ],
              [
                -4.101411264157416,
                50.382707855554656
              ],
              [
                -4.115687223342475,
                50.36180692786178
              ],
              [
                -4.1528076846308215,
                50.36243862469783
              ],
              [
                -4.154361538793224,
                50.36756363163912
              ],
              [
                -4.164065797894533,
                50.35893763890377
              ],
              [
                -4.163659052103046,
                50.369468673549584
              ],
              [
                -4.181524803837039,
                50.36499736218796
              ],
              [
                -4.192890916623897,
                50.39009383683579
              ],
              [
                -4.179755534337699,
                50.396645896776974
              ],
              [
                -4.194517325107529,
                50.39210488274699
              ],
              [
                -4.2053164871066295,
                50.3995458144404
              ],
              [
                -4.192307115720324,
                50.424697260255485
              ],
              [
                -4.165456984331782,
                50.41974073548181
              ],
              [
                -4.163506553608799,
                50.42760210661837
              ],
              [
                -4.176652395560435,
                50.42258082100583
              ],
              [
                -4.189791967591039,
                50.42846830977069
              ],
              [
                -4.162628387072994,
                50.44942065345381
              ],
              [
                -4.156432391230958,
                50.446369693215765
              ],
              [
                -4.151802679908589,
                50.4638503662796
              ],
              [
                -4.1850584438506555,
                50.43422377724102
              ],
              [
                -4.191294500409909,
                50.4353926451117
              ],
              [
                -4.199632878706184,
                50.43694417443532
              ],
              [
                -4.222256307307351,
                50.426251516725955
              ],
              [
                -4.238291927280022,
                50.43905784332914
              ],
              [
                -4.2238453508684985,
                50.42200276800885
              ],
              [
                -4.209885176398714,
                50.425452893587405
              ],
              [
                -4.21185037525432,
                50.39934076036529
              ],
              [
                -4.227286194394132,
                50.3933166535245
              ],
              [
                -4.232996768512455,
                50.393575895363675
              ],
              [
                -4.23073920367594,
                50.39044418830062
              ],
              [
                -4.2021963990605915,
                50.3883979046247
              ],
              [
                -4.2094419327507975,
                50.38567904286903
              ],
              [
                -4.194764702868503,
                50.37187175379362
              ],
              [
                -4.209212762223026,
                50.36894473262657
              ],
              [
                -4.197093773208396,
                50.35957732244131
              ],
              [
                -4.207599848856286,
                50.34692093064109
              ],
              [
                -4.17168506733072,
                50.35891247751985
              ],
              [
                -4.170232670332847,
                50.34310039586345
              ],
              [
                -4.201244204319546,
                50.33289313603379
              ],
              [
                -4.188378960238752,
                50.317746505047346
              ],
              [
                -4.224022766490363,
                50.31152920579847
              ],
              [
                -4.219505909244194,
                50.324621662098686
              ],
              [
                -4.229153183202119,
                50.33352149998135
              ],
              [
                -4.3081313607462155,
                50.361410199747056
              ],
              [
                -4.410198081079856,
                50.364159846375784
              ],
              [
                -4.4365587245643505,
                50.361037778738826
              ],
              [
                -4.451069384474004,
                50.350937401180374
              ],
              [
                -4.450605254351647,
                50.34820378355095
              ],
              [
                -4.472655978702676,
                50.33322812383004
              ],
              [
                -4.4974958836417605,
                50.33741024397872
              ],
              [
                -4.501806190777029,
                50.330643352309785
              ],
              [
                -4.538929075551552,
                50.323739661121294
              ],
              [
                -4.578467356931023,
                50.33258358973592
              ],
              [
                -4.598384095684864,
                50.323900543856816
              ],
              [
                -4.6066145044659885,
                50.32897827938558
              ],
              [
                -4.63312779574482,
                50.32435972490384
              ],
              [
                -4.638491238827455,
                50.32986895420509
              ],
              [
                -4.608806941785873,
                50.3379600504731
              ],
              [
                -4.629632421550975,
                50.33459426448543
              ],
              [
                -4.634024930631507,
                50.334989507616356
              ],
              [
                -4.6675791838035074,
                50.3230971620094
              ],
              [
                -4.672513958339735,
                50.313889721220114
              ],
              [
                -4.68479239441211,
                50.32013709381652
              ],
              [
                -4.68943272888318,
                50.34806750345433
              ],
              [
                -4.756811506107509,
                50.33108884476854
              ],
              [
                -4.766882291611153,
                50.320846785873
              ],
              [
                -4.752610455105064,
                50.298526834468284
              ],
              [
                -4.764096338337903,
                50.30043995197614
              ],
              [
                -4.781205272045817,
                50.290154793558834
              ],
              [
                -4.78697716114003,
                50.26951616499319
              ],
              [
                -4.785655095899906,
                50.26177592925631
              ],
              [
                -4.766947777648981,
                50.2566550397797
              ],
              [
                -4.785510155938517,
                50.24558781290572
              ],
              [
                -4.780882509539748,
                50.23742301372973
              ],
              [
                -4.798230155188607,
                50.23021476159695
              ],
              [
                -4.798473846926897,
                50.219531370535684
              ],
              [
                -4.818884585232322,
                50.2316131959866
              ],
              [
                -4.862426927101599,
                50.236044159001
              ],
              [
                -4.916478405072716,
                50.19697169484703
              ],
              [
                -4.933706296287579,
                50.207107398576404
              ],
              [
                -4.955861699092886,
                50.20294712208299
              ],
              [
                -4.973567778913193,
                50.185664012529884
              ],
              [
                -4.9819250480037,
                50.15182364123325
              ],
              [
                -5.009574454211185,
                50.139316367403865
              ],
              [
                -5.01773652859395,
                50.149125683106824
              ],
              [
                -5.004026110962697,
                50.15061490004838
              ],
              [
                -4.998729080504518,
                50.161717726067536
              ],
              [
                -5.004771130705243,
                50.15713552802993
              ],
              [
                -5.02434725031672,
                50.154935772439806
              ],
              [
                -5.0143198406674765,
                50.190487018110296
              ],
              [
                -5.025567855390083,
                50.18223311568764
              ],
              [
                -5.034789672101983,
                50.203933007506016
              ],
              [
                -5.0267335924708405,
                50.20398142723571
              ],
              [
                -5.028371796602388,
                50.209929858969
              ],
              [
                -5.0389334974445426,
                50.21267641221816
              ],
              [
                -5.043041628765622,
                50.20431968512057
              ],
              [
                -5.048037764635944,
                50.2090373171718
              ],
              [
                -5.043889405993568,
                50.20332591456884
              ],
              [
                -5.058929135809265,
                50.19326007141978
              ],
              [
                -5.063391409833343,
                50.19620095566188
              ],
              [
                -5.054307150935826,
                50.18034688116255
              ],
              [
                -5.077266103941682,
                50.18423830962375
              ],
              [
                -5.045160469764431,
                50.175522602833745
              ],
              [
                -5.053658875807513,
                50.16228235555217
              ],
              [
                -5.102218184606835,
                50.16975635174566
              ],
              [
                -5.063479298244662,
                50.15161532668164
              ],
              [
                -5.049243038086233,
                50.15583152361516
              ],
              [
                -5.041888622825573,
                50.143871194109366
              ],
              [
                -5.055021676335265,
                50.14830294449665
              ],
              [
                -5.076485745769019,
                50.14049415045713
              ],
              [
                -5.0730457340727995,
                50.1342162294895
              ],
              [
                -5.093654301868669,
                50.12608497955383
              ],
              [
                -5.0817238226508135,
                50.109409221169834
              ],
              [
                -5.09941195033843,
                50.09977108732712
              ],
              [
                -5.140318252820905,
                50.10017316019074
              ],
              [
                -5.130302098846808,
                50.110213559350925
              ],
              [
                -5.137871676302771,
                50.11173627709897
              ],
              [
                -5.143591247067382,
                50.09889702608177
              ],
              [
                -5.163127040173318,
                50.096746623394694
              ],
              [
                -5.164858752080286,
                50.112613407724105
              ],
              [
                -5.16909012836707,
                50.09979544539813
              ],
              [
                -5.159129002507199,
                50.093796926473445
              ],
              [
                -5.154769043397327,
                50.0932049095776
              ],
              [
                -5.147598171911372,
                50.08535726761462
              ],
              [
                -5.150945067208654,
                50.09417247792683
              ],
              [
                -5.141223229874743,
                50.09647827666715
              ],
              [
                -5.135688639298506,
                50.0913923473552
              ],
              [
                -5.10428206530519,
                50.09441419368509
              ],
              [
                -5.092956314128688,
                50.088140706956416
              ],
              [
                -5.117856918711666,
                50.082301309403405
              ],
              [
                -5.075958836908895,
                50.08559707522162
              ],
              [
                -5.079552328265903,
                50.06881421896441
              ],
              [
                -5.067695430612889,
                50.06764412883828
              ],
              [
                -5.0577776718532945,
                50.05279286173402
              ],
              [
                -5.06880571716628,
                50.035130307392706
              ],
              [
                -5.096762453161283,
                50.02638053017938
              ],
              [
                -5.091120777355812,
                50.01572684161885
              ],
              [
                -5.101271975490012,
                50.004264631358595
              ],
              [
                -5.122546155745979,
                50.009253123498176
              ],
              [
                -5.1665911609201824,
                50.003785174607465
              ],
              [
                -5.188717395204144,
                49.97389593713126
              ],
              [
                -5.1858212472282625,
                49.96300017700808
              ],
              [
                -5.215854276795765,
                49.95955273063094
              ]
            ]
          ],
          [
            [
              [
                -6.303905340432822,
                49.90298703012784
              ],
              [
                -6.3128194118327485,
                49.91325521045098
              ],
              [
                -6.322486215852647,
                49.90776559591324
              ],
              [
                -6.327586068259403,
                49.912587097757644
              ],
              [
                -6.309037524701206,
                49.91662643840546
              ],
              [
                -6.3138047845399905,
                49.92755275706357
              ],
              [
                -6.297721498938855,
                49.93680727186474
              ],
              [
                -6.27625564759728,
                49.928675926355986
              ],
              [
                -6.275520121284075,
                49.92147753706004
              ],
              [
                -6.287771658389671,
                49.91003755064634
              ],
              [
                -6.302954349845533,
                49.91154374915879
              ],
              [
                -6.303905340432822,
                49.90298703012784
              ]
            ]
          ],
          [
            [
              [
                -6.341198885963774,
                49.882355785415854
              ],
              [
                -6.353085500207561,
                49.88831613235414
              ],
              [
                -6.3489587290746625,
                49.898324500361625
              ],
              [
                -6.327871560423939,
                49.89463376757568
              ],
              [
                -6.329231487917896,
                49.888671001545625
              ],
              [
                -6.338279694605804,
                49.893425249465075
              ],
              [
                -6.341198885963774,
                49.882355785415854
              ]
            ]
          ]
        ]
      },
      "properties": {
        "name": "Devon & Cornwall",
        "color": "hsl(179, 70%, 60%)"
      }
    },
    {
      "type": "Feature",
      "id": 36,
      "geometry": {
        "type": "Polygon",
        "coordinates": [
          [
            [
              -2.4896494667805618,
              51.66395726111592
            ],
            [
              -2.4906861564735645,
              51.6448284368613
            ],
            [
              -2.442996615709567,
              51.652489808994176
            ],
            [
              -2.38599692720281,
              51.63994136860737
            ],
            [
              -2.4004774417093877,
              51.635145463203955
            ],
            [
              -2.3889254026843223,
              51.627541686826575
            ],
            [
              -2.3946732250981784,
              51.59736555458532
            ],
            [
              -2.370579880725665,
              51.5976149345423
            ],
            [
              -2.365590518729752,
              51.60373570832929
            ],
            [
              -2.3310795772491537,
              51.59160090400571
            ],
            [
              -2.291656123926476,
              51.59369258596106
            ],
            [
              -2.282755985995742,
              51.57851897570273
            ],
            [
              -2.2725765637300235,
              51.577589977981035
            ],
            [
              -2.260309798727635,
              51.5699032354099
            ],
            [
              -2.266519088339106,
              51.53626144602464
            ],
            [
              -2.2523954821419134,
              51.5268696625329
            ],
            [
              -2.324332189784728,
              51.497506475139126
            ],
            [
              -2.3114278413176677,
              51.48737206255282
            ],
            [
              -2.2904824349700683,
              51.48665255106127
            ],
            [
              -2.295759144006502,
              51.458594770273926
            ],
            [
              -2.2851323336996328,
              51.45784782536936
            ],
            [
              -2.294631624702938,
              51.42879952369395
            ],
            [
              -2.2785582301042493,
              51.415881922633794
            ],
            [
              -2.2908745731221476,
              51.40570944435413
            ],
            [
              -2.281822657975723,
              51.39722547313098
            ],
            [
              -2.296799477986852,
              51.3948866310593
            ],
            [
              -2.292067480269225,
              51.36956898446979
            ],
            [
              -2.3443491621362207,
              51.3455629497616
            ],
            [
              -2.2964186875781056,
              51.34266384435151
            ],
            [
              -2.300936676187029,
              51.33322897830948
            ],
            [
              -2.289102074433224,
              51.32527411501554
            ],
            [
              -2.273100426097609,
              51.322884751585136
            ],
            [
              -2.2719586966990186,
              51.31425531354797
            ],
            [
              -2.2850716624492247,
              51.30945848080889
            ],
            [
              -2.280684411299924,
              51.29346368736267
            ],
            [
              -2.2652689190097552,
              51.29622414703508
            ],
            [
              -2.253501700628664,
              51.28983906296742
            ],
            [
              -2.245351032928926,
              51.253880102000416
            ],
            [
              -2.298376838404952,
              51.17543721245763
            ],
            [
              -2.346318976898963,
              51.130515766670506
            ],
            [
              -2.3445463539760096,
              51.124685147591
            ],
            [
              -2.3645340933585386,
              51.11888758991681
            ],
            [
              -2.362541579969123,
              51.10162894560449
            ],
            [
              -2.325867967373935,
              51.0796792374303
            ],
            [
              -2.349982518966818,
              51.068809939234654
            ],
            [
              -2.33002048916773,
              51.0413519322568
            ],
            [
              -2.381355257190634,
              51.00492995906444
            ],
            [
              -2.376936247467928,
              50.99077246729809
            ],
            [
              -2.354909700262505,
              50.99088643131016
            ],
            [
              -2.3445617986568656,
              50.97883177156858
            ],
            [
              -2.4149371953786267,
              50.96059131491545
            ],
            [
              -2.4279937651350068,
              50.971388957896906
            ],
            [
              -2.4471866449775153,
              50.9678549969931
            ],
            [
              -2.4428791907119396,
              50.95967038906744
            ],
            [
              -2.45620500247422,
              50.94934981149463
            ],
            [
              -2.4903461357382315,
              50.9727804303986
            ],
            [
              -2.502352107624589,
              50.993843408958426
            ],
            [
              -2.526425312655504,
              50.99191196196248
            ],
            [
              -2.54744613947404,
              50.99954874216421
            ],
            [
              -2.5454239505681926,
              50.98508953743922
            ],
            [
              -2.5562133688035646,
              50.97954433226943
            ],
            [
              -2.574634644158145,
              50.98670299763903
            ],
            [
              -2.586036507267604,
              50.976871653389686
            ],
            [
              -2.5958508221305907,
              50.98134516091134
            ],
            [
              -2.60339301807816,
              50.97635164585672
            ],
            [
              -2.598207535286889,
              50.948582823691964
            ],
            [
              -2.6160950792698054,
              50.9405854767953
            ],
            [
              -2.604045338323667,
              50.926728131166755
            ],
            [
              -2.6240686603828753,
              50.9078735159385
            ],
            [
              -2.6095759209517526,
              50.89156576319514
            ],
            [
              -2.6161130797575898,
              50.88163967179047
            ],
            [
              -2.6606118488260027,
              50.887115552280434
            ],
            [
              -2.71439036419574,
              50.871151733450155
            ],
            [
              -2.7145637236282476,
              50.863902649729454
            ],
            [
              -2.75751096465525,
              50.86691408789685
            ],
            [
              -2.792300782706111,
              50.852825451544916
            ],
            [
              -2.811435744314175,
              50.863422183659054
            ],
            [
              -2.8289642056855526,
              50.84866795054885
            ],
            [
              -2.886246778633315,
              50.850603041344016
            ],
            [
              -2.930162735210484,
              50.84093579992599
            ],
            [
              -2.954330298696893,
              50.82118140944071
            ],
            [
              -2.9698329592922557,
              50.8341919939638
            ],
            [
              -2.9735899195311397,
              50.85572529314896
            ],
            [
              -3.036808185896969,
              50.85107104306764
            ],
            [
              -3.0326380059521543,
              50.86164752940983
            ],
            [
              -3.0547843960850405,
              50.874623839358954
            ],
            [
              -3.0524299367832146,
              50.908268849580416
            ],
            [
              -3.126346758316814,
              50.90172479367985
            ],
            [
              -3.144183344443971,
              50.8914074902668
            ],
            [
              -3.1878623762859664,
              50.91043153402335
            ],
            [
              -3.1664775665247524,
              50.947724190440105
            ],
            [
              -3.2548211547381967,
              50.941853246835365
            ],
            [
              -3.2938491365946625,
              50.95515029658597
            ],
            [
              -3.33366672261166,
              50.982795798292734
            ],
            [
              -3.378656920852663,
              50.9775162116415
            ],
            [
              -3.3804852352162116,
              51.01849269945173
            ],
            [
              -3.4141695100984433,
              51.01970851480421
            ],
            [
              -3.421294895846532,
              51.03078207798083
            ],
            [
              -3.4601813991762453,
              51.02522162887858
            ],
            [
              -3.4833570666986136,
              51.0338325658472
            ],
            [
              -3.504259282777058,
              51.030121070398984
            ],
            [
              -3.5204206496673898,
              51.025874081995646
            ],
            [
              -3.5188749808025377,
              51.01479699569092
            ],
            [
              -3.535034443508192,
              51.00335365362348
            ],
            [
              -3.6031975851966314,
              51.007240242015854
            ],
            [
              -3.6146454788262083,
              51.01549997242728
            ],
            [
              -3.5944660930070733,
              51.055202049908246
            ],
            [
              -3.6467062727558752,
              51.05806572758587
            ],
            [
              -3.692392557787458,
              51.08059681166022
            ],
            [
              -3.7199406956388925,
              51.08081516303037
            ],
            [
              -3.8042759824803816,
              51.11568655952485
            ],
            [
              -3.834479626994401,
              51.138382487648165
            ],
            [
              -3.8391712557296294,
              51.17692462548422
            ],
            [
              -3.786300469424512,
              51.171925685535314
            ],
            [
              -3.724974736316411,
              51.179599891688156
            ],
            [
              -3.733188735573881,
              51.222724863380286
            ],
            [
              -3.7207868199558543,
              51.233087721581775
            ],
            [
              -3.6319723898936345,
              51.22361389043729
            ],
            [
              -3.621230401626299,
              51.21665002507875
            ],
            [
              -3.5787039976004693,
              51.23214134078158
            ],
            [
              -3.5421543910762168,
              51.23226004509278
            ],
            [
              -3.4957247589835894,
              51.22364537262571
            ],
            [
              -3.470398967157905,
              51.20815748909226
            ],
            [
              -3.4475883903813926,
              51.20890056594309
            ],
            [
              -3.400800509574393,
              51.182384672321625
            ],
            [
              -3.277361143223325,
              51.17957129154288
            ],
            [
              -3.1539366374558924,
              51.20877511101674
            ],
            [
              -3.1254971524517763,
              51.211363149796135
            ],
            [
              -3.0763278304521404,
              51.20125987508928
            ],
            [
              -3.0547644776969434,
              51.20594338980258
            ],
            [
              -3.0192544393091976,
              51.218478532486735
            ],
            [
              -3.032551456956966,
              51.1945775072534
            ],
            [
              -3.0226572505681673,
              51.19628301517052
            ],
            [
              -3.0022633402517878,
              51.22596292302876
            ],
            [
              -2.9989378401047517,
              51.223176804471045
            ],
            [
              -2.984287171403919,
              51.22043244684836
            ],
            [
              -2.999091514793009,
              51.22498292137447
            ],
            [
              -3.0005122085406586,
              51.2416242827607
            ],
            [
              -3.021541048592223,
              51.265478648845885
            ],
            [
              -3.0120695402343314,
              51.32103310688149
            ],
            [
              -3.0354720127168804,
              51.328534714738446
            ],
            [
              -2.994275683031007,
              51.321068632812924
            ],
            [
              -2.989867561197985,
              51.31628624368772
            ],
            [
              -2.986356226540714,
              51.31246727807814
            ],
            [
              -2.9931680769099933,
              51.3010167691082
            ],
            [
              -2.982974910977139,
              51.312019131795005
            ],
            [
              -2.989620908644297,
              51.31749326146671
            ],
            [
              -2.982792975273444,
              51.34914868430568
            ],
            [
              -2.9945838573159556,
              51.356530497811335
            ],
            [
              -2.967504810265302,
              51.36367209340136
            ],
            [
              -2.962207339060762,
              51.374766822377445
            ],
            [
              -2.9630540220112116,
              51.382933530129066
            ],
            [
              -2.9808321405298517,
              51.388432988861375
            ],
            [
              -2.9397565339367926,
              51.398166150388974
            ],
            [
              -2.939279543540816,
              51.39102141998939
            ],
            [
              -2.917315045824598,
              51.39587120477473
            ],
            [
              -2.890460286401985,
              51.38750010566844
            ],
            [
              -2.9127947943897317,
              51.39624819394152
            ],
            [
              -2.852773473641472,
              51.45286314209148
            ],
            [
              -2.7998739675607727,
              51.48520151122872
            ],
            [
              -2.7557448096464983,
              51.4937845142914
            ],
            [
              -2.732590517276258,
              51.492492775902655
            ],
            [
              -2.730528646292726,
              51.50227054936161
            ],
            [
              -2.716484502245785,
              51.5006128111164
            ],
            [
              -2.6846180903798613,
              51.48049108163006
            ],
            [
              -2.708819760133653,
              51.49780005001165
            ],
            [
              -2.71821806412535,
              51.50824508074921
            ],
            [
              -2.6738105155789866,
              51.54442989290183
            ],
            [
              -2.6634488448532365,
              51.57362143178878
            ],
            [
              -2.6277873898389372,
              51.605647348043405
            ],
            [
              -2.5754656946810877,
              51.63138810242757
            ],
            [
              -2.5691076764728917,
              51.6555428687741
            ],
            [
              -2.534800452991955,
              51.67728323153719
            ],
            [
              -2.4896494667805618,
              51.66395726111592
            ]
          ]
        ]
      },
      "properties": {
        "name": "Avon and Somerset",
        "color": "hsl(194, 70%, 60%)"
      }
    },
    {
      "type": "Feature",
      "id": 37,
      "geometry": {
        "type": "Polygon",
        "coordinates": [
          [
            [
              -1.7676683894404344,
              52.11257539518505
            ],
            [
              -1.746036216895287,
              52.092949368568796
            ],
            [
              -1.7285793572332453,
              52.10010293835106
            ],
            [
              -1.73069628914043,
              52.07338777433123
            ],
            [
              -1.7129693512100992,
              52.06656702986552
            ],
            [
              -1.7017536368567232,
              52.07279665958457
            ],
            [
              -1.7051663772516554,
              52.059687927456224
            ],
            [
              -1.6886518755167879,
              52.051814621348235
            ],
            [
              -1.6940003016538816,
              52.0395114298781
            ],
            [
              -1.6638835742204552,
              52.03126585983832
            ],
            [
              -1.624433851762372,
              52.03896864538717
            ],
            [
              -1.6175561661041409,
              52.033426247402815
            ],
            [
              -1.666194399050843,
              51.996909938954786
            ],
            [
              -1.6657693637969306,
              51.98747744532712
            ],
            [
              -1.6625527281113466,
              51.963993379954104
            ],
            [
              -1.6325077373776902,
              51.955640925931995
            ],
            [
              -1.615213870352431,
              51.93766698195383
            ],
            [
              -1.6455470182201457,
              51.92227996283507
            ],
            [
              -1.6330696852911881,
              51.89921610973562
            ],
            [
              -1.6586689846549492,
              51.89654190794584
            ],
            [
              -1.6671260035140478,
              51.87699292907893
            ],
            [
              -1.686889038780598,
              51.86549382733937
            ],
            [
              -1.6764109514435517,
              51.85029775784619
            ],
            [
              -1.686480177820541,
              51.83444696803098
            ],
            [
              -1.6819489239553171,
              51.803982275549586
            ],
            [
              -1.7195097084831075,
              51.78320065348017
            ],
            [
              -1.700719082649561,
              51.77057583657969
            ],
            [
              -1.687047632319528,
              51.73988059179225
            ],
            [
              -1.6958901432200044,
              51.723530940373095
            ],
            [
              -1.6880212272487727,
              51.712037600443686
            ],
            [
              -1.6482766109367841,
              51.684079643480054
            ],
            [
              -1.668481276883031,
              51.68043400377596
            ],
            [
              -1.6830797055949864,
              51.6901038703555
            ],
            [
              -1.6968533477711347,
              51.69203735229092
            ],
            [
              -1.7110730688770062,
              51.671789005632036
            ],
            [
              -1.727571182618563,
              51.6672069266149
            ],
            [
              -1.7538126878378346,
              51.6622117703789
            ],
            [
              -1.7886331671253968,
              51.66699996260256
            ],
            [
              -1.8119652785385005,
              51.70313924044319
            ],
            [
              -1.8231941140094012,
              51.673476771698915
            ],
            [
              -1.8158756283163253,
              51.66304471515569
            ],
            [
              -1.8505098681514995,
              51.65627853106034
            ],
            [
              -1.873898531269963,
              51.68258725499133
            ],
            [
              -1.8990290049477498,
              51.67968039957898
            ],
            [
              -1.876615041572984,
              51.65158844360591
            ],
            [
              -1.920921710547003,
              51.657237131218075
            ],
            [
              -1.9420829692538493,
              51.67041259338268
            ],
            [
              -1.963074139846005,
              51.65865156038556
            ],
            [
              -1.9505350085899085,
              51.63696009471717
            ],
            [
              -1.977338293577403,
              51.63808322444105
            ],
            [
              -1.9953270883498375,
              51.65135637755769
            ],
            [
              -2.0156058736114866,
              51.65051024538615
            ],
            [
              -2.0571883170658003,
              51.672435898890186
            ],
            [
              -2.1525559346320655,
              51.5903413402652
            ],
            [
              -2.1795005514713726,
              51.60004082086966
            ],
            [
              -2.190023066766263,
              51.59249851360171
            ],
            [
              -2.2065672952666975,
              51.595950201881365
            ],
            [
              -2.2074386061350495,
              51.603402471846394
            ],
            [
              -2.241873012638725,
              51.592106384328176
            ],
            [
              -2.245135495252347,
              51.58140890154312
            ],
            [
              -2.2725765637300235,
              51.577589977981035
            ],
            [
              -2.282755985995742,
              51.57851897570273
            ],
            [
              -2.291656123926476,
              51.59369258596106
            ],
            [
              -2.3310795772491537,
              51.59160090400571
            ],
            [
              -2.365590518729752,
              51.60373570832929
            ],
            [
              -2.370579880725665,
              51.5976149345423
            ],
            [
              -2.3946732250981784,
              51.59736555458532
            ],
            [
              -2.3889254026843223,
              51.627541686826575
            ],
            [
              -2.4004774417093877,
              51.635145463203955
            ],
            [
              -2.38599692720281,
              51.63994136860737
            ],
            [
              -2.442996615709567,
              51.652489808994176
            ],
            [
              -2.4906861564735645,
              51.6448284368613
            ],
            [
              -2.4896494667805618,
              51.66395726111592
            ],
            [
              -2.534800452991955,
              51.67728323153719
            ],
            [
              -2.5462309043091595,
              51.68371334142953
            ],
            [
              -2.566551575358736,
              51.695134905761975
            ],
            [
              -2.6100155724308407,
              51.6726547906478
            ],
            [
              -2.648874125245089,
              51.63128408423453
            ],
            [
              -2.6515832334639025,
              51.609617764553384
            ],
            [
              -2.660176876175675,
              51.62960262262325
            ],
            [
              -2.6632984701837423,
              51.63560926438749
            ],
            [
              -2.6663541553496035,
              51.64396294367781
            ],
            [
              -2.68102153942255,
              51.646765026535526
            ],
            [
              -2.666752318173895,
              51.664200247224514
            ],
            [
              -2.6857631857285855,
              51.66215763563151
            ],
            [
              -2.6871509727474625,
              51.66310260804302
            ],
            [
              -2.65759540343108,
              51.67385462681239
            ],
            [
              -2.670691916923757,
              51.68717764804258
            ],
            [
              -2.6843546383717305,
              51.70107134189374
            ],
            [
              -2.683444182452636,
              51.70114857252535
            ],
            [
              -2.6818400252572068,
              51.701283772161915
            ],
            [
              -2.6803802785893245,
              51.70140013100283
            ],
            [
              -2.6693962922825216,
              51.70230841324954
            ],
            [
              -2.6710985872274944,
              51.704888193368035
            ],
            [
              -2.6879392594659186,
              51.730370972468705
            ],
            [
              -2.669530163921147,
              51.742723375984625
            ],
            [
              -2.666956907672155,
              51.746981867555704
            ],
            [
              -2.662700133106052,
              51.754028088650834
            ],
            [
              -2.6804534636334747,
              51.76892398052178
            ],
            [
              -2.6698150196568147,
              51.794268261769105
            ],
            [
              -2.678611209471983,
              51.8026065640405
            ],
            [
              -2.6595419769141317,
              51.81067222643433
            ],
            [
              -2.6608791143249144,
              51.82274877864808
            ],
            [
              -2.650408532820194,
              51.82611587905524
            ],
            [
              -2.636718155781499,
              51.84308503391977
            ],
            [
              -2.625469367170336,
              51.83895555360865
            ],
            [
              -2.6012282527904613,
              51.85620990716703
            ],
            [
              -2.582818409483043,
              51.84956827896218
            ],
            [
              -2.5806513078465967,
              51.86166293365102
            ],
            [
              -2.531630469212301,
              51.86076181614157
            ],
            [
              -2.5086282233414217,
              51.88515712836031
            ],
            [
              -2.487800204812613,
              51.880408189090986
            ],
            [
              -2.439371217711871,
              51.89738506938121
            ],
            [
              -2.448186594130259,
              51.91866025778462
            ],
            [
              -2.4660507606409676,
              51.92796836461214
            ],
            [
              -2.465496479026726,
              51.95168843863915
            ],
            [
              -2.5009100223488403,
              51.96059686757564
            ],
            [
              -2.492245685302517,
              51.964121852967025
            ],
            [
              -2.494921278812175,
              51.98106731606686
            ],
            [
              -2.4709967790339507,
              51.9947235401264
            ],
            [
              -2.491995004466793,
              52.007656329998454
            ],
            [
              -2.478939933176548,
              52.022517896386425
            ],
            [
              -2.464082620520227,
              52.023260659272296
            ],
            [
              -2.463261589276272,
              52.014327099573656
            ],
            [
              -2.4365576958600657,
              52.014788724303315
            ],
            [
              -2.4373036681163307,
              51.99715510131046
            ],
            [
              -2.4131989182820845,
              51.994077390776916
            ],
            [
              -2.399031671738695,
              51.9961401734387
            ],
            [
              -2.3929014178452728,
              52.01294649123111
            ],
            [
              -2.3513834310142165,
              52.02134911514071
            ],
            [
              -2.3525605785759813,
              52.01352368197966
            ],
            [
              -2.3247169311397338,
              52.00356110387985
            ],
            [
              -2.3265540841230625,
              51.97578361438454
            ],
            [
              -2.312626750559564,
              51.9764957234976
            ],
            [
              -2.3004489034296784,
              51.966763454310424
            ],
            [
              -2.2705652427989906,
              51.96893077133766
            ],
            [
              -2.2513670461802167,
              51.96655481019083
            ],
            [
              -2.2206229802400337,
              51.99548570105078
            ],
            [
              -2.185093955341849,
              51.99054807112739
            ],
            [
              -2.1807615761326984,
              51.99960844888668
            ],
            [
              -2.1646388282937674,
              51.996134711239286
            ],
            [
              -2.1877036856396095,
              52.01907142378602
            ],
            [
              -2.176919344061335,
              52.02254952667627
            ],
            [
              -2.180698374888847,
              52.04172085636789
            ],
            [
              -2.171389753912673,
              52.0475606994657
            ],
            [
              -2.118400438337689,
              52.04209664545245
            ],
            [
              -2.117240940161833,
              52.033601650690926
            ],
            [
              -2.139409337765303,
              52.02787742110101
            ],
            [
              -2.1496729257246128,
              52.01124107380264
            ],
            [
              -2.1407046329209773,
              51.999456344036176
            ],
            [
              -2.1122097751774853,
              52.015337530870134
            ],
            [
              -2.0848943178943053,
              52.01046946919788
            ],
            [
              -2.060802084274003,
              52.014674036278485
            ],
            [
              -2.0495267151963823,
              52.003782618344694
            ],
            [
              -2.038368833385339,
              52.004586958985534
            ],
            [
              -1.9841519653352122,
              52.03587068970601
            ],
            [
              -1.9514083389971117,
              52.03771382825987
            ],
            [
              -1.9317393437465098,
              52.02994516321826
            ],
            [
              -1.9134624808488832,
              52.04445305076149
            ],
            [
              -1.8390617852323827,
              52.00676703341234
            ],
            [
              -1.8250404109335803,
              52.03092297690497
            ],
            [
              -1.8345989510963168,
              52.0437214736398
            ],
            [
              -1.8634676954966471,
              52.05340537923863
            ],
            [
              -1.8744172598669826,
              52.06997824119204
            ],
            [
              -1.846636993207949,
              52.07940348433527
            ],
            [
              -1.831763562822095,
              52.07275714311698
            ],
            [
              -1.8189610781539685,
              52.08538793376272
            ],
            [
              -1.8127572878040348,
              52.07873420930559
            ],
            [
              -1.8023023102042244,
              52.09692305303263
            ],
            [
              -1.7676683894404344,
              52.11257539518505
            ]
          ]
        ]
      },
      "properties": {
        "name": "Gloucestershire",
        "color": "hsl(230, 70%, 60%)"
      }
    },
    {
      "type": "Feature",
      "id": 38,
      "geometry": {
        "type": "Polygon",
        "coordinates": [
          [
            [
              -1.7886331671253968,
              51.66699996260256
            ],
            [
              -1.7538126878378346,
              51.6622117703789
            ],
            [
              -1.727571182618563,
              51.6672069266149
            ],
            [
              -1.7110730688770062,
              51.671789005632036
            ],
            [
              -1.6968533477711347,
              51.69203735229092
            ],
            [
              -1.6830797055949864,
              51.6901038703555
            ],
            [
              -1.7002056148842677,
              51.67073677950685
            ],
            [
              -1.6919589987886228,
              51.652157519872546
            ],
            [
              -1.6599697077300595,
              51.63498585242277
            ],
            [
              -1.673754284792586,
              51.62285073212106
            ],
            [
              -1.6670277467593275,
              51.616259203642244
            ],
            [
              -1.6906432690917685,
              51.605444286209526
            ],
            [
              -1.6911383927398647,
              51.583524684558434
            ],
            [
              -1.6765603341520512,
              51.569440896695994
            ],
            [
              -1.6550667162227621,
              51.57650088855934
            ],
            [
              -1.647713532338867,
              51.571947394080446
            ],
            [
              -1.6028303789837821,
              51.51829604545751
            ],
            [
              -1.5847263942651535,
              51.52491404139213
            ],
            [
              -1.5823125542645688,
              51.49410957838741
            ],
            [
              -1.5240133926031503,
              51.447481984511285
            ],
            [
              -1.5266310988820186,
              51.42392551647142
            ],
            [
              -1.5651360601366322,
              51.422042545107345
            ],
            [
              -1.5710787091661527,
              51.4155724687842
            ],
            [
              -1.5530141450129047,
              51.410047049732015
            ],
            [
              -1.5556272924060557,
              51.39558039032184
            ],
            [
              -1.4954718306462362,
              51.369665537359154
            ],
            [
              -1.5006309343863358,
              51.356271943798454
            ],
            [
              -1.485733999759717,
              51.34768331246073
            ],
            [
              -1.4983251223287959,
              51.32937666785838
            ],
            [
              -1.5275257346710205,
              51.338462882349944
            ],
            [
              -1.5335796300817395,
              51.31622345440343
            ],
            [
              -1.519528782134156,
              51.29594403654968
            ],
            [
              -1.5228335445842485,
              51.28705561236642
            ],
            [
              -1.5426080033525231,
              51.281253834691825
            ],
            [
              -1.5405318803190935,
              51.260834140928765
            ],
            [
              -1.529843949825871,
              51.260512964759954
            ],
            [
              -1.5360552530845029,
              51.24853354546212
            ],
            [
              -1.5451727831595827,
              51.24509844027496
            ],
            [
              -1.577654752510578,
              51.25563274264396
            ],
            [
              -1.607441978872886,
              51.252769073450914
            ],
            [
              -1.6335568102042561,
              51.21751550017527
            ],
            [
              -1.689715243571346,
              51.21482738522425
            ],
            [
              -1.6941103404807827,
              51.20404862470637
            ],
            [
              -1.668855916237062,
              51.19077070799014
            ],
            [
              -1.6723911507547133,
              51.17854256958237
            ],
            [
              -1.6540601490988314,
              51.156288537989006
            ],
            [
              -1.662994194505041,
              51.12719835350913
            ],
            [
              -1.6262628245770587,
              51.117339341561994
            ],
            [
              -1.6373320224300631,
              51.09216929567382
            ],
            [
              -1.6277500471399187,
              51.07801252812745
            ],
            [
              -1.6349534220123847,
              51.0405648117015
            ],
            [
              -1.6323904780347904,
              51.032787503440034
            ],
            [
              -1.599411745997163,
              51.02373185863008
            ],
            [
              -1.5973511966386897,
              51.0097598035044
            ],
            [
              -1.6289091426641902,
              50.99903757684738
            ],
            [
              -1.6196632810900022,
              50.98300157203462
            ],
            [
              -1.6029485238223429,
              50.97853074491101
            ],
            [
              -1.619762959136489,
              50.9585697555968
            ],
            [
              -1.634978240473646,
              50.959247750084636
            ],
            [
              -1.661676819103392,
              50.94528207791251
            ],
            [
              -1.719633693394637,
              50.97678277525987
            ],
            [
              -1.7544109345974594,
              50.9778951550758
            ],
            [
              -1.8003328103727816,
              50.991399109855514
            ],
            [
              -1.8154432643838334,
              50.985929673684225
            ],
            [
              -1.835832683941833,
              51.00942985844554
            ],
            [
              -1.853393876446818,
              51.00468731752034
            ],
            [
              -1.8740002877814652,
              50.98444281185735
            ],
            [
              -1.874496959215864,
              51.00633947084733
            ],
            [
              -1.886756571204963,
              50.999535873116635
            ],
            [
              -1.927886736147848,
              50.997698085828354
            ],
            [
              -1.949948050800095,
              50.982314868410306
            ],
            [
              -1.9568358732415116,
              50.98983514038808
            ],
            [
              -1.9852187920737268,
              50.98476153611237
            ],
            [
              -1.9940524793626453,
              50.97573407777699
            ],
            [
              -2.0365802946465186,
              50.972185517678966
            ],
            [
              -2.0683238716691745,
              50.95120120667492
            ],
            [
              -2.1018072165757515,
              50.94499008286067
            ],
            [
              -2.1206816957218555,
              50.96154492644176
            ],
            [
              -2.119784844991211,
              50.9781995666116
            ],
            [
              -2.1725730024081744,
              51.001081730073835
            ],
            [
              -2.193218534551107,
              51.037719662213085
            ],
            [
              -2.242284673101786,
              51.0711869898846
            ],
            [
              -2.268632119764363,
              51.06874647886735
            ],
            [
              -2.325867967373935,
              51.0796792374303
            ],
            [
              -2.362541579969123,
              51.10162894560449
            ],
            [
              -2.3645340933585386,
              51.11888758991681
            ],
            [
              -2.3445463539760096,
              51.124685147591
            ],
            [
              -2.346318976898963,
              51.130515766670506
            ],
            [
              -2.298376838404952,
              51.17543721245763
            ],
            [
              -2.245351032928926,
              51.253880102000416
            ],
            [
              -2.253501700628664,
              51.28983906296742
            ],
            [
              -2.2652689190097552,
              51.29622414703508
            ],
            [
              -2.280684411299924,
              51.29346368736267
            ],
            [
              -2.2850716624492247,
              51.30945848080889
            ],
            [
              -2.2719586966990186,
              51.31425531354797
            ],
            [
              -2.273100426097609,
              51.322884751585136
            ],
            [
              -2.289102074433224,
              51.32527411501554
            ],
            [
              -2.300936676187029,
              51.33322897830948
            ],
            [
              -2.2964186875781056,
              51.34266384435151
            ],
            [
              -2.3443491621362207,
              51.3455629497616
            ],
            [
              -2.292067480269225,
              51.36956898446979
            ],
            [
              -2.296799477986852,
              51.3948866310593
            ],
            [
              -2.281822657975723,
              51.39722547313098
            ],
            [
              -2.2908745731221476,
              51.40570944435413
            ],
            [
              -2.2785582301042493,
              51.415881922633794
            ],
            [
              -2.294631624702938,
              51.42879952369395
            ],
            [
              -2.2851323336996328,
              51.45784782536936
            ],
            [
              -2.295759144006502,
              51.458594770273926
            ],
            [
              -2.2904824349700683,
              51.48665255106127
            ],
            [
              -2.3114278413176677,
              51.48737206255282
            ],
            [
              -2.324332189784728,
              51.497506475139126
            ],
            [
              -2.2523954821419134,
              51.5268696625329
            ],
            [
              -2.266519088339106,
              51.53626144602464
            ],
            [
              -2.260309798727635,
              51.5699032354099
            ],
            [
              -2.2725765637300235,
              51.577589977981035
            ],
            [
              -2.245135495252347,
              51.58140890154312
            ],
            [
              -2.241873012638725,
              51.592106384328176
            ],
            [
              -2.2074386061350495,
              51.603402471846394
            ],
            [
              -2.2065672952666975,
              51.595950201881365
            ],
            [
              -2.190023066766263,
              51.59249851360171
            ],
            [
              -2.1795005514713726,
              51.60004082086966
            ],
            [
              -2.1525559346320655,
              51.5903413402652
            ],
            [
              -2.0571883170658003,
              51.672435898890186
            ],
            [
              -2.0156058736114866,
              51.65051024538615
            ],
            [
              -1.9953270883498375,
              51.65135637755769
            ],
            [
              -1.977338293577403,
              51.63808322444105
            ],
            [
              -1.9505350085899085,
              51.63696009471717
            ],
            [
              -1.963074139846005,
              51.65865156038556
            ],
            [
              -1.9420829692538493,
              51.67041259338268
            ],
            [
              -1.920921710547003,
              51.657237131218075
            ],
            [
              -1.876615041572984,
              51.65158844360591
            ],
            [
              -1.8990290049477498,
              51.67968039957898
            ],
            [
              -1.873898531269963,
              51.68258725499133
            ],
            [
              -1.8505098681514995,
              51.65627853106034
            ],
            [
              -1.8158756283163253,
              51.66304471515569
            ],
            [
              -1.8231941140094012,
              51.673476771698915
            ],
            [
              -1.8119652785385005,
              51.70313924044319
            ],
            [
              -1.7886331671253968,
              51.66699996260256
            ]
          ]
        ]
      },
      "properties": {
        "name": "Wiltshire",
        "color": "hsl(254, 70%, 60%)"
      }
    },
    {
      "type": "Feature",
      "id": 39,
      "geometry": {
        "type": "MultiPolygon",
        "coordinates": [
          [
            [
              [
                -1.9616005615028815,
                50.686295359263354
              ],
              [
                -1.9880557208339902,
                50.692461067264446
              ],
              [
                -1.9652747478976347,
                50.69483059784129
              ],
              [
                -1.9562586834685889,
                50.69196788663825
              ],
              [
                -1.9616005615028815,
                50.686295359263354
              ]
            ]
          ],
          [
            [
              [
                -2.4567378426555333,
                50.513093369213315
              ],
              [
                -2.4503135678893075,
                50.56123099196889
              ],
              [
                -2.53113295024267,
                50.61206930905794
              ],
              [
                -2.6374259573340644,
                50.66400979590967
              ],
              [
                -2.7933554787848482,
                50.71812500341497
              ],
              [
                -2.9117568730886334,
                50.73379704467239
              ],
              [
                -2.94771880807151,
                50.718249314847455
              ],
              [
                -2.9530691234307542,
                50.728511573819354
              ],
              [
                -2.935063902797017,
                50.75427807136089
              ],
              [
                -2.9543337355379524,
                50.76771915627733
              ],
              [
                -2.886652435500329,
                50.79481806825997
              ],
              [
                -2.8928017016818646,
                50.80478910451261
              ],
              [
                -2.9612991197106067,
                50.81556666275845
              ],
              [
                -2.954330298696893,
                50.82118140944071
              ],
              [
                -2.930162735210484,
                50.84093579992599
              ],
              [
                -2.886246778633315,
                50.850603041344016
              ],
              [
                -2.8289642056855526,
                50.84866795054885
              ],
              [
                -2.811435744314175,
                50.863422183659054
              ],
              [
                -2.792300782706111,
                50.852825451544916
              ],
              [
                -2.75751096465525,
                50.86691408789685
              ],
              [
                -2.7145637236282476,
                50.863902649729454
              ],
              [
                -2.71439036419574,
                50.871151733450155
              ],
              [
                -2.6606118488260027,
                50.887115552280434
              ],
              [
                -2.6161130797575898,
                50.88163967179047
              ],
              [
                -2.6095759209517526,
                50.89156576319514
              ],
              [
                -2.6240686603828753,
                50.9078735159385
              ],
              [
                -2.604045338323667,
                50.926728131166755
              ],
              [
                -2.6160950792698054,
                50.9405854767953
              ],
              [
                -2.598207535286889,
                50.948582823691964
              ],
              [
                -2.60339301807816,
                50.97635164585672
              ],
              [
                -2.5958508221305907,
                50.98134516091134
              ],
              [
                -2.586036507267604,
                50.976871653389686
              ],
              [
                -2.574634644158145,
                50.98670299763903
              ],
              [
                -2.5562133688035646,
                50.97954433226943
              ],
              [
                -2.5454239505681926,
                50.98508953743922
              ],
              [
                -2.54744613947404,
                50.99954874216421
              ],
              [
                -2.526425312655504,
                50.99191196196248
              ],
              [
                -2.502352107624589,
                50.993843408958426
              ],
              [
                -2.4903461357382315,
                50.9727804303986
              ],
              [
                -2.45620500247422,
                50.94934981149463
              ],
              [
                -2.4428791907119396,
                50.95967038906744
              ],
              [
                -2.4471866449775153,
                50.9678549969931
              ],
              [
                -2.4279937651350068,
                50.971388957896906
              ],
              [
                -2.4149371953786267,
                50.96059131491545
              ],
              [
                -2.3445617986568656,
                50.97883177156858
              ],
              [
                -2.354909700262505,
                50.99088643131016
              ],
              [
                -2.376936247467928,
                50.99077246729809
              ],
              [
                -2.381355257190634,
                51.00492995906444
              ],
              [
                -2.33002048916773,
                51.0413519322568
              ],
              [
                -2.349982518966818,
                51.068809939234654
              ],
              [
                -2.325867967373935,
                51.0796792374303
              ],
              [
                -2.268632119764363,
                51.06874647886735
              ],
              [
                -2.242284673101786,
                51.0711869898846
              ],
              [
                -2.193218534551107,
                51.037719662213085
              ],
              [
                -2.1725730024081744,
                51.001081730073835
              ],
              [
                -2.119784844991211,
                50.9781995666116
              ],
              [
                -2.1206816957218555,
                50.96154492644176
              ],
              [
                -2.1018072165757515,
                50.94499008286067
              ],
              [
                -2.0683238716691745,
                50.95120120667492
              ],
              [
                -2.0365802946465186,
                50.972185517678966
              ],
              [
                -1.9940524793626453,
                50.97573407777699
              ],
              [
                -1.9852187920737268,
                50.98476153611237
              ],
              [
                -1.9568358732415116,
                50.98983514038808
              ],
              [
                -1.955479094283029,
                50.97827058314476
              ],
              [
                -1.9208517122182245,
                50.96140972619334
              ],
              [
                -1.8736551416370977,
                50.91723385899543
              ],
              [
                -1.8418549633242678,
                50.93168183401325
              ],
              [
                -1.8106669216719367,
                50.927211214853756
              ],
              [
                -1.8165634695801083,
                50.90395734328381
              ],
              [
                -1.8485645905033887,
                50.88989413446668
              ],
              [
                -1.8535522221748892,
                50.8634627389596
              ],
              [
                -1.8300231912161276,
                50.85528368981009
              ],
              [
                -1.8071173864281338,
                50.863323331589505
              ],
              [
                -1.8024858529723484,
                50.842965617656255
              ],
              [
                -1.790627738532743,
                50.83631748299311
              ],
              [
                -1.8034193632484223,
                50.83035071486081
              ],
              [
                -1.8119122912560017,
                50.808647756507504
              ],
              [
                -1.8039181301687104,
                50.79597308480314
              ],
              [
                -1.7855161946431064,
                50.764763407077965
              ],
              [
                -1.7488549928584953,
                50.779501076920816
              ],
              [
                -1.7389740434382415,
                50.76328370086111
              ],
              [
                -1.7441787187955233,
                50.747468193617955
              ],
              [
                -1.681840076182539,
                50.75185611650193
              ],
              [
                -1.6925519614488083,
                50.737406660152594
              ],
              [
                -1.7244705862653418,
                50.734033239589216
              ],
              [
                -1.7423539068043012,
                50.72353469621095
              ],
              [
                -1.7573318263023712,
                50.73106671149385
              ],
              [
                -1.7618212135485622,
                50.72310845445254
              ],
              [
                -1.7612803844534477,
                50.71801748878914
              ],
              [
                -1.7461372335761443,
                50.71551252067188
              ],
              [
                -1.7395013391785006,
                50.724445613755854
              ],
              [
                -1.7487530039838528,
                50.711075791907106
              ],
              [
                -1.8041921259967664,
                50.72006681881888
              ],
              [
                -1.8668837313136362,
                50.71712467169511
              ],
              [
                -1.9127870647719263,
                50.704434367802826
              ],
              [
                -1.9468828949851427,
                50.682656529776835
              ],
              [
                -1.9340076076706398,
                50.69916058919425
              ],
              [
                -1.9522823732179608,
                50.70414245297065
              ],
              [
                -1.9582056544584485,
                50.71561939197924
              ],
              [
                -1.992143940217261,
                50.71269498264989
              ],
              [
                -1.9843093631354485,
                50.71931280703615
              ],
              [
                -1.9950174030385928,
                50.729871136966246
              ],
              [
                -1.9898301169200077,
                50.737253768914336
              ],
              [
                -2.0115100767306857,
                50.73128251165913
              ],
              [
                -1.9884768434839646,
                50.70749690744183
              ],
              [
                -2.040758560109115,
                50.71905490827762
              ],
              [
                -2.02751994494933,
                50.72925647473591
              ],
              [
                -2.053830512881702,
                50.72900447860904
              ],
              [
                -2.041827135342045,
                50.72594291260012
              ],
              [
                -2.0427375759923656,
                50.714530882138824
              ],
              [
                -2.067525439106313,
                50.7150856844744
              ],
              [
                -2.071919508610787,
                50.70792487631936
              ],
              [
                -2.057683791147314,
                50.70560369031721
              ],
              [
                -2.073743338673575,
                50.70597232151319
              ],
              [
                -2.0710974074898214,
                50.69813233208247
              ],
              [
                -2.079516218073691,
                50.6946826808462
              ],
              [
                -2.0793598249445453,
                50.69429610088078
              ],
              [
                -2.078984839697571,
                50.690213662793795
              ],
              [
                -2.07892706230789,
                50.689530255278285
              ],
              [
                -2.065814585250619,
                50.68700245650498
              ],
              [
                -2.0544624783863377,
                50.69985890719612
              ],
              [
                -2.026105020647856,
                50.70744057430087
              ],
              [
                -2.0184974115264738,
                50.70075146859991
              ],
              [
                -2.0347822872675154,
                50.70210563483858
              ],
              [
                -2.0247349444097456,
                50.687629942313656
              ],
              [
                -2.052993329947934,
                50.67789936257857
              ],
              [
                -2.0251720715773924,
                50.68447340235599
              ],
              [
                -2.026640543719557,
                50.67809722852458
              ],
              [
                -2.0471406219026846,
                50.670437903593644
              ],
              [
                -2.0290018068691964,
                50.67440064762247
              ],
              [
                -2.0270734640490593,
                50.66807021880356
              ],
              [
                -2.021660533655478,
                50.68210902245829
              ],
              [
                -2.0114271467866542,
                50.682721986929515
              ],
              [
                -2.010504412826572,
                50.67095058011008
              ],
              [
                -1.9998063268762178,
                50.67575318512226
              ],
              [
                -1.9932974005422452,
                50.66727283688642
              ],
              [
                -1.9783366481469509,
                50.67695621289677
              ],
              [
                -1.9835341051235424,
                50.66705604667462
              ],
              [
                -1.968115322376656,
                50.6604431807916
              ],
              [
                -1.970967779878074,
                50.66926581896149
              ],
              [
                -1.9498296301035427,
                50.68019382492762
              ],
              [
                -1.9411352115509288,
                50.67207831256784
              ],
              [
                -1.9498232718451587,
                50.646147232869126
              ],
              [
                -1.9237775223673022,
                50.642104354599645
              ],
              [
                -1.9566243321998393,
                50.617354985107305
              ],
              [
                -1.9559822803544102,
                50.60856874215925
              ],
              [
                -1.9439570086687936,
                50.60752940871963
              ],
              [
                -1.9513331774073626,
                50.59441214089745
              ],
              [
                -2.026363718413232,
                50.58901456012847
              ],
              [
                -2.0549690548279114,
                50.57650444575238
              ],
              [
                -2.063974192770946,
                50.59353236051824
              ],
              [
                -2.114578973380901,
                50.59907811747222
              ],
              [
                -2.1345543149878408,
                50.61266293315663
              ],
              [
                -2.146060103227433,
                50.60848538208786
              ],
              [
                -2.1579969821746148,
                50.61547522494376
              ],
              [
                -2.1874506770449957,
                50.61493693653643
              ],
              [
                -2.1985092492847285,
                50.622994182177685
              ],
              [
                -2.2446730486952617,
                50.616368563779595
              ],
              [
                -2.3948676909779123,
                50.63668479630952
              ],
              [
                -2.42278984352067,
                50.63604724605735
              ],
              [
                -2.439438802256211,
                50.62755033792137
              ],
              [
                -2.452528727488128,
                50.61410983039844
              ],
              [
                -2.4449364923515446,
                50.60937284367737
              ],
              [
                -2.4596755590955826,
                50.60780480638401
              ],
              [
                -2.444751758237185,
                50.609265634400444
              ],
              [
                -2.4414487470731796,
                50.609691871754464
              ],
              [
                -2.4509883594952573,
                50.60379195770216
              ],
              [
                -2.4323936236585526,
                50.5962454752114
              ],
              [
                -2.4503266465068223,
                50.60108765266611
              ],
              [
                -2.470410310729435,
                50.58315731300521
              ],
              [
                -2.497071518166714,
                50.59731836905925
              ],
              [
                -2.4956748937915645,
                50.602899932627615
              ],
              [
                -2.5175014767704207,
                50.61787712961841
              ],
              [
                -2.535149449034511,
                50.61852582192475
              ],
              [
                -2.560442507153433,
                50.63915349977388
              ],
              [
                -2.6115315696887142,
                50.65407654678318
              ],
              [
                -2.4972884697460107,
                50.59645412195399
              ],
              [
                -2.4695414030071725,
                50.58242339802658
              ],
              [
                -2.4605176046031763,
                50.57102039687919
              ],
              [
                -2.43770251083905,
                50.56998426372786
              ],
              [
                -2.4221916276768307,
                50.569277128733496
              ],
              [
                -2.418102921281043,
                50.54287052946321
              ],
              [
                -2.4567378426555333,
                50.513093369213315
              ]
            ]
          ]
        ]
      },
      "properties": {
        "name": "Dorset",
        "color": "hsl(311, 70%, 60%)"
      }
    },
    {
      "type": "Feature",
      "id": 40,
      "geometry": {
        "type": "MultiPolygon",
        "coordinates": [
          [
            [
              [
                -3.1113526416407606,
                53.266343382898555
              ],
              [
                -3.107254465702554,
                53.2719548374544
              ],
              [
                -3.101733924701607,
                53.267205730113915
              ],
              [
                -3.1113526416407606,
                53.266343382898555
              ]
            ]
          ],
          [
            [
              [
                -4.597565930068249,
                53.2403312262044
              ],
              [
                -4.613244736543351,
                53.24649812739003
              ],
              [
                -4.608525336169011,
                53.255898688541855
              ],
              [
                -4.625583014391603,
                53.2692719402582
              ],
              [
                -4.617291505974307,
                53.279129106046454
              ],
              [
                -4.651603428036739,
                53.287892586284556
              ],
              [
                -4.667303518478143,
                53.28123021893221
              ],
              [
                -4.686549101033537,
                53.284052861291975
              ],
              [
                -4.677731788459381,
                53.29827807018403
              ],
              [
                -4.696705247379998,
                53.3073633767604
              ],
              [
                -4.682383696027581,
                53.32267533351414
              ],
              [
                -4.661933612775616,
                53.31887171821577
              ],
              [
                -4.619015878169508,
                53.330836631283034
              ],
              [
                -4.648195788690484,
                53.31865615166079
              ],
              [
                -4.627711206447351,
                53.314451854012496
              ],
              [
                -4.6244986440193685,
                53.319350989385526
              ],
              [
                -4.631356123336767,
                53.3078077382316
              ],
              [
                -4.620801710622992,
                53.31268878207266
              ],
              [
                -4.611187663644616,
                53.302766475858434
              ],
              [
                -4.584988322513873,
                53.30116158506271
              ],
              [
                -4.583784834314113,
                53.290182298464345
              ],
              [
                -4.609892734581321,
                53.27932733015646
              ],
              [
                -4.598021952041133,
                53.28271569659247
              ],
              [
                -4.597364856686427,
                53.2743590528585
              ],
              [
                -4.576412809229212,
                53.272413176027705
              ],
              [
                -4.584513588047764,
                53.263237415542115
              ],
              [
                -4.5618394861646,
                53.263987798537535
              ],
              [
                -4.572688104482323,
                53.26159614698474
              ],
              [
                -4.556232878033865,
                53.24517249026015
              ],
              [
                -4.597565930068249,
                53.2403312262044
              ]
            ]
          ],
          [
            [
              [
                -3.0955011814347517,
                53.26211233495756
              ],
              [
                -3.112276311348559,
                53.26264917974143
              ],
              [
                -3.101733924701607,
                53.267205730113915
              ],
              [
                -3.0955011814347517,
                53.26211233495756
              ]
            ]
          ],
          [
            [
              [
                -4.328733846981236,
                53.1265879734507
              ],
              [
                -4.398681448483114,
                53.14496118957987
              ],
              [
                -4.415941503230218,
                53.134892616801125
              ],
              [
                -4.407573899140925,
                53.14433208776952
              ],
              [
                -4.419794871726764,
                53.163801906595104
              ],
              [
                -4.3895877320026955,
                53.16969885163465
              ],
              [
                -4.3850580323765,
                53.19134130326666
              ],
              [
                -4.385010186844851,
                53.19155804715379
              ],
              [
                -4.396870359827449,
                53.18786733536628
              ],
              [
                -4.443561089393661,
                53.15499956480377
              ],
              [
                -4.466143116378407,
                53.18335078939401
              ],
              [
                -4.4600971399415945,
                53.19460698055522
              ],
              [
                -4.46678907132969,
                53.184173592726864
              ],
              [
                -4.46673800785516,
                53.182241536141206
              ],
              [
                -4.486457193579611,
                53.17719186915075
              ],
              [
                -4.488318648858025,
                53.18659381571811
              ],
              [
                -4.504229521737376,
                53.187087442318315
              ],
              [
                -4.497346196800837,
                53.2072106174125
              ],
              [
                -4.5238943844357875,
                53.22648575529016
              ],
              [
                -4.523526203401039,
                53.23194227353756
              ],
              [
                -4.521820048709058,
                53.231978404861486
              ],
              [
                -4.512737535314237,
                53.23859908063841
              ],
              [
                -4.523152495598797,
                53.23756074566858
              ],
              [
                -4.523487833691031,
                53.23256348464111
              ],
              [
                -4.535901161080199,
                53.236966360821654
              ],
              [
                -4.5554809749026175,
                53.249657308884665
              ],
              [
                -4.5542281580749995,
                53.267621832901604
              ],
              [
                -4.560342426897908,
                53.264532479350514
              ],
              [
                -4.588617459979937,
                53.28126592376678
              ],
              [
                -4.576180609269915,
                53.28600409063822
              ],
              [
                -4.583511487050511,
                53.29037704153378
              ],
              [
                -4.574793442783276,
                53.287886276392285
              ],
              [
                -4.529721738534335,
                53.309495217901166
              ],
              [
                -4.563151068324774,
                53.299430262546444
              ],
              [
                -4.56237181382804,
                53.316737216152625
              ],
              [
                -4.582925832544262,
                53.32566262561534
              ],
              [
                -4.555133192443157,
                53.37371697582426
              ],
              [
                -4.574262102118118,
                53.40368696999042
              ],
              [
                -4.529792842285577,
                53.40604954181935
              ],
              [
                -4.510206508956236,
                53.41683877401666
              ],
              [
                -4.509482360344625,
                53.40940043776368
              ],
              [
                -4.491920486052335,
                53.4111710090525
              ],
              [
                -4.4781173544188615,
                53.42222058903626
              ],
              [
                -4.450216122788247,
                53.41287960420101
              ],
              [
                -4.450955480579349,
                53.422853323489164
              ],
              [
                -4.425202826283902,
                53.43000557150274
              ],
              [
                -4.402574731455722,
                53.4209058935258
              ],
              [
                -4.368207566539948,
                53.42404713654481
              ],
              [
                -4.356358915680258,
                53.414203003654215
              ],
              [
                -4.338792311741636,
                53.41959227764309
              ],
              [
                -4.334382162576728,
                53.41326824199289
              ],
              [
                -4.325284368026848,
                53.41834573892776
              ],
              [
                -4.293016699597507,
                53.411058198302584
              ],
              [
                -4.287318405329493,
                53.41702940558605
              ],
              [
                -4.269383201155125,
                53.390534824296886
              ],
              [
                -4.295690908944829,
                53.3646060255111
              ],
              [
                -4.276359123019987,
                53.371045137237225
              ],
              [
                -4.279995185369129,
                53.376073404303256
              ],
              [
                -4.264781237328794,
                53.36080038102304
              ],
              [
                -4.230068661302864,
                53.357732211909955
              ],
              [
                -4.233846431704197,
                53.34060637604163
              ],
              [
                -4.219099586483495,
                53.319007537289544
              ],
              [
                -4.2042669959669805,
                53.31379837664625
              ],
              [
                -4.21450874662154,
                53.29878308733982
              ],
              [
                -4.20408640510538,
                53.29223326165874
              ],
              [
                -4.143355494742549,
                53.30529794543652
              ],
              [
                -4.119697700106443,
                53.319170571741765
              ],
              [
                -4.040163587455697,
                53.3105874507362
              ],
              [
                -4.100692465317295,
                53.25472169576334
              ],
              [
                -4.159234395670455,
                53.233878070243094
              ],
              [
                -4.162630890791187,
                53.22367504032371
              ],
              [
                -4.170839870164099,
                53.22514405483177
              ],
              [
                -4.20277692009397,
                53.21573793343237
              ],
              [
                -4.218534402784163,
                53.18560517367409
              ],
              [
                -4.317675852007307,
                53.144138525575464
              ],
              [
                -4.318602924440194,
                53.14996462171764
              ],
              [
                -4.334415609622907,
                53.14894526970624
              ],
              [
                -4.330921380591428,
                53.1656021627391
              ],
              [
                -4.340123240516844,
                53.148572455682995
              ],
              [
                -4.3361929882253785,
                53.147525779832606
              ],
              [
                -4.337564642887544,
                53.14276956394174
              ],
              [
                -4.355020879460471,
                53.1344054073413
              ],
              [
                -4.328733846981236,
                53.1265879734507
              ]
            ]
          ],
          [
            [
              [
                -4.801655050931998,
                52.7450680506776
              ],
              [
                -4.7934331387910305,
                52.76848046964866
              ],
              [
                -4.779892507361681,
                52.76608307170947
              ],
              [
                -4.78022489600586,
                52.75897131530892
              ],
              [
                -4.801655050931998,
                52.7450680506776
              ]
            ]
          ],
          [
            [
              [
                -4.064380163521346,
                52.54138850796179
              ],
              [
                -4.126517253361928,
                52.60739116592935
              ],
              [
                -4.128603151678028,
                52.61172349745992
              ],
              [
                -4.095002656399951,
                52.668374483785016
              ],
              [
                -4.057305474688953,
                52.68730518346716
              ],
              [
                -4.049832059344067,
                52.71537917511412
              ],
              [
                -4.0514332462112534,
                52.70375290846321
              ],
              [
                -4.016242047036295,
                52.720603696498635
              ],
              [
                -4.0114999095707855,
                52.71312277529807
              ],
              [
                -3.989167319339142,
                52.73606713635406
              ],
              [
                -4.023207598210634,
                52.73608451607231
              ],
              [
                -4.0362382463466195,
                52.721053101022
              ],
              [
                -4.058933282100179,
                52.71780188619545
              ],
              [
                -4.150599052104795,
                52.80826218961461
              ],
              [
                -4.132683805870222,
                52.82601039354643
              ],
              [
                -4.139616098670444,
                52.81544689485864
              ],
              [
                -4.118685912022444,
                52.83027118675232
              ],
              [
                -4.1079252320976005,
                52.82663263837991
              ],
              [
                -4.114899412091482,
                52.83208300260084
              ],
              [
                -4.129345507776056,
                52.82695147681649
              ],
              [
                -4.118967393518539,
                52.847942598997015
              ],
              [
                -4.145255344986009,
                52.89372937098449
              ],
              [
                -4.086481076622131,
                52.90195149951657
              ],
              [
                -4.082963788997529,
                52.90023304551671
              ],
              [
                -4.068627150272945,
                52.90952851436244
              ],
              [
                -4.085558354952936,
                52.90317249385458
              ],
              [
                -4.073791551182191,
                52.9152106003179
              ],
              [
                -4.07185531523838,
                52.917024591149506
              ],
              [
                -4.059073960865879,
                52.915997142982405
              ],
              [
                -4.047657894469831,
                52.92686665650589
              ],
              [
                -4.076769225320499,
                52.922728902203545
              ],
              [
                -4.103532215822132,
                52.90892435205165
              ],
              [
                -4.1191919603299505,
                52.91896756290605
              ],
              [
                -4.1104047442035165,
                52.91996918247994
              ],
              [
                -4.128632523541126,
                52.921891628818784
              ],
              [
                -4.126635570940506,
                52.92910219342024
              ],
              [
                -4.152065276090035,
                52.90634643811894
              ],
              [
                -4.2191020380517275,
                52.919093797338
              ],
              [
                -4.261277944810483,
                52.91088047230778
              ],
              [
                -4.284720091164042,
                52.917139219049226
              ],
              [
                -4.263835288713649,
                52.91057999206716
              ],
              [
                -4.316309530989087,
                52.9086778553833
              ],
              [
                -4.326655778184037,
                52.89194052114828
              ],
              [
                -4.387199643035034,
                52.895845688143226
              ],
              [
                -4.4032946464107745,
                52.88416472965134
              ],
              [
                -4.407385145591633,
                52.89172461096598
              ],
              [
                -4.415125748898487,
                52.885219390711136
              ],
              [
                -4.397066396812403,
                52.88227656869577
              ],
              [
                -4.442517720855635,
                52.87564039938932
              ],
              [
                -4.476506158240697,
                52.85765417708119
              ],
              [
                -4.470331567935281,
                52.847811133305534
              ],
              [
                -4.506159709535687,
                52.82495815114294
              ],
              [
                -4.497381736653574,
                52.8256468010671
              ],
              [
                -4.499863847983047,
                52.81225976824809
              ],
              [
                -4.483147735516342,
                52.80512077213606
              ],
              [
                -4.486520168332307,
                52.7947995349264
              ],
              [
                -4.514850269541575,
                52.792952318618305
              ],
              [
                -4.5280270853574995,
                52.77769176405473
              ],
              [
                -4.542566650488748,
                52.786471667633
              ],
              [
                -4.536176305186208,
                52.8002671178281
              ],
              [
                -4.601473973467234,
                52.824929421285184
              ],
              [
                -4.644007569149614,
                52.79981845730657
              ],
              [
                -4.661306974464355,
                52.80613959603689
              ],
              [
                -4.688443793871215,
                52.793837791068775
              ],
              [
                -4.720897788503114,
                52.802809144348096
              ],
              [
                -4.732327701779749,
                52.78183726185021
              ],
              [
                -4.767763897578177,
                52.79595156036044
              ],
              [
                -4.722543942765479,
                52.83625821484866
              ],
              [
                -4.726163322281719,
                52.85349397717737
              ],
              [
                -4.696065268589195,
                52.85944205029856
              ],
              [
                -4.649769312189085,
                52.9061729805585
              ],
              [
                -4.632161840076461,
                52.90595321514978
              ],
              [
                -4.6151500239113235,
                52.92375536037707
              ],
              [
                -4.57057792234995,
                52.93887262538401
              ],
              [
                -4.567444292453629,
                52.9485345726147
              ],
              [
                -4.560076227969428,
                52.93771474126762
              ],
              [
                -4.5195963596907704,
                52.9403068174628
              ],
              [
                -4.47158493147777,
                52.96672567642571
              ],
              [
                -4.437090934125541,
                52.99869246743505
              ],
              [
                -4.4101518922604335,
                52.99801002791708
              ],
              [
                -4.353854100826974,
                53.03317919574416
              ],
              [
                -4.336397646974498,
                53.07911764734531
              ],
              [
                -4.34659705678971,
                53.1142609468056
              ],
              [
                -4.3375891679172245,
                53.12257517322235
              ],
              [
                -4.319609174261174,
                53.1214704605648
              ],
              [
                -4.333834758551568,
                53.11397248583799
              ],
              [
                -4.319334846239872,
                53.092785352137106
              ],
              [
                -4.305832576212941,
                53.10785606956811
              ],
              [
                -4.313774260331504,
                53.106613981092934
              ],
              [
                -4.311874755899937,
                53.127177424155654
              ],
              [
                -4.283139752862327,
                53.13947436235787
              ],
              [
                -4.2736214298667266,
                53.1327964807961
              ],
              [
                -4.2776942720979,
                53.14337287079262
              ],
              [
                -4.243637060702947,
                53.170443837417075
              ],
              [
                -4.21210764927884,
                53.18317135346026
              ],
              [
                -4.199320762429915,
                53.20996682350761
              ],
              [
                -4.164961745572972,
                53.22206833394707
              ],
              [
                -4.162930759479709,
                53.222788514134805
              ],
              [
                -4.12238019700425,
                53.23705761408127
              ],
              [
                -4.114473158025843,
                53.231390306353596
              ],
              [
                -4.113244763040297,
                53.23686935739055
              ],
              [
                -4.106262812260705,
                53.232317909200596
              ],
              [
                -4.09108738961668,
                53.236684881136895
              ],
              [
                -4.085574855673357,
                53.22563328006286
              ],
              [
                -4.0073942699646,
                53.246907822039326
              ],
              [
                -3.9834834316096113,
                53.25945410120276
              ],
              [
                -3.8415811142102885,
                53.29547976088442
              ],
              [
                -3.8229484595587278,
                53.28042011246379
              ],
              [
                -3.8445136090926533,
                53.31895234275881
              ],
              [
                -3.8789693195243014,
                53.33944220697698
              ],
              [
                -3.833004569115468,
                53.33800873971447
              ],
              [
                -3.818807941539152,
                53.32277229959233
              ],
              [
                -3.7751338491887836,
                53.328284839004255
              ],
              [
                -3.7648774855886047,
                53.318826838240305
              ],
              [
                -3.73911844250365,
                53.31411695668828
              ],
              [
                -3.732120884167354,
                53.30034742147255
              ],
              [
                -3.70690070776951,
                53.29372597287358
              ],
              [
                -3.605813647558054,
                53.29082405420276
              ],
              [
                -3.5114623554144684,
                53.31680568263382
              ],
              [
                -3.508645075896174,
                53.313542175741674
              ],
              [
                -3.5061872201919697,
                53.31066960602714
              ],
              [
                -3.503924165139098,
                53.31717065481252
              ],
              [
                -3.503753894441729,
                53.31745147813001
              ],
              [
                -3.480562716877345,
                53.32836722377487
              ],
              [
                -3.3634432103788137,
                53.352038971957164
              ],
              [
                -3.310846901424252,
                53.35555886684311
              ],
              [
                -3.3124528521253773,
                53.34229996113132
              ],
              [
                -3.2983379063097327,
                53.332062744634534
              ],
              [
                -3.273219964130589,
                53.320647359584186
              ],
              [
                -3.261491488623228,
                53.32612958645594
              ],
              [
                -3.258282600209837,
                53.31454031529201
              ],
              [
                -3.201224357339869,
                53.29359927598912
              ],
              [
                -3.1089549530624874,
                53.240899147453476
              ],
              [
                -3.066160884007354,
                53.22712256101769
              ],
              [
                -3.0946543933781836,
                53.24480682958239
              ],
              [
                -3.0849472979120263,
                53.240221169054436
              ],
              [
                -3.0893321561053058,
                53.244720749001694
              ],
              [
                -3.0810440708958695,
                53.244688333846675
              ],
              [
                -3.077023347495339,
                53.242720130182896
              ],
              [
                -3.0721938063380967,
                53.235356532440335
              ],
              [
                -3.07516862613145,
                53.24106487521979
              ],
              [
                -3.0592801480787117,
                53.24572871856157
              ],
              [
                -3.0738280518309162,
                53.241984873815866
              ],
              [
                -3.1093717210735625,
                53.25758832965958
              ],
              [
                -3.0856022039284983,
                53.256620575327425
              ],
              [
                -3.0826525503556597,
                53.255568692195936
              ],
              [
                -3.0823199001619623,
                53.255454852808285
              ],
              [
                -3.025472545423288,
                53.24829862594158
              ],
              [
                -2.949522025908014,
                53.211263214532664
              ],
              [
                -2.9203591376985236,
                53.18293337364342
              ],
              [
                -2.9204628550380742,
                53.18218646763311
              ],
              [
                -2.9440477733908472,
                53.16522796429885
              ],
              [
                -2.9950985774514787,
                53.15417802664481
              ],
              [
                -2.9795095562711214,
                53.15060367747671
              ],
              [
                -2.963827509387497,
                53.13274403898664
              ],
              [
                -2.910236370191309,
                53.11262527286583
              ],
              [
                -2.8811078331519737,
                53.1215910160275
              ],
              [
                -2.902081173024338,
                53.09202091035819
              ],
              [
                -2.8757354164391993,
                53.0815024142696
              ],
              [
                -2.8816509266903942,
                53.0743751334798
              ],
              [
                -2.861479718689916,
                53.06064333483482
              ],
              [
                -2.8725552022468963,
                53.058602941964125
              ],
              [
                -2.859248322137187,
                53.05424107068179
              ],
              [
                -2.8701244287907097,
                53.04534344271804
              ],
              [
                -2.8557186628069293,
                53.03724064187955
              ],
              [
                -2.8610541003522143,
                53.02283707939141
              ],
              [
                -2.8440762581589265,
                53.01765504145937
              ],
              [
                -2.8360024921628706,
                52.9971352992448
              ],
              [
                -2.8033209382577007,
                52.989575765186494
              ],
              [
                -2.7682868496363513,
                52.99484138749533
              ],
              [
                -2.759944329628756,
                52.9864090138168
              ],
              [
                -2.7268520474760973,
                52.98326290108233
              ],
              [
                -2.735309420520308,
                52.96993354346548
              ],
              [
                -2.724180390637782,
                52.95711104464657
              ],
              [
                -2.728453700671589,
                52.925289238309006
              ],
              [
                -2.755336130461384,
                52.92461796573427
              ],
              [
                -2.7988639470443832,
                52.89574653363644
              ],
              [
                -2.841022115798376,
                52.94260570038568
              ],
              [
                -2.8835449134864444,
                52.94662111012058
              ],
              [
                -2.8874457640696116,
                52.952516147330876
              ],
              [
                -2.9289000730088404,
                52.93866107124952
              ],
              [
                -2.9598291355434574,
                52.95115351724495
              ],
              [
                -2.975039809124948,
                52.96897289734196
              ],
              [
                -2.9820247013759555,
                52.95917967899038
              ],
              [
                -3.009659646292671,
                52.95618831621304
              ],
              [
                -3.035086861034882,
                52.92946808562307
              ],
              [
                -3.0765237456374352,
                52.92546802619674
              ],
              [
                -3.095968368110399,
                52.9302705532008
              ],
              [
                -3.114168024329937,
                52.89396244498958
              ],
              [
                -3.1475132474045293,
                52.89015690698717
              ],
              [
                -3.174382758876421,
                52.90156305896046
              ],
              [
                -3.205369989299848,
                52.89311681517705
              ],
              [
                -3.2330051664796042,
                52.86699612628536
              ],
              [
                -3.261813634029482,
                52.86659458112045
              ],
              [
                -3.345659715303891,
                52.89252710714055
              ],
              [
                -3.3750147125985444,
                52.892442588448844
              ],
              [
                -3.3888351464879616,
                52.876054721130565
              ],
              [
                -3.4672500452343242,
                52.86206693542976
              ],
              [
                -3.4830216628711264,
                52.86544007695528
              ],
              [
                -3.5052940043000484,
                52.84194702186291
              ],
              [
                -3.566677172862704,
                52.8300676364053
              ],
              [
                -3.5681699071355912,
                52.82288262539404
              ],
              [
                -3.586481467012419,
                52.82770081272126
              ],
              [
                -3.5970530976107393,
                52.81403749598472
              ],
              [
                -3.60871834260599,
                52.79401110811566
              ],
              [
                -3.5835100313362886,
                52.738609537963136
              ],
              [
                -3.5992928419296315,
                52.7258649536992
              ],
              [
                -3.602021649502278,
                52.704970081821614
              ],
              [
                -3.6563744605263375,
                52.691357451990825
              ],
              [
                -3.683933045211645,
                52.69384610623783
              ],
              [
                -3.70936817510383,
                52.67106816250943
              ],
              [
                -3.7167544130561643,
                52.67876532841938
              ],
              [
                -3.743910754799784,
                52.681290789143006
              ],
              [
                -3.759351767527947,
                52.669428482849376
              ],
              [
                -3.8080943194609596,
                52.67792830471511
              ],
              [
                -3.840713821024209,
                52.6508849474269
              ],
              [
                -3.8346151774392347,
                52.63304266253042
              ],
              [
                -3.8504496075684824,
                52.62062257423565
              ],
              [
                -3.8418802582909035,
                52.59984315137275
              ],
              [
                -3.875266278768842,
                52.59291748037308
              ],
              [
                -3.8754387153768106,
                52.5834741465671
              ],
              [
                -3.892043378485771,
                52.57693415849421
              ],
              [
                -3.915233937061863,
                52.578395416725584
              ],
              [
                -3.9202047359379333,
                52.57393621135777
              ],
              [
                -3.923085757531531,
                52.56490729234567
              ],
              [
                -3.9062488580652848,
                52.56078298797038
              ],
              [
                -3.9260319762476645,
                52.5607594214972
              ],
              [
                -3.9307348625074416,
                52.55329205854158
              ],
              [
                -3.9369331266614878,
                52.549675225816806
              ],
              [
                -3.9416345563043533,
                52.557942006583
              ],
              [
                -3.939823128534622,
                52.56068704512247
              ],
              [
                -3.9604909850269876,
                52.56065220345406
              ],
              [
                -4.064380163521346,
                52.54138850796179
              ]
            ]
          ]
        ]
      },
      "properties": {
        "name": "North Wales",
        "color": "hsl(164, 70%, 60%)"
      }
    },
    {
      "type": "Feature",
      "id": 41,
      "geometry": {
        "type": "Polygon",
        "coordinates": [
          [
            [
              -3.025944336772769,
              51.95727340030792
            ],
            [
              -3.008124896794378,
              51.92712727355844
            ],
            [
              -2.976661513223893,
              51.9274824608534
            ],
            [
              -2.9718413908887467,
              51.904972602449014
            ],
            [
              -2.8778339360863474,
              51.933808473219045
            ],
            [
              -2.844944251937216,
              51.92201914337617
            ],
            [
              -2.861920405217444,
              51.9140108895418
            ],
            [
              -2.841911859610176,
              51.917716179065835
            ],
            [
              -2.8361116523091665,
              51.90604217952009
            ],
            [
              -2.7684326618415556,
              51.88053740683602
            ],
            [
              -2.7787986073268462,
              51.86584974513669
            ],
            [
              -2.73884581454613,
              51.83660765354625
            ],
            [
              -2.719608305076954,
              51.848909873249056
            ],
            [
              -2.7151300103665665,
              51.84023380255698
            ],
            [
              -2.6973039050740684,
              51.844800418609395
            ],
            [
              -2.6933031451926697,
              51.83383694949232
            ],
            [
              -2.666205298555788,
              51.83562095370235
            ],
            [
              -2.650408532820194,
              51.82611587905524
            ],
            [
              -2.6608791143249144,
              51.82274877864808
            ],
            [
              -2.6595419769141317,
              51.81067222643433
            ],
            [
              -2.678611209471983,
              51.8026065640405
            ],
            [
              -2.6698150196568147,
              51.794268261769105
            ],
            [
              -2.6804534636334747,
              51.76892398052178
            ],
            [
              -2.662700133106052,
              51.754028088650834
            ],
            [
              -2.666956907672155,
              51.746981867555704
            ],
            [
              -2.669530163921147,
              51.742723375984625
            ],
            [
              -2.6879392594659186,
              51.730370972468705
            ],
            [
              -2.6710985872274944,
              51.704888193368035
            ],
            [
              -2.6693962922825216,
              51.70230841324954
            ],
            [
              -2.6803802785893245,
              51.70140013100283
            ],
            [
              -2.6818400252572068,
              51.701283772161915
            ],
            [
              -2.683444182452636,
              51.70114857252535
            ],
            [
              -2.6843546383717305,
              51.70107134189374
            ],
            [
              -2.670691916923757,
              51.68717764804258
            ],
            [
              -2.65759540343108,
              51.67385462681239
            ],
            [
              -2.6871509727474625,
              51.66310260804302
            ],
            [
              -2.6857631857285855,
              51.66215763563151
            ],
            [
              -2.666752318173895,
              51.664200247224514
            ],
            [
              -2.68102153942255,
              51.646765026535526
            ],
            [
              -2.6663541553496035,
              51.64396294367781
            ],
            [
              -2.6632984701837423,
              51.63560926438749
            ],
            [
              -2.6581977321356316,
              51.62162936670745
            ],
            [
              -2.6696945238433405,
              51.60878753126191
            ],
            [
              -2.6955767725272475,
              51.603403995348465
            ],
            [
              -2.7126173833083995,
              51.58235163553067
            ],
            [
              -2.7575377837589503,
              51.57841073504235
            ],
            [
              -2.821635323940226,
              51.55407089666248
            ],
            [
              -2.9048909759384522,
              51.532399909859095
            ],
            [
              -2.922519126994964,
              51.5357873459763
            ],
            [
              -2.914018920975753,
              51.542579642469995
            ],
            [
              -2.9512394418286494,
              51.53509041728754
            ],
            [
              -2.981660672592713,
              51.54513529820625
            ],
            [
              -2.970231020912144,
              51.55558878641437
            ],
            [
              -2.988706757349964,
              51.5495270189604
            ],
            [
              -3.0049149230833825,
              51.56577216904079
            ],
            [
              -2.989312143889928,
              51.54751676873406
            ],
            [
              -2.995315596864544,
              51.53646913802051
            ],
            [
              -3.0827203860163266,
              51.501903849969494
            ],
            [
              -3.0903880160762323,
              51.50987149917628
            ],
            [
              -3.0689157242101746,
              51.520265846108266
            ],
            [
              -3.118888481714116,
              51.545642236638905
            ],
            [
              -3.144484357962788,
              51.55534025823264
            ],
            [
              -3.152569313374519,
              51.55163742378475
            ],
            [
              -3.1637282958236947,
              51.56050108435372
            ],
            [
              -3.2376922779408415,
              51.55260466043443
            ],
            [
              -3.242456914517871,
              51.56548458153662
            ],
            [
              -3.262849596660337,
              51.566237997453406
            ],
            [
              -3.2698468995958496,
              51.58383146249633
            ],
            [
              -3.291385264135297,
              51.592102715400955
            ],
            [
              -3.313907770436428,
              51.64467967514098
            ],
            [
              -3.2961064919400704,
              51.66409290517855
            ],
            [
              -3.285212084559449,
              51.65823313776056
            ],
            [
              -3.284676853558342,
              51.67713060733192
            ],
            [
              -3.2739322618503346,
              51.68233694565469
            ],
            [
              -3.300634044518205,
              51.73630905847277
            ],
            [
              -3.315506756544866,
              51.73180951699909
            ],
            [
              -3.3099527772438115,
              51.73904690066758
            ],
            [
              -3.329037359869238,
              51.75865017799346
            ],
            [
              -3.334465504612634,
              51.79040098385626
            ],
            [
              -3.3100890050315304,
              51.79429876718505
            ],
            [
              -3.3085900210822072,
              51.80613035907783
            ],
            [
              -3.283438215111161,
              51.825487581618965
            ],
            [
              -3.2387770670692624,
              51.81235345581347
            ],
            [
              -3.1573465602026514,
              51.816051413053515
            ],
            [
              -3.120528350609309,
              51.83891340867121
            ],
            [
              -3.1009982450450613,
              51.83204864858502
            ],
            [
              -3.097168165911884,
              51.84642561271128
            ],
            [
              -3.063407647673035,
              51.86331561207253
            ],
            [
              -3.0722439288958956,
              51.87519378813283
            ],
            [
              -3.0400523783612754,
              51.88458189705477
            ],
            [
              -3.049511934047852,
              51.91143556044524
            ],
            [
              -3.078654558179939,
              51.92452399329194
            ],
            [
              -3.090056290637757,
              51.95034950921139
            ],
            [
              -3.0815927398829137,
              51.955390685697495
            ],
            [
              -3.0930944389001147,
              51.96518371090411
            ],
            [
              -3.0673650842354228,
              51.98314124034214
            ],
            [
              -3.025944336772769,
              51.95727340030792
            ]
          ]
        ]
      },
      "properties": {
        "name": "Gwent",
        "color": "hsl(248, 70%, 60%)"
      }
    },
    {
      "type": "Feature",
      "id": 42,
      "geometry": {
        "type": "Polygon",
        "coordinates": [
          [
            [
              -3.4024077012540794,
              51.82630489391112
            ],
            [
              -3.402320635589812,
              51.814158276696965
            ],
            [
              -3.357538746049657,
              51.80696906579355
            ],
            [
              -3.3600486587022034,
              51.79108787483516
            ],
            [
              -3.334465504612634,
              51.79040098385626
            ],
            [
              -3.329037359869238,
              51.75865017799346
            ],
            [
              -3.3099527772438115,
              51.73904690066758
            ],
            [
              -3.315506756544866,
              51.73180951699909
            ],
            [
              -3.300634044518205,
              51.73630905847277
            ],
            [
              -3.2739322618503346,
              51.68233694565469
            ],
            [
              -3.284676853558342,
              51.67713060733192
            ],
            [
              -3.285212084559449,
              51.65823313776056
            ],
            [
              -3.2961064919400704,
              51.66409290517855
            ],
            [
              -3.313907770436428,
              51.64467967514098
            ],
            [
              -3.291385264135297,
              51.592102715400955
            ],
            [
              -3.2698468995958496,
              51.58383146249633
            ],
            [
              -3.262849596660337,
              51.566237997453406
            ],
            [
              -3.242456914517871,
              51.56548458153662
            ],
            [
              -3.2376922779408415,
              51.55260466043443
            ],
            [
              -3.1637282958236947,
              51.56050108435372
            ],
            [
              -3.152569313374519,
              51.55163742378475
            ],
            [
              -3.144484357962788,
              51.55534025823264
            ],
            [
              -3.118888481714116,
              51.545642236638905
            ],
            [
              -3.0689157242101746,
              51.520265846108266
            ],
            [
              -3.0903880160762323,
              51.50987149917628
            ],
            [
              -3.0827203860163266,
              51.501903849969494
            ],
            [
              -3.125449711379595,
              51.48950645097184
            ],
            [
              -3.141761564650353,
              51.51226902387987
            ],
            [
              -3.1235785594956478,
              51.48604454068604
            ],
            [
              -3.164146823593765,
              51.44576061021067
            ],
            [
              -3.164392759736535,
              51.445812119350975
            ],
            [
              -3.165725899777888,
              51.4461765320719
            ],
            [
              -3.169700135459109,
              51.4062934244346
            ],
            [
              -3.1876404538205176,
              51.40008831403029
            ],
            [
              -3.2241567465215972,
              51.40341725955261
            ],
            [
              -3.2608954270328883,
              51.39477296047202
            ],
            [
              -3.265798099251561,
              51.387526408872425
            ],
            [
              -3.3103270568233194,
              51.39275589234331
            ],
            [
              -3.342367820970028,
              51.381063048750576
            ],
            [
              -3.395787633611768,
              51.38273182102506
            ],
            [
              -3.3951845470750674,
              51.39786391907161
            ],
            [
              -3.3965811283909715,
              51.38236267567791
            ],
            [
              -3.405592714502177,
              51.381004985914466
            ],
            [
              -3.415256927686999,
              51.38777670179034
            ],
            [
              -3.558948629794622,
              51.40132978314656
            ],
            [
              -3.5967758624637836,
              51.44102522679764
            ],
            [
              -3.64096343407297,
              51.462275331787254
            ],
            [
              -3.619618905660461,
              51.47661816329274
            ],
            [
              -3.638315299082452,
              51.46992887919034
            ],
            [
              -3.6589115026919283,
              51.48004338473623
            ],
            [
              -3.6798291290828185,
              51.473181122128146
            ],
            [
              -3.698799603930189,
              51.47801543946673
            ],
            [
              -3.6997076561255655,
              51.47300251222516
            ],
            [
              -3.720823341510795,
              51.479681567213866
            ],
            [
              -3.749406581484775,
              51.504050631372046
            ],
            [
              -3.7629939544228073,
              51.53650749704385
            ],
            [
              -3.7892565652031913,
              51.56971430812485
            ],
            [
              -3.7971901764871605,
              51.56927831558754
            ],
            [
              -3.8173907282334376,
              51.574317603719976
            ],
            [
              -3.7979273089067793,
              51.57113743226423
            ],
            [
              -3.8022196435295244,
              51.581880386880314
            ],
            [
              -3.8170249895968635,
              51.579619774585325
            ],
            [
              -3.7907051809734362,
              51.59298235430074
            ],
            [
              -3.811868168369134,
              51.58350328751819
            ],
            [
              -3.8508147665444636,
              51.61446766370493
            ],
            [
              -3.836929736662946,
              51.62366015390836
            ],
            [
              -3.8862290272951605,
              51.61753677297778
            ],
            [
              -3.9269243753996745,
              51.60636351239099
            ],
            [
              -3.9292983693420585,
              51.6167107924455
            ],
            [
              -3.9287269898039656,
              51.61345592491572
            ],
            [
              -3.9287494584628617,
              51.60819496989401
            ],
            [
              -3.9290874549638124,
              51.6134410079843
            ],
            [
              -3.958325613439631,
              51.61218341512727
            ],
            [
              -3.993886882605317,
              51.59869830969541
            ],
            [
              -4.000574905123449,
              51.58003280169208
            ],
            [
              -3.9765154714985615,
              51.568750251303975
            ],
            [
              -3.9808856236331893,
              51.564719807806114
            ],
            [
              -4.010543618063843,
              51.56815402458507
            ],
            [
              -4.0243181460758155,
              51.563151048289484
            ],
            [
              -4.034988213952466,
              51.57010659579261
            ],
            [
              -4.064334567698724,
              51.557255898272004
            ],
            [
              -4.111317777825689,
              51.56994472835865
            ],
            [
              -4.1036991447413955,
              51.57777037779955
            ],
            [
              -4.156424249476214,
              51.56194797454005
            ],
            [
              -4.152576453678814,
              51.540966459658755
            ],
            [
              -4.194792922039774,
              51.54825961726131
            ],
            [
              -4.210769456994323,
              51.53715007732294
            ],
            [
              -4.278796272221491,
              51.561504940180214
            ],
            [
              -4.308147711210943,
              51.56301740019179
            ],
            [
              -4.288992659957533,
              51.57635166235768
            ],
            [
              -4.309182840251327,
              51.60961668861643
            ],
            [
              -4.2796289214748136,
              51.615905071041766
            ],
            [
              -4.245484720765984,
              51.64758869640829
            ],
            [
              -4.230588067066669,
              51.64772884023972
            ],
            [
              -4.242445841858644,
              51.6463518256533
            ],
            [
              -4.23251566297494,
              51.642242554248966
            ],
            [
              -4.245539292035083,
              51.61798322537719
            ],
            [
              -4.232248117121042,
              51.63150122850972
            ],
            [
              -4.233875130809561,
              51.62285514030059
            ],
            [
              -4.228694930147596,
              51.630354725197535
            ],
            [
              -4.22371260144297,
              51.62096180925816
            ],
            [
              -4.225357231909204,
              51.62622740691013
            ],
            [
              -4.222283291935682,
              51.62571011409516
            ],
            [
              -4.205520461750658,
              51.61642202320199
            ],
            [
              -4.212946838154318,
              51.62416890941922
            ],
            [
              -4.220885235412576,
              51.62548478020617
            ],
            [
              -4.224634084074221,
              51.627688960559915
            ],
            [
              -4.219533993260067,
              51.631544517602144
            ],
            [
              -4.208880561901718,
              51.6249289667548
            ],
            [
              -4.217663278293457,
              51.63555469773232
            ],
            [
              -4.186354849786708,
              51.62670867881332
            ],
            [
              -4.197773557817111,
              51.62231375722975
            ],
            [
              -4.187778534445412,
              51.61696096010043
            ],
            [
              -4.19202441871465,
              51.62412990938459
            ],
            [
              -4.165878394200241,
              51.62816747774364
            ],
            [
              -4.173191962411523,
              51.61612587769121
            ],
            [
              -4.1588570915679,
              51.62423212760394
            ],
            [
              -4.164134477291413,
              51.62795684375403
            ],
            [
              -4.1556872291421065,
              51.62654756839704
            ],
            [
              -4.164318407934739,
              51.628178270355235
            ],
            [
              -4.154706183139938,
              51.62779758660025
            ],
            [
              -4.15845433650946,
              51.63431138597793
            ],
            [
              -4.132964171736471,
              51.632493238332216
            ],
            [
              -4.137433900315924,
              51.64211503165482
            ],
            [
              -4.087159548640594,
              51.647974654779055
            ],
            [
              -4.116323092211364,
              51.644718734435706
            ],
            [
              -4.105387419613565,
              51.65264904467705
            ],
            [
              -4.048551082306105,
              51.655695923944
            ],
            [
              -4.081316316433064,
              51.66209784431465
            ],
            [
              -4.062419976797974,
              51.672655842448144
            ],
            [
              -4.077153662274245,
              51.68204511995598
            ],
            [
              -4.069212014287596,
              51.6798292920233
            ],
            [
              -4.051384467537973,
              51.69984466856142
            ],
            [
              -4.053675775421152,
              51.70889602437959
            ],
            [
              -4.0436404791380545,
              51.706229449148566
            ],
            [
              -4.04326052575356,
              51.706469864079445
            ],
            [
              -4.049649352182621,
              51.71204178476965
            ],
            [
              -4.044148763642815,
              51.736111504536815
            ],
            [
              -4.03445283680882,
              51.7356413557618
            ],
            [
              -4.001580857024792,
              51.76260758317345
            ],
            [
              -3.999786868132413,
              51.77414830824425
            ],
            [
              -3.9651818515676727,
              51.7636985505745
            ],
            [
              -3.9364966500263168,
              51.77135058665703
            ],
            [
              -3.918415770926047,
              51.775297980122225
            ],
            [
              -3.88719624596691,
              51.76878955222891
            ],
            [
              -3.882092672866083,
              51.787898827403374
            ],
            [
              -3.8998778124436573,
              51.803627736371894
            ],
            [
              -3.865445518501638,
              51.81033878349168
            ],
            [
              -3.8185717228094984,
              51.802341946157874
            ],
            [
              -3.8066830767751982,
              51.787949142184196
            ],
            [
              -3.7703144209510455,
              51.75451259283402
            ],
            [
              -3.746089720128984,
              51.75339136618054
            ],
            [
              -3.7279088058351295,
              51.77620308305237
            ],
            [
              -3.670362159416792,
              51.78719589519982
            ],
            [
              -3.6034257672460224,
              51.773839972644865
            ],
            [
              -3.5912841047158945,
              51.75460953435868
            ],
            [
              -3.5656329469935186,
              51.76488107861281
            ],
            [
              -3.5598660277403553,
              51.77751034728632
            ],
            [
              -3.5370631458497037,
              51.77619223264246
            ],
            [
              -3.5412041550157656,
              51.784563315369766
            ],
            [
              -3.4763280109563914,
              51.809466821010034
            ],
            [
              -3.4700718016995027,
              51.82849964671932
            ],
            [
              -3.4601257303640147,
              51.83012517061317
            ],
            [
              -3.4442046342512618,
              51.81648365027639
            ],
            [
              -3.417122083164779,
              51.835093114808195
            ],
            [
              -3.4024077012540794,
              51.82630489391112
            ]
          ]
        ]
      },
      "properties": {
        "name": "South Wales",
        "color": "hsl(136, 70%, 60%)"
      }
    },
    {
      "type": "Feature",
      "id": 43,
      "geometry": {
        "type": "MultiPolygon",
        "coordinates": [
          [
            [
              [
                -5.333327131518403,
                51.85374335721682
              ],
              [
                -5.353346891674019,
                51.863760377053765
              ],
              [
                -5.338504862868204,
                51.87912282758203
              ],
              [
                -5.329780781550483,
                51.87768832652169
              ],
              [
                -5.333327131518403,
                51.85374335721682
              ]
            ]
          ],
          [
            [
              [
                -5.293013600556483,
                51.728309316560406
              ],
              [
                -5.310760139049868,
                51.73271220857828
              ],
              [
                -5.313175601153807,
                51.739785775490816
              ],
              [
                -5.29968734370858,
                51.74495076057875
              ],
              [
                -5.269226373048828,
                51.73466769817615
              ],
              [
                -5.280241819031841,
                51.73175201629958
              ],
              [
                -5.281385580927328,
                51.7367390028486
              ],
              [
                -5.293013600556483,
                51.728309316560406
              ]
            ]
          ],
          [
            [
              [
                -5.2881152134615395,
                51.69336778312635
              ],
              [
                -5.273953528933185,
                51.703486826670066
              ],
              [
                -5.2646122789563785,
                51.70182219630013
              ],
              [
                -5.2700655911716145,
                51.69594984970731
              ],
              [
                -5.2881152134615395,
                51.69336778312635
              ]
            ]
          ],
          [
            [
              [
                -4.684031339628402,
                51.62990676294395
              ],
              [
                -4.703449290741196,
                51.632024138342715
              ],
              [
                -4.709488335345642,
                51.64217347257747
              ],
              [
                -4.702179919098969,
                51.64227004389348
              ],
              [
                -4.674650196748964,
                51.637720485767225
              ],
              [
                -4.684031339628402,
                51.62990676294395
              ]
            ]
          ],
          [
            [
              [
                -4.923407385697682,
                51.59719554751694
              ],
              [
                -4.948320476381806,
                51.597003655024565
              ],
              [
                -4.975417605863403,
                51.61033212284288
              ],
              [
                -5.007557242778113,
                51.60855906968662
              ],
              [
                -5.059387157768463,
                51.62059301506434
              ],
              [
                -5.050036760549125,
                51.639940153918715
              ],
              [
                -5.065047973457594,
                51.66338353969674
              ],
              [
                -5.1233497042476275,
                51.6711912264084
              ],
              [
                -5.125644227294321,
                51.68160846751497
              ],
              [
                -5.10497766030236,
                51.69209568768809
              ],
              [
                -5.075538590908386,
                51.687995952673845
              ],
              [
                -5.088105347296093,
                51.684688895692304
              ],
              [
                -5.073866727367161,
                51.677849356066595
              ],
              [
                -5.046516877018437,
                51.67624203392509
              ],
              [
                -5.051160141325873,
                51.69386681256089
              ],
              [
                -5.027531965545138,
                51.69502728075525
              ],
              [
                -5.007467675709917,
                51.68731354139699
              ],
              [
                -4.981236724915148,
                51.689124967513344
              ],
              [
                -4.9734610047568975,
                51.678898188058255
              ],
              [
                -4.9767285325908,
                51.68812413205357
              ],
              [
                -4.943211731015898,
                51.705230332312816
              ],
              [
                -4.9849641952800665,
                51.69936432396485
              ],
              [
                -5.019464552715196,
                51.70666651716714
              ],
              [
                -5.0138655455928625,
                51.71716251829239
              ],
              [
                -5.022646433296949,
                51.707924743157854
              ],
              [
                -5.08494465987908,
                51.70628609212414
              ],
              [
                -5.105108729855686,
                51.72358092945856
              ],
              [
                -5.092996223521232,
                51.7404589021379
              ],
              [
                -5.105226131768545,
                51.73606174684827
              ],
              [
                -5.115886170908108,
                51.710361699851774
              ],
              [
                -5.124553408782743,
                51.71742564320209
              ],
              [
                -5.15650877011157,
                51.71282012869809
              ],
              [
                -5.169969473834481,
                51.73095871083503
              ],
              [
                -5.1684937453957565,
                51.70676785145946
              ],
              [
                -5.1495843758642295,
                51.70235687788398
              ],
              [
                -5.1580945717147,
                51.701714473578576
              ],
              [
                -5.157281490692891,
                51.68796603997145
              ],
              [
                -5.175570785368685,
                51.680295079923695
              ],
              [
                -5.188255483156177,
                51.68990793862307
              ],
              [
                -5.187156387100959,
                51.70885296840965
              ],
              [
                -5.203633501146441,
                51.7117413356862
              ],
              [
                -5.212175018248759,
                51.7229577882251
              ],
              [
                -5.239312500420277,
                51.725558022183705
              ],
              [
                -5.253992971218121,
                51.738176018720985
              ],
              [
                -5.210836955108036,
                51.73390459529793
              ],
              [
                -5.203157297922391,
                51.75556592728738
              ],
              [
                -5.186078380731216,
                51.7536200894593
              ],
              [
                -5.160271125736836,
                51.77211710554949
              ],
              [
                -5.11855529987372,
                51.76824942468278
              ],
              [
                -5.107626090243931,
                51.77416945592405
              ],
              [
                -5.102854480891104,
                51.810038195041805
              ],
              [
                -5.123091554456252,
                51.851909195306334
              ],
              [
                -5.137752912496312,
                51.86390356471738
              ],
              [
                -5.181568166397843,
                51.861034800187745
              ],
              [
                -5.179478080490253,
                51.86723438856648
              ],
              [
                -5.194598061445319,
                51.86717518670239
              ],
              [
                -5.189290187330239,
                51.87387610229738
              ],
              [
                -5.198266215981778,
                51.86727330438307
              ],
              [
                -5.245773146286419,
                51.87349923255837
              ],
              [
                -5.282529587212955,
                51.8702208798538
              ],
              [
                -5.2962489038697464,
                51.860734555272636
              ],
              [
                -5.297527434147843,
                51.86609535046093
              ],
              [
                -5.3197887670354875,
                51.86161001259031
              ],
              [
                -5.307302880405105,
                51.87477014960598
              ],
              [
                -5.316097439011024,
                51.88467709989707
              ],
              [
                -5.295828607187744,
                51.89330613813131
              ],
              [
                -5.30375515404634,
                51.90365207710643
              ],
              [
                -5.314567921958566,
                51.90199856274152
              ],
              [
                -5.305506355361715,
                51.90828894078499
              ],
              [
                -5.259140669564095,
                51.91483601085831
              ],
              [
                -5.236226817910239,
                51.92949092602975
              ],
              [
                -5.210117653132553,
                51.93222122141513
              ],
              [
                -5.19639543397486,
                51.950601248940664
              ],
              [
                -5.154036278508258,
                51.948281999378395
              ],
              [
                -5.146766939455406,
                51.96148205249803
              ],
              [
                -5.1070870727959505,
                51.96116968339496
              ],
              [
                -5.104301548134056,
                51.969310768687066
              ],
              [
                -5.085777717244165,
                51.96822414828212
              ],
              [
                -5.079890381978417,
                51.98534083565497
              ],
              [
                -5.09563973222293,
                51.99361563411526
              ],
              [
                -5.072556631141807,
                52.0039519168055
              ],
              [
                -5.08961730710517,
                52.01531417785382
              ],
              [
                -5.070980619825807,
                52.03029091474972
              ],
              [
                -5.020719699724859,
                52.020340276892966
              ],
              [
                -4.991783292121083,
                52.02601680208257
              ],
              [
                -4.986788256383506,
                52.01604380733513
              ],
              [
                -4.9699494058031375,
                52.01269257399411
              ],
              [
                -4.9826746146572045,
                52.014682158438745
              ],
              [
                -4.993100760396594,
                52.00405681144341
              ],
              [
                -4.98093207566778,
                52.00513909901955
              ],
              [
                -4.989714004130974,
                52.00068933095841
              ],
              [
                -4.969209383986268,
                51.994921888810474
              ],
              [
                -4.971175649591345,
                52.001509553189436
              ],
              [
                -4.919685513276035,
                52.01008288749078
              ],
              [
                -4.910001227968787,
                52.03488387569347
              ],
              [
                -4.878869766474065,
                52.019020431107656
              ],
              [
                -4.8143216861599125,
                52.018512818088844
              ],
              [
                -4.841304240877442,
                52.02474455825853
              ],
              [
                -4.837945890997977,
                52.03340519594961
              ],
              [
                -4.847755241307604,
                52.03770097724406
              ],
              [
                -4.837909865723494,
                52.05032248023069
              ],
              [
                -4.791418209745485,
                52.058448464290485
              ],
              [
                -4.75903572355366,
                52.076757181430416
              ],
              [
                -4.741417505783058,
                52.09862603383192
              ],
              [
                -4.749470930097929,
                52.103969096118576
              ],
              [
                -4.731524857540793,
                52.11785809797976
              ],
              [
                -4.688362915286786,
                52.104129290826414
              ],
              [
                -4.6879870896034435,
                52.108562400122075
              ],
              [
                -4.686205981319311,
                52.12970045161503
              ],
              [
                -4.640754792655084,
                52.13847052881182
              ],
              [
                -4.582791311617606,
                52.13795644819529
              ],
              [
                -4.567224811743225,
                52.14452848178434
              ],
              [
                -4.545564107292746,
                52.13328082382368
              ],
              [
                -4.518596382305285,
                52.13497528205745
              ],
              [
                -4.470968503569608,
                52.160263230817584
              ],
              [
                -4.466897819433613,
                52.1712563811158
              ],
              [
                -4.4544976699825165,
                52.16757647436839
              ],
              [
                -4.428912958574998,
                52.178177845670575
              ],
              [
                -4.377629577886746,
                52.215731858445764
              ],
              [
                -4.362013576736331,
                52.21885117961499
              ],
              [
                -4.350520583021122,
                52.20998060023255
              ],
              [
                -4.3249618461678665,
                52.21359846364541
              ],
              [
                -4.207510167984517,
                52.263647350345934
              ],
              [
                -4.140368460584014,
                52.32248571394997
              ],
              [
                -4.092079819131074,
                52.40680264209864
              ],
              [
                -4.090417490333828,
                52.40709281437773
              ],
              [
                -4.091813453333542,
                52.41391071600526
              ],
              [
                -4.068456854795342,
                52.46905316807593
              ],
              [
                -4.051738305309554,
                52.48153683665089
              ],
              [
                -4.0562731051419245,
                52.53232249937475
              ],
              [
                -4.041523875956165,
                52.526490752533576
              ],
              [
                -4.0391929991048965,
                52.526773715786995
              ],
              [
                -4.001460042698544,
                52.53275886564865
              ],
              [
                -3.985662748150078,
                52.51758698423151
              ],
              [
                -3.997042345468481,
                52.53482957601137
              ],
              [
                -3.966676047668763,
                52.53071667964365
              ],
              [
                -3.984469986226075,
                52.53624592757982
              ],
              [
                -3.9559634451427526,
                52.55538633867002
              ],
              [
                -3.9492341059427765,
                52.55166711146084
              ],
              [
                -3.9416345563043533,
                52.557942006583
              ],
              [
                -3.9369331266614878,
                52.549675225816806
              ],
              [
                -3.9307348625074416,
                52.55329205854158
              ],
              [
                -3.9260319762476645,
                52.5607594214972
              ],
              [
                -3.9062488580652848,
                52.56078298797038
              ],
              [
                -3.923085757531531,
                52.56490729234567
              ],
              [
                -3.9202047359379333,
                52.57393621135777
              ],
              [
                -3.915233937061863,
                52.578395416725584
              ],
              [
                -3.892043378485771,
                52.57693415849421
              ],
              [
                -3.8754387153768106,
                52.5834741465671
              ],
              [
                -3.875266278768842,
                52.59291748037308
              ],
              [
                -3.8418802582909035,
                52.59984315137275
              ],
              [
                -3.8504496075684824,
                52.62062257423565
              ],
              [
                -3.8346151774392347,
                52.63304266253042
              ],
              [
                -3.840713821024209,
                52.6508849474269
              ],
              [
                -3.8080943194609596,
                52.67792830471511
              ],
              [
                -3.759351767527947,
                52.669428482849376
              ],
              [
                -3.743910754799784,
                52.681290789143006
              ],
              [
                -3.7167544130561643,
                52.67876532841938
              ],
              [
                -3.70936817510383,
                52.67106816250943
              ],
              [
                -3.683933045211645,
                52.69384610623783
              ],
              [
                -3.6563744605263375,
                52.691357451990825
              ],
              [
                -3.602021649502278,
                52.704970081821614
              ],
              [
                -3.5992928419296315,
                52.7258649536992
              ],
              [
                -3.5835100313362886,
                52.738609537963136
              ],
              [
                -3.60871834260599,
                52.79401110811566
              ],
              [
                -3.5970530976107393,
                52.81403749598472
              ],
              [
                -3.586481467012419,
                52.82770081272126
              ],
              [
                -3.5681699071355912,
                52.82288262539404
              ],
              [
                -3.566677172862704,
                52.8300676364053
              ],
              [
                -3.5052940043000484,
                52.84194702186291
              ],
              [
                -3.4830216628711264,
                52.86544007695528
              ],
              [
                -3.4672500452343242,
                52.86206693542976
              ],
              [
                -3.3888351464879616,
                52.876054721130565
              ],
              [
                -3.3750147125985444,
                52.892442588448844
              ],
              [
                -3.345659715303891,
                52.89252710714055
              ],
              [
                -3.261813634029482,
                52.86659458112045
              ],
              [
                -3.2330051664796042,
                52.86699612628536
              ],
              [
                -3.205369989299848,
                52.89311681517705
              ],
              [
                -3.174382758876421,
                52.90156305896046
              ],
              [
                -3.1475132474045293,
                52.89015690698717
              ],
              [
                -3.135532108620569,
                52.884995043775724
              ],
              [
                -3.152427397349963,
                52.87873718606363
              ],
              [
                -3.1277257192499,
                52.86708978040021
              ],
              [
                -3.1630179574276163,
                52.84747503686367
              ],
              [
                -3.1512610602488964,
                52.842555295887465
              ],
              [
                -3.1679030836784525,
                52.81925266594053
              ],
              [
                -3.1682060390962725,
                52.807311030080534
              ],
              [
                -3.153197057346846,
                52.80635207126892
              ],
              [
                -3.1608656452037645,
                52.79573207476608
              ],
              [
                -3.118299405456637,
                52.78357294939789
              ],
              [
                -3.0866462724598214,
                52.79558094871504
              ],
              [
                -3.0916877340854967,
                52.78665263140003
              ],
              [
                -3.0795242425519116,
                52.7714990312239
              ],
              [
                -3.047800638333604,
                52.77262852923381
              ],
              [
                -3.0525969497772305,
                52.76867545377723
              ],
              [
                -3.0389866780838553,
                52.77038665563056
              ],
              [
                -3.0350997124219137,
                52.763992849703406
              ],
              [
                -3.0172079751430143,
                52.76765368812945
              ],
              [
                -3.010801622057172,
                52.75854774354531
              ],
              [
                -3.0218197568585503,
                52.75192665646142
              ],
              [
                -2.9920012651202996,
                52.743738279210305
              ],
              [
                -2.991331299358067,
                52.733801029495936
              ],
              [
                -2.9650685801572547,
                52.732255646088475
              ],
              [
                -2.961092535764929,
                52.7164476984948
              ],
              [
                -2.9781074767872906,
                52.715346629899564
              ],
              [
                -2.9776036952374785,
                52.72657921584734
              ],
              [
                -3.0005590008788428,
                52.72026558317125
              ],
              [
                -3.0203628477019917,
                52.72508624280076
              ],
              [
                -3.022493316537554,
                52.70665641766178
              ],
              [
                -3.047063974626545,
                52.69124881985422
              ],
              [
                -3.0385935346123114,
                52.67535703400364
              ],
              [
                -3.0511290041496695,
                52.6473503040464
              ],
              [
                -3.0835707818967855,
                52.64127740273005
              ],
              [
                -3.059816741180153,
                52.630704124086286
              ],
              [
                -3.073204501364757,
                52.628947391585335
              ],
              [
                -3.093636207794335,
                52.609323773517474
              ],
              [
                -3.089567122064263,
                52.59949004477472
              ],
              [
                -3.1174181564791588,
                52.58574518692152
              ],
              [
                -3.139513234595359,
                52.58570543705197
              ],
              [
                -3.1114980149098415,
                52.54135301072008
              ],
              [
                -3.1370542696926105,
                52.53403487399176
              ],
              [
                -3.1330664677941207,
                52.52745623165421
              ],
              [
                -3.0854212259223055,
                52.53449268707611
              ],
              [
                -3.0872817347892316,
                52.55131440706679
              ],
              [
                -3.014243658073896,
                52.575481083017976
              ],
              [
                -2.9941801613970966,
                52.55289709927368
              ],
              [
                -3.0038823325883524,
                52.51982107832585
              ],
              [
                -3.0323886575903454,
                52.52372034050508
              ],
              [
                -3.029210399498022,
                52.50125433630042
              ],
              [
                -3.1110313150856674,
                52.498923018541916
              ],
              [
                -3.1802170899770124,
                52.47392497042906
              ],
              [
                -3.1972482222413166,
                52.47597445910177
              ],
              [
                -3.23554856256218,
                52.442486473123836
              ],
              [
                -3.219543031957032,
                52.42123713101
              ],
              [
                -3.1788460213638925,
                52.40938682753729
              ],
              [
                -3.154448810738447,
                52.38769965756749
              ],
              [
                -3.1106166693180515,
                52.37717818315843
              ],
              [
                -3.060665563898113,
                52.34822903310958
              ],
              [
                -3.0401818035847072,
                52.344311461724295
              ],
              [
                -2.9745135253469694,
                52.354688978101294
              ],
              [
                -2.9546600862212427,
                52.34914210426266
              ],
              [
                -2.9668117609457427,
                52.32943502210579
              ],
              [
                -3.000874170676168,
                52.32175211948857
              ],
              [
                -3.012622594452983,
                52.27916248126194
              ],
              [
                -2.949634861270423,
                52.26945458494837
              ],
              [
                -2.9771905078767524,
                52.25967270708981
              ],
              [
                -3.00577679093617,
                52.264251605461475
              ],
              [
                -3.0358751440280796,
                52.25674487878481
              ],
              [
                -3.048320943100664,
                52.25022465735098
              ],
              [
                -3.0442232715918833,
                52.23791675795321
              ],
              [
                -3.0730527908644567,
                52.235869024363225
              ],
              [
                -3.07209352798539,
                52.213077224112865
              ],
              [
                -3.1020903041972647,
                52.20271321638671
              ],
              [
                -3.0946585028961366,
                52.18373088682056
              ],
              [
                -3.122434906967124,
                52.16341128322151
              ],
              [
                -3.0989018288122328,
                52.15472294388091
              ],
              [
                -3.0825423197293387,
                52.16303792559329
              ],
              [
                -3.0725428666707253,
                52.15576578167549
              ],
              [
                -3.0936910205037114,
                52.14429702015879
              ],
              [
                -3.1358790793416214,
                52.13790127496373
              ],
              [
                -3.141919974584497,
                52.127863000968155
              ],
              [
                -3.104991564865261,
                52.11671547383914
              ],
              [
                -3.105470595556358,
                52.105382407992664
              ],
              [
                -3.1227168402047294,
                52.103151502371226
              ],
              [
                -3.1259017796601714,
                52.078306027040156
              ],
              [
                -3.090582200541814,
                52.050505331677606
              ],
              [
                -3.0862923904286585,
                52.04018730782858
              ],
              [
                -3.0992033568160084,
                52.02267887838698
              ],
              [
                -3.0673650842354228,
                51.98314124034214
              ],
              [
                -3.0930944389001147,
                51.96518371090411
              ],
              [
                -3.0815927398829137,
                51.955390685697495
              ],
              [
                -3.090056290637757,
                51.95034950921139
              ],
              [
                -3.078654558179939,
                51.92452399329194
              ],
              [
                -3.049511934047852,
                51.91143556044524
              ],
              [
                -3.0400523783612754,
                51.88458189705477
              ],
              [
                -3.0722439288958956,
                51.87519378813283
              ],
              [
                -3.063407647673035,
                51.86331561207253
              ],
              [
                -3.097168165911884,
                51.84642561271128
              ],
              [
                -3.1009982450450613,
                51.83204864858502
              ],
              [
                -3.120528350609309,
                51.83891340867121
              ],
              [
                -3.1573465602026514,
                51.816051413053515
              ],
              [
                -3.2387770670692624,
                51.81235345581347
              ],
              [
                -3.283438215111161,
                51.825487581618965
              ],
              [
                -3.3085900210822072,
                51.80613035907783
              ],
              [
                -3.3100890050315304,
                51.79429876718505
              ],
              [
                -3.334465504612634,
                51.79040098385626
              ],
              [
                -3.3600486587022034,
                51.79108787483516
              ],
              [
                -3.357538746049657,
                51.80696906579355
              ],
              [
                -3.402320635589812,
                51.814158276696965
              ],
              [
                -3.4024077012540794,
                51.82630489391112
              ],
              [
                -3.417122083164779,
                51.835093114808195
              ],
              [
                -3.4442046342512618,
                51.81648365027639
              ],
              [
                -3.4601257303640147,
                51.83012517061317
              ],
              [
                -3.4700718016995027,
                51.82849964671932
              ],
              [
                -3.4763280109563914,
                51.809466821010034
              ],
              [
                -3.5412041550157656,
                51.784563315369766
              ],
              [
                -3.5370631458497037,
                51.77619223264246
              ],
              [
                -3.5598660277403553,
                51.77751034728632
              ],
              [
                -3.5656329469935186,
                51.76488107861281
              ],
              [
                -3.5912841047158945,
                51.75460953435868
              ],
              [
                -3.6034257672460224,
                51.773839972644865
              ],
              [
                -3.670362159416792,
                51.78719589519982
              ],
              [
                -3.7279088058351295,
                51.77620308305237
              ],
              [
                -3.746089720128984,
                51.75339136618054
              ],
              [
                -3.7703144209510455,
                51.75451259283402
              ],
              [
                -3.8066830767751982,
                51.787949142184196
              ],
              [
                -3.8185717228094984,
                51.802341946157874
              ],
              [
                -3.865445518501638,
                51.81033878349168
              ],
              [
                -3.8998778124436573,
                51.803627736371894
              ],
              [
                -3.882092672866083,
                51.787898827403374
              ],
              [
                -3.88719624596691,
                51.76878955222891
              ],
              [
                -3.918415770926047,
                51.775297980122225
              ],
              [
                -3.9364966500263168,
                51.77135058665703
              ],
              [
                -3.9651818515676727,
                51.7636985505745
              ],
              [
                -3.999786868132413,
                51.77414830824425
              ],
              [
                -4.001580857024792,
                51.76260758317345
              ],
              [
                -4.03445283680882,
                51.7356413557618
              ],
              [
                -4.044148763642815,
                51.736111504536815
              ],
              [
                -4.049649352182621,
                51.71204178476965
              ],
              [
                -4.043993370745931,
                51.70667293156253
              ],
              [
                -4.056302464976552,
                51.71319343282681
              ],
              [
                -4.053212309395936,
                51.700900817770446
              ],
              [
                -4.071767956168303,
                51.69905520967011
              ],
              [
                -4.067318447914593,
                51.69065367889551
              ],
              [
                -4.081629826826958,
                51.68880018768213
              ],
              [
                -4.0804782760177565,
                51.669684442817776
              ],
              [
                -4.081339439981101,
                51.67490285181859
              ],
              [
                -4.089638723940991,
                51.6716979666315
              ],
              [
                -4.081673221228248,
                51.66389003176246
              ],
              [
                -4.12941663408598,
                51.65793494953684
              ],
              [
                -4.1331928365369635,
                51.6653752526557
              ],
              [
                -4.146150346165489,
                51.65468062915849
              ],
              [
                -4.1675904183685,
                51.66406176227557
              ],
              [
                -4.1685783268950765,
                51.680805873979416
              ],
              [
                -4.170056173348748,
                51.6654280629366
              ],
              [
                -4.182316872438218,
                51.68072219048735
              ],
              [
                -4.215421818770596,
                51.68530901001923
              ],
              [
                -4.2890732286557265,
                51.67694477356758
              ],
              [
                -4.264185363623869,
                51.673299672690234
              ],
              [
                -4.291222024081717,
                51.66764921269313
              ],
              [
                -4.348306782228976,
                51.69510071364446
              ],
              [
                -4.379901901286456,
                51.732135973977854
              ],
              [
                -4.3605290589586705,
                51.73028768184494
              ],
              [
                -4.362972700715863,
                51.72466295513997
              ],
              [
                -4.357500256957256,
                51.729692033538456
              ],
              [
                -4.356574370391026,
                51.724144021733125
              ],
              [
                -4.356192972929704,
                51.72182251686783
              ],
              [
                -4.335422606979464,
                51.72309168940008
              ],
              [
                -4.336452102483881,
                51.717504634992984
              ],
              [
                -4.3238323758174895,
                51.72409496687401
              ],
              [
                -4.322477225595116,
                51.71658577426379
              ],
              [
                -4.321761144363483,
                51.724648520448426
              ],
              [
                -4.314836797475213,
                51.7192096449112
              ],
              [
                -4.314994212894898,
                51.72625691516097
              ],
              [
                -4.309767720557405,
                51.72144973616981
              ],
              [
                -4.30192603363164,
                51.726127069192536
              ],
              [
                -4.32500022594188,
                51.731895617151494
              ],
              [
                -4.29544086728302,
                51.74188344007259
              ],
              [
                -4.32170077083863,
                51.73448786306918
              ],
              [
                -4.365532639232601,
                51.737911903485426
              ],
              [
                -4.376031395892685,
                51.75386920876426
              ],
              [
                -4.366109548758928,
                51.78718109040726
              ],
              [
                -4.323998550115174,
                51.801519551945326
              ],
              [
                -4.3264553882208645,
                51.80134504645403
              ],
              [
                -4.363450197406716,
                51.79649719721536
              ],
              [
                -4.403814989007526,
                51.75726985928395
              ],
              [
                -4.448866610483963,
                51.770107623932155
              ],
              [
                -4.462727921655261,
                51.76911643713301
              ],
              [
                -4.458966604512947,
                51.760454034978416
              ],
              [
                -4.417766792376384,
                51.74528373664922
              ],
              [
                -4.42363645183556,
                51.74072924730531
              ],
              [
                -4.463196771844796,
                51.731677686814535
              ],
              [
                -4.559004090970675,
                51.741976896459136
              ],
              [
                -4.578672202220478,
                51.73427122535266
              ],
              [
                -4.6328379750127375,
                51.73519185943699
              ],
              [
                -4.676250478633294,
                51.7271507970911
              ],
              [
                -4.696549356781167,
                51.71271963168311
              ],
              [
                -4.680217419988378,
                51.69727412961053
              ],
              [
                -4.697176408173916,
                51.686282441719726
              ],
              [
                -4.701844715753034,
                51.67453751167354
              ],
              [
                -4.6933305030417225,
                51.67195419556898
              ],
              [
                -4.714253639909188,
                51.65878235456153
              ],
              [
                -4.711115163689023,
                51.651750001130445
              ],
              [
                -4.756832841711177,
                51.65367980529513
              ],
              [
                -4.755912616112495,
                51.643997300125406
              ],
              [
                -4.777095304543228,
                51.64242765505849
              ],
              [
                -4.781160126671261,
                51.63492059322435
              ],
              [
                -4.8128512556860485,
                51.64512850226933
              ],
              [
                -4.860767551168699,
                51.64709993778592
              ],
              [
                -4.861743063601109,
                51.638720894904175
              ],
              [
                -4.898629105096696,
                51.62714868193363
              ],
              [
                -4.896401975582025,
                51.61011526142672
              ],
              [
                -4.9229643624351045,
                51.61142606010171
              ],
              [
                -4.923407385697682,
                51.59719554751694
              ]
            ]
          ]
        ]
      },
      "properties": {
        "name": "Dyfed-Powys",
        "color": "hsl(69, 70%, 60%)"
      }
    }
  ]
}